
**************************************************************
 Geant4 version Name: geant4-11-04-patch-02 [MT]   (12-June-2026)
                       Copyright : Geant4 Collaboration
                      References : NIM A 506 (2003), 250-303
                                 : IEEE-TNS 53 (2006), 270-278
                                 : NIM A 835 (2016), 186-225
                             WWW : http://geant4.org/
**************************************************************

Checking overlaps for volume Crystal:0 (G4Tubs) ... OK! 
Checking overlaps for volume Coupling:0 (G4Tubs) ... OK! 
Checking overlaps for volume Photodetector:0 (G4Tubs) ... OK! 
G4OpticalSurface: data file /opt/geant4/share/Geant4/data/RealSurface2.2/PolishedTeflon.z successfully read in.
LUT - data file: PolishedTeflon.z read in! 
[geometry] crystal=cylinder d=76.2mm L=76.2mm surface=polished/teflon/air reflectivity=0.99 (polishedteflonair, model=lut) coupling=grease n=1.465 readout=76.2mm
[material] materials/variants/NaI_Tl_abs_measured.dat
### Birks coefficients used in run time
=======================================================================
======                 Electromagnetic Physics Parameters      ========
=======================================================================
LPM effect enabled                                 1
Enable creation and use of sampling tables         0
Apply cuts on all EM processes                     0
Use combined TransportationWithMsc                 Disabled
Use general process                                1
Enable linear polarisation for gamma               0
Enable photoeffect sampling below K-shell          1
Enable sampling of quantum entanglement            0
X-section factor for integral approach             0.8
Min kinetic energy for tables                      100 eV 
Max kinetic energy for tables                      100 TeV
Number of bins per decade of a table               20
Verbose level                                      1
Verbose level for worker thread                    0
Bremsstrahlung energy threshold above which 
  primary e+- is added to the list of secondary    100 TeV
Bremsstrahlung energy threshold above which primary
  muon/hadron is added to the list of secondary    100 TeV
Positron annihilation at rest model                AllisonPositronium
Enable 3 gamma annihilation on fly                 1
Lowest triplet kinetic energy                      1 MeV
Enable sampling of gamma linear polarisation       0
5D gamma conversion model type                     0
5D gamma conversion model on isolated ion          0
Use RiGe 5D e+e- pair production model by muons    0
Livermore data directory                           epics_2017
=======================================================================
======                 Ionisation Parameters                   ========
=======================================================================
Step function for e+-                              (0.2, 0.01 mm)
Step function for muons/hadrons                    (0.1, 0.05 mm)
Step function for light ions                       (0.1, 0.02 mm)
Step function for general ions                     (0.1, 0.001 mm)
Lowest e+e- kinetic energy                         100 eV 
Lowest muon/hadron kinetic energy                  1 keV
Use ICRU90 data                                    1
Fluctuations of dE/dx are enabled                  1
Type of fluctuation model for leptons and hadrons  Urban
Use built-in Birks saturation                      1
Build CSDA range enabled                           0
Use cut as a final range enabled                   0
Enable angular generator interface                 1
Max kinetic energy for CSDA tables                 1 GeV
Max kinetic energy for NIEL computation            1 MeV
Linear loss limit                                  0.01
Read data from file for e+e- pair production by mu 0
=======================================================================
======                 Multiple Scattering Parameters          ========
=======================================================================
Type of msc step limit algorithm for e+-           2
Type of msc step limit algorithm for muons/hadrons 0
Msc lateral displacement for e+- enabled           1
Msc lateral displacement for muons and hadrons     1
Urban msc model lateral displacement alg96         1
Range factor for msc step limit for e+-            0.08
Range factor for msc step limit for muons/hadrons  0.2
Geometry factor for msc step limitation of e+-     2.5
Safety factor for msc step limit for e+-           0.6
Skin parameter for msc step limitation of e+-      3
Lambda limit for msc step limit for e+-            1 mm
Use Mott correction for e- scattering              1
Factor used for dynamic computation of angular 
  limit between single and multiple scattering     1
Fixed angular limit between single 
  and multiple scattering                          3.1416 rad
Upper energy limit for e+- multiple scattering     100 MeV
Type of electron single scattering model           0
Type of nuclear form-factor                        1
Screening factor                                   1
=======================================================================
======                 Atomic Deexcitation Parameters          ========
=======================================================================
Fluorescence enabled                               1
Directory in G4LEDATA for fluorescence data files  fluor
Auger electron cascade enabled                     0
PIXE atomic de-excitation enabled                  0
De-excitation module ignores cuts                  0
Type of PIXE cross section for hadrons             Empirical
Type of PIXE cross section for e+-                 Livermore
=======================================================================

### ===  Deexcitation model UAtomDeexcitation is activated for 1 region:
          DefaultRegionForTheWorld  1  0  0
### ===  Ignore cuts flag:   0

phot:  for gamma SubType=12 BuildTable=0
      LambdaPrime table from 200 keV to 100 TeV in 174 bins 
      ===== EM models for the G4Region  DefaultRegionForTheWorld ======
 LivermorePhElectric : Emin=    0 eV  Emax=  100 TeV  SauterGavrila Fluo

compt:  for gamma SubType=13 BuildTable=1
      Lambda table from 100 eV  to 1 MeV, 20 bins/decade, spline: 1
      LambdaPrime table from 1 MeV to 100 TeV in 160 bins 
      ===== EM models for the G4Region  DefaultRegionForTheWorld ======
   LowEPComptonModel : Emin=    0 eV  Emax=   20 MeV Fluo
        KleinNishina : Emin=   20 MeV Emax=  100 TeV Fluo

conv:  for gamma SubType=14 BuildTable=1
      Lambda table from 1.022 MeV to 100 TeV, 20 bins/decade, spline: 1
      ===== EM models for the G4Region  DefaultRegionForTheWorld ======
      BetheHeitler5D : Emin=    0 eV  Emax=  100 TeV  ModifiedTsai

Rayl:  for gamma SubType=11 BuildTable=1
      Lambda table from 100 eV  to 150 keV, 20 bins/decade, spline: 0
      LambdaPrime table from 150 keV to 100 TeV in 176 bins 
      ===== EM models for the G4Region  DefaultRegionForTheWorld ======
   LivermoreRayleigh : Emin=    0 eV  Emax=  100 TeV  CullenGenerator

msc:  for e-  SubType= 10
      ===== EM models for the G4Region  DefaultRegionForTheWorld ======
  GoudsmitSaunderson : Emin=    0 eV  Emax=  100 MeV Nbins=120 100 eV  - 100 MeV
          StepLim=SafetyPlus Rfact=0.08 Gfact=2.5 Sfact=0.6 DispFlag:1 Skin=3 Llim=1 mm
        WentzelVIUni : Emin=  100 MeV Emax=  100 TeV Nbins=120 100 MeV - 100 TeV
          StepLim=SafetyPlus Rfact=0.08 Gfact=2.5 Sfact=0.6 DispFlag:1 Skin=3 Llim=1 mm

eIoni:  for e-  XStype:3  SubType=2
      dE/dx and range tables from 100 eV  to 100 TeV in 240 bins
      Lambda tables from threshold to 100 TeV, 20 bins/decade, spline: 1
      StepFunction=(0.2, 0.01 mm), integ: 3, fluct: 1, linLossLim= 0.01
      ===== EM models for the G4Region  DefaultRegionForTheWorld ======
             PenIoni : Emin=    0 eV  Emax=  100 keV
        MollerBhabha : Emin=  100 keV Emax=  100 TeV  deltaVI

eBrem:  for e-  XStype:4  SubType=3
      dE/dx and range tables from 100 eV  to 100 TeV in 240 bins
      Lambda tables from threshold to 100 TeV, 20 bins/decade, spline: 1
      LPM flag: 1 for E > 1 GeV,  VertexHighEnergyTh(GeV)= 100000
      ===== EM models for the G4Region  DefaultRegionForTheWorld ======
             eBremSB : Emin=    0 eV  Emax=    1 GeV  AngularGen2BS
            eBremLPM : Emin=    1 GeV Emax=  100 TeV  AngularGen2BS

ePairProd:  for e-  XStype:1  SubType=4
      dE/dx and range tables from 100 eV  to 100 TeV in 240 bins
      Lambda tables from threshold to 100 TeV, 20 bins/decade, spline: 0
      Sampling table 25x1001; from 0.1 GeV to 100 TeV 
      ===== EM models for the G4Region  DefaultRegionForTheWorld ======
           ePairProd : Emin=    0 eV  Emax=  100 TeV  ModifiedMephi

CoulombScat:  for e- XStype:1 SubType=1 BuildTable=1
      Lambda table from 100 MeV to 100 TeV, 20 bins/decade, spline: 0
      ThetaMin(p) < Theta(degree) < 180, pLimit(GeV^1)= 0.139531
      ===== EM models for the G4Region  DefaultRegionForTheWorld ======
  eCoulombScattering : Emin=  100 MeV Emax=  100 TeV

msc:  for e+  SubType= 10
      ===== EM models for the G4Region  DefaultRegionForTheWorld ======
  GoudsmitSaunderson : Emin=    0 eV  Emax=  100 MeV Nbins=120 100 eV  - 100 MeV
          StepLim=SafetyPlus Rfact=0.08 Gfact=2.5 Sfact=0.6 DispFlag:1 Skin=3 Llim=1 mm
        WentzelVIUni : Emin=  100 MeV Emax=  100 TeV Nbins=120 100 MeV - 100 TeV
          StepLim=SafetyPlus Rfact=0.08 Gfact=2.5 Sfact=0.6 DispFlag:1 Skin=3 Llim=1 mm

eIoni:  for e+  XStype:3  SubType=2
      dE/dx and range tables from 100 eV  to 100 TeV in 240 bins
      Lambda tables from threshold to 100 TeV, 20 bins/decade, spline: 1
      StepFunction=(0.2, 0.01 mm), integ: 3, fluct: 1, linLossLim= 0.01
      ===== EM models for the G4Region  DefaultRegionForTheWorld ======
             PenIoni : Emin=    0 eV  Emax=  100 keV
        MollerBhabha : Emin=  100 keV Emax=  100 TeV  deltaVI

eBrem:  for e+  XStype:4  SubType=3
      dE/dx and range tables from 100 eV  to 100 TeV in 240 bins
      Lambda tables from threshold to 100 TeV, 20 bins/decade, spline: 1
      LPM flag: 1 for E > 1 GeV,  VertexHighEnergyTh(GeV)= 100000
      ===== EM models for the G4Region  DefaultRegionForTheWorld ======
             eBremSB : Emin=    0 eV  Emax=    1 GeV  AngularGen2BS
            eBremLPM : Emin=    1 GeV Emax=  100 TeV  AngularGen2BS

ePairProd:  for e+  XStype:1  SubType=4
      dE/dx and range tables from 100 eV  to 100 TeV in 240 bins
      Lambda tables from threshold to 100 TeV, 20 bins/decade, spline: 0
      Sampling table 25x1001; from 0.1 GeV to 100 TeV 
      ===== EM models for the G4Region  DefaultRegionForTheWorld ======
           ePairProd : Emin=    0 eV  Emax=  100 TeV  ModifiedMephi

annihil:  for e+ XStype:2 SubType=5 AtRestModel:Allison BuildTable=0
      ===== EM models for the G4Region  DefaultRegionForTheWorld ======
    eplusTo2or3gamma : Emin=    0 eV  Emax=  100 TeV

CoulombScat:  for e+ XStype:1 SubType=1 BuildTable=1
      Lambda table from 100 MeV to 100 TeV, 20 bins/decade, spline: 0
      ThetaMin(p) < Theta(degree) < 180, pLimit(GeV^1)= 0.139531
      ===== EM models for the G4Region  DefaultRegionForTheWorld ======
  eCoulombScattering : Emin=  100 MeV Emax=  100 TeV

msc:  for proton  SubType= 10
      ===== EM models for the G4Region  DefaultRegionForTheWorld ======
        WentzelVIUni : Emin=    0 eV  Emax=  100 TeV Nbins=240 100 eV  - 100 TeV
          StepLim=Minimal Rfact=0.2 Gfact=2.5 Sfact=0.6 DispFlag:1 Skin=3 Llim=1 mm

hIoni:  for proton  XStype:3  SubType=2
      dE/dx and range tables from 100 eV  to 100 TeV in 240 bins
      Lambda tables from threshold to 100 TeV, 20 bins/decade, spline: 1
      StepFunction=(0.1, 0.05 mm), integ: 3, fluct: 1, linLossLim= 0.01
      ===== EM models for the G4Region  DefaultRegionForTheWorld ======
               Bragg : Emin=    0 eV  Emax=    2 MeV  deltaVI
          BetheBloch : Emin=    2 MeV Emax=  100 TeV  deltaVI

hBrems:  for proton  XStype:1  SubType=3
      dE/dx and range tables from 100 eV  to 100 TeV in 240 bins
      Lambda tables from threshold to 100 TeV, 20 bins/decade, spline: 1
      ===== EM models for the G4Region  DefaultRegionForTheWorld ======
               hBrem : Emin=    0 eV  Emax=  100 TeV  ModifiedMephi

hPairProd:  for proton  XStype:1  SubType=4
      dE/dx and range tables from 100 eV  to 100 TeV in 240 bins
      Lambda tables from threshold to 100 TeV, 20 bins/decade, spline: 1
      Sampling table 17x1001, from 7.50618 GeV to 100 TeV 
      ===== EM models for the G4Region  DefaultRegionForTheWorld ======
           hPairProd : Emin=    0 eV  Emax=  100 TeV  ModifiedMephi

CoulombScat:  for proton XStype:1 SubType=1 BuildTable=1
      Lambda table from threshold  to 100 TeV, 20 bins/decade, spline: 0
      ThetaMin(p) < Theta(degree) < 180, pLimit(GeV^1)= 0.139531
      ===== EM models for the G4Region  DefaultRegionForTheWorld ======
  eCoulombScattering : Emin=    0 eV  Emax=  100 TeV

nuclearStopping:  for proton SubType=8 BuildTable=0
      ===== EM models for the G4Region  DefaultRegionForTheWorld ======
   ICRU49NucStopping : Emin=    0 eV  Emax=    1 MeV

msc:  for GenericIon  SubType= 10
      ===== EM models for the G4Region  DefaultRegionForTheWorld ======
            UrbanMsc : Emin=    0 eV  Emax=  100 TeV
          StepLim=Minimal Rfact=0.2 Gfact=2.5 Sfact=0.6 DispFlag:1 Skin=3 Llim=1 mm

ionIoni:  for GenericIon  XStype:3  SubType=2
      dE/dx and range tables from 100 eV  to 100 TeV in 240 bins
      Lambda tables from threshold to 100 TeV, 20 bins/decade, spline: 1
      StepFunction=(0.1, 0.001 mm), integ: 3, fluct: 1, linLossLim= 0.02
      ===== EM models for the G4Region  DefaultRegionForTheWorld ======
    LindhardSorensen : Emin=    0 eV  Emax=  100 TeV  deltaVI

nuclearStopping:  for GenericIon SubType=8 BuildTable=0
      ===== EM models for the G4Region  DefaultRegionForTheWorld ======
   ICRU49NucStopping : Emin=    0 eV  Emax=    1 MeV

msc:  for alpha  SubType= 10
      ===== EM models for the G4Region  DefaultRegionForTheWorld ======
            UrbanMsc : Emin=    0 eV  Emax=  100 TeV
          StepLim=Minimal Rfact=0.2 Gfact=2.5 Sfact=0.6 DispFlag:1 Skin=3 Llim=1 mm

ionIoni:  for alpha  XStype:3  SubType=2
      dE/dx and range tables from 100 eV  to 100 TeV in 240 bins
      Lambda tables from threshold to 100 TeV, 20 bins/decade, spline: 1
      StepFunction=(0.1, 0.02 mm), integ: 3, fluct: 1, linLossLim= 0.02
      ===== EM models for the G4Region  DefaultRegionForTheWorld ======
            BraggIon : Emin=    0 eV  Emax=7.9452 MeV  deltaVI
          BetheBloch : Emin=7.9452 MeV Emax=  100 TeV  deltaVI

nuclearStopping:  for alpha SubType=8 BuildTable=0
      ===== EM models for the G4Region  DefaultRegionForTheWorld ======
   ICRU49NucStopping : Emin=    0 eV  Emax=    1 MeV

msc:  for anti_proton  SubType= 10
      ===== EM models for the G4Region  DefaultRegionForTheWorld ======
        WentzelVIUni : Emin=    0 eV  Emax=  100 TeV Nbins=240 100 eV  - 100 TeV
          StepLim=Minimal Rfact=0.2 Gfact=2.5 Sfact=0.6 DispFlag:1 Skin=3 Llim=1 mm

hIoni:  for anti_proton  XStype:3  SubType=2
      dE/dx and range tables from 100 eV  to 100 TeV in 240 bins
      Lambda tables from threshold to 100 TeV, 20 bins/decade, spline: 1
      StepFunction=(0.1, 0.05 mm), integ: 3, fluct: 1, linLossLim= 0.01
      ===== EM models for the G4Region  DefaultRegionForTheWorld ======
            ICRU73QO : Emin=    0 eV  Emax=    2 MeV  deltaVI
          BetheBloch : Emin=    2 MeV Emax=  100 TeV  deltaVI

hBrems:  for anti_proton  XStype:1  SubType=3
      dE/dx and range tables from 100 eV  to 100 TeV in 240 bins
      Lambda tables from threshold to 100 TeV, 20 bins/decade, spline: 1
      ===== EM models for the G4Region  DefaultRegionForTheWorld ======
               hBrem : Emin=    0 eV  Emax=  100 TeV  ModifiedMephi

hPairProd:  for anti_proton  XStype:1  SubType=4
      dE/dx and range tables from 100 eV  to 100 TeV in 240 bins
      Lambda tables from threshold to 100 TeV, 20 bins/decade, spline: 1
      Sampling table 17x1001, from 7.50618 GeV to 100 TeV 
      ===== EM models for the G4Region  DefaultRegionForTheWorld ======
           hPairProd : Emin=    0 eV  Emax=  100 TeV  ModifiedMephi

CoulombScat:  for anti_proton XStype:1 SubType=1 BuildTable=1
      Lambda table from threshold  to 100 TeV, 20 bins/decade, spline: 0
      ThetaMin(p) < Theta(degree) < 180, pLimit(GeV^1)= 0.139531
      ===== EM models for the G4Region  DefaultRegionForTheWorld ======
  eCoulombScattering : Emin=    0 eV  Emax=  100 TeV

msc:  for kaon+  SubType= 10
      ===== EM models for the G4Region  DefaultRegionForTheWorld ======
        WentzelVIUni : Emin=    0 eV  Emax=  100 TeV Nbins=240 100 eV  - 100 TeV
          StepLim=Minimal Rfact=0.2 Gfact=2.5 Sfact=0.6 DispFlag:1 Skin=3 Llim=1 mm

hIoni:  for kaon+  XStype:3  SubType=2
      dE/dx and range tables from 100 eV  to 100 TeV in 240 bins
      Lambda tables from threshold to 100 TeV, 20 bins/decade, spline: 1
      StepFunction=(0.1, 0.05 mm), integ: 3, fluct: 1, linLossLim= 0.01
      ===== EM models for the G4Region  DefaultRegionForTheWorld ======
               Bragg : Emin=    0 eV  Emax=1.05231 MeV  deltaVI
          BetheBloch : Emin=1.05231 MeV Emax=  100 TeV  deltaVI

hBrems:  for kaon+  XStype:1  SubType=3
      dE/dx and range tables from 100 eV  to 100 TeV in 240 bins
      Lambda tables from threshold to 100 TeV, 20 bins/decade, spline: 1
      ===== EM models for the G4Region  DefaultRegionForTheWorld ======
               hBrem : Emin=    0 eV  Emax=  100 TeV  ModifiedMephi

hPairProd:  for kaon+  XStype:1  SubType=4
      dE/dx and range tables from 100 eV  to 100 TeV in 240 bins
      Lambda tables from threshold to 100 TeV, 20 bins/decade, spline: 1
      Sampling table 18x1001, from 3.94942 GeV to 100 TeV 
      ===== EM models for the G4Region  DefaultRegionForTheWorld ======
           hPairProd : Emin=    0 eV  Emax=  100 TeV  ModifiedMephi

CoulombScat:  for kaon+ XStype:1 SubType=1 BuildTable=1
      Lambda table from threshold  to 100 TeV, 20 bins/decade, spline: 0
      ThetaMin(p) < Theta(degree) < 180, pLimit(GeV^1)= 0.139531
      ===== EM models for the G4Region  DefaultRegionForTheWorld ======
  eCoulombScattering : Emin=    0 eV  Emax=  100 TeV

msc:  for kaon-  SubType= 10
      ===== EM models for the G4Region  DefaultRegionForTheWorld ======
        WentzelVIUni : Emin=    0 eV  Emax=  100 TeV Nbins=240 100 eV  - 100 TeV
          StepLim=Minimal Rfact=0.2 Gfact=2.5 Sfact=0.6 DispFlag:1 Skin=3 Llim=1 mm

hIoni:  for kaon-  XStype:3  SubType=2
      dE/dx and range tables from 100 eV  to 100 TeV in 240 bins
      Lambda tables from threshold to 100 TeV, 20 bins/decade, spline: 1
      StepFunction=(0.1, 0.05 mm), integ: 3, fluct: 1, linLossLim= 0.01
      ===== EM models for the G4Region  DefaultRegionForTheWorld ======
            ICRU73QO : Emin=    0 eV  Emax=1.05231 MeV  deltaVI
          BetheBloch : Emin=1.05231 MeV Emax=  100 TeV  deltaVI

hBrems:  for kaon-  XStype:1  SubType=3
      dE/dx and range tables from 100 eV  to 100 TeV in 240 bins
      Lambda tables from threshold to 100 TeV, 20 bins/decade, spline: 1
      ===== EM models for the G4Region  DefaultRegionForTheWorld ======
               hBrem : Emin=    0 eV  Emax=  100 TeV  ModifiedMephi

hPairProd:  for kaon-  XStype:1  SubType=4
      dE/dx and range tables from 100 eV  to 100 TeV in 240 bins
      Lambda tables from threshold to 100 TeV, 20 bins/decade, spline: 1
      Sampling table 18x1001, from 3.94942 GeV to 100 TeV 
      ===== EM models for the G4Region  DefaultRegionForTheWorld ======
           hPairProd : Emin=    0 eV  Emax=  100 TeV  ModifiedMephi

CoulombScat:  for kaon- XStype:1 SubType=1 BuildTable=1
      Used Lambda table of kaon+
      ThetaMin(p) < Theta(degree) < 180, pLimit(GeV^1)= 0.139531
      ===== EM models for the G4Region  DefaultRegionForTheWorld ======
  eCoulombScattering : Emin=    0 eV  Emax=  100 TeV

msc:  for mu+  SubType= 10
      ===== EM models for the G4Region  DefaultRegionForTheWorld ======
        WentzelVIUni : Emin=    0 eV  Emax=  100 TeV Nbins=240 100 eV  - 100 TeV
          StepLim=Minimal Rfact=0.2 Gfact=2.5 Sfact=0.6 DispFlag:1 Skin=3 Llim=1 mm

muIoni:  for mu+  XStype:3  SubType=2
      dE/dx and range tables from 100 eV  to 100 TeV in 240 bins
      Lambda tables from threshold to 100 TeV, 20 bins/decade, spline: 1
      StepFunction=(0.1, 0.05 mm), integ: 3, fluct: 1, linLossLim= 0.01
      ===== EM models for the G4Region  DefaultRegionForTheWorld ======
               Bragg : Emin=    0 eV  Emax=  200 keV  deltaVI
        MuBetheBloch : Emin=  200 keV Emax=  100 TeV  deltaVI

muBrems:  for mu+  XStype:1  SubType=3
      dE/dx and range tables from 100 eV  to 100 TeV in 240 bins
      Lambda tables from threshold to 100 TeV, 20 bins/decade, spline: 1
      ===== EM models for the G4Region  DefaultRegionForTheWorld ======
              MuBrem : Emin=    0 eV  Emax=  100 TeV  ModifiedMephi

muPairProd:  for mu+  XStype:1  SubType=4
      dE/dx and range tables from 100 eV  to 100 TeV in 240 bins
      Lambda tables from threshold to 100 TeV, 20 bins/decade, spline: 1
      Sampling table 21x1001, from 0.85 GeV to 100 TeV 
      ===== EM models for the G4Region  DefaultRegionForTheWorld ======
          muPairProd : Emin=    0 eV  Emax=  100 TeV  ModifiedMephi

CoulombScat:  for mu+ XStype:1 SubType=1 BuildTable=1
      Lambda table from threshold  to 100 TeV, 20 bins/decade, spline: 0
      ThetaMin(p) < Theta(degree) < 180, pLimit(GeV^1)= 0.139531
      ===== EM models for the G4Region  DefaultRegionForTheWorld ======
  eCoulombScattering : Emin=    0 eV  Emax=  100 TeV

msc:  for mu-  SubType= 10
      ===== EM models for the G4Region  DefaultRegionForTheWorld ======
        WentzelVIUni : Emin=    0 eV  Emax=  100 TeV Nbins=240 100 eV  - 100 TeV
          StepLim=Minimal Rfact=0.2 Gfact=2.5 Sfact=0.6 DispFlag:1 Skin=3 Llim=1 mm

muIoni:  for mu-  XStype:3  SubType=2
      dE/dx and range tables from 100 eV  to 100 TeV in 240 bins
      Lambda tables from threshold to 100 TeV, 20 bins/decade, spline: 1
      StepFunction=(0.1, 0.05 mm), integ: 3, fluct: 1, linLossLim= 0.01
      ===== EM models for the G4Region  DefaultRegionForTheWorld ======
            ICRU73QO : Emin=    0 eV  Emax=  200 keV  deltaVI
        MuBetheBloch : Emin=  200 keV Emax=  100 TeV  deltaVI

muBrems:  for mu-  XStype:1  SubType=3
      dE/dx and range tables from 100 eV  to 100 TeV in 240 bins
      Lambda tables from threshold to 100 TeV, 20 bins/decade, spline: 1
      ===== EM models for the G4Region  DefaultRegionForTheWorld ======
              MuBrem : Emin=    0 eV  Emax=  100 TeV  ModifiedMephi

muPairProd:  for mu-  XStype:1  SubType=4
      dE/dx and range tables from 100 eV  to 100 TeV in 240 bins
      Lambda tables from threshold to 100 TeV, 20 bins/decade, spline: 1
      Sampling table 21x1001, from 0.85 GeV to 100 TeV 
      ===== EM models for the G4Region  DefaultRegionForTheWorld ======
          muPairProd : Emin=    0 eV  Emax=  100 TeV  ModifiedMephi

CoulombScat:  for mu- XStype:1 SubType=1 BuildTable=1
      Used Lambda table of mu+
      ThetaMin(p) < Theta(degree) < 180, pLimit(GeV^1)= 0.139531
      ===== EM models for the G4Region  DefaultRegionForTheWorld ======
  eCoulombScattering : Emin=    0 eV  Emax=  100 TeV

msc:  for pi+  SubType= 10
      ===== EM models for the G4Region  DefaultRegionForTheWorld ======
        WentzelVIUni : Emin=    0 eV  Emax=  100 TeV Nbins=240 100 eV  - 100 TeV
          StepLim=Minimal Rfact=0.2 Gfact=2.5 Sfact=0.6 DispFlag:1 Skin=3 Llim=1 mm

hIoni:  for pi+  XStype:3  SubType=2
      dE/dx and range tables from 100 eV  to 100 TeV in 240 bins
      Lambda tables from threshold to 100 TeV, 20 bins/decade, spline: 1
      StepFunction=(0.1, 0.05 mm), integ: 3, fluct: 1, linLossLim= 0.01
      ===== EM models for the G4Region  DefaultRegionForTheWorld ======
               Bragg : Emin=    0 eV  Emax=297.505 keV  deltaVI
          BetheBloch : Emin=297.505 keV Emax=  100 TeV  deltaVI

hBrems:  for pi+  XStype:1  SubType=3
      dE/dx and range tables from 100 eV  to 100 TeV in 240 bins
      Lambda tables from threshold to 100 TeV, 20 bins/decade, spline: 1
      ===== EM models for the G4Region  DefaultRegionForTheWorld ======
               hBrem : Emin=    0 eV  Emax=  100 TeV  ModifiedMephi

hPairProd:  for pi+  XStype:1  SubType=4
      dE/dx and range tables from 100 eV  to 100 TeV in 240 bins
      Lambda tables from threshold to 100 TeV, 20 bins/decade, spline: 1
      Sampling table 20x1001, from 1.11656 GeV to 100 TeV 
      ===== EM models for the G4Region  DefaultRegionForTheWorld ======
           hPairProd : Emin=    0 eV  Emax=  100 TeV  ModifiedMephi

CoulombScat:  for pi+ XStype:1 SubType=1 BuildTable=1
      Lambda table from threshold  to 100 TeV, 20 bins/decade, spline: 0
      ThetaMin(p) < Theta(degree) < 180, pLimit(GeV^1)= 0.139531
      ===== EM models for the G4Region  DefaultRegionForTheWorld ======
  eCoulombScattering : Emin=    0 eV  Emax=  100 TeV

msc:  for pi-  SubType= 10
      ===== EM models for the G4Region  DefaultRegionForTheWorld ======
        WentzelVIUni : Emin=    0 eV  Emax=  100 TeV Nbins=240 100 eV  - 100 TeV
          StepLim=Minimal Rfact=0.2 Gfact=2.5 Sfact=0.6 DispFlag:1 Skin=3 Llim=1 mm

hIoni:  for pi-  XStype:3  SubType=2
      dE/dx and range tables from 100 eV  to 100 TeV in 240 bins
      Lambda tables from threshold to 100 TeV, 20 bins/decade, spline: 1
      StepFunction=(0.1, 0.05 mm), integ: 3, fluct: 1, linLossLim= 0.01
      ===== EM models for the G4Region  DefaultRegionForTheWorld ======
            ICRU73QO : Emin=    0 eV  Emax=297.505 keV  deltaVI
          BetheBloch : Emin=297.505 keV Emax=  100 TeV  deltaVI

hBrems:  for pi-  XStype:1  SubType=3
      dE/dx and range tables from 100 eV  to 100 TeV in 240 bins
      Lambda tables from threshold to 100 TeV, 20 bins/decade, spline: 1
      ===== EM models for the G4Region  DefaultRegionForTheWorld ======
               hBrem : Emin=    0 eV  Emax=  100 TeV  ModifiedMephi

hPairProd:  for pi-  XStype:1  SubType=4
      dE/dx and range tables from 100 eV  to 100 TeV in 240 bins
      Lambda tables from threshold to 100 TeV, 20 bins/decade, spline: 1
      Sampling table 20x1001, from 1.11656 GeV to 100 TeV 
      ===== EM models for the G4Region  DefaultRegionForTheWorld ======
           hPairProd : Emin=    0 eV  Emax=  100 TeV  ModifiedMephi

CoulombScat:  for pi- XStype:1 SubType=1 BuildTable=1
      Used Lambda table of pi+
      ThetaMin(p) < Theta(degree) < 180, pLimit(GeV^1)= 0.139531
      ===== EM models for the G4Region  DefaultRegionForTheWorld ======
  eCoulombScattering : Emin=    0 eV  Emax=  100 TeV

-------- WWWW ------- G4Exception-START -------- WWWW -------
*** G4Exception : GeomNav1002
      issued by : G4Navigator::ComputeStep()
Stuck Track: potential geometry or navigation problem.
  Track stuck, not moving for 10 steps.
  Current  phys volume: 'Crystal'
   - at position : (25.68568902043587,-28.13992500959198,12.22277247878272)
     in direction: (-0.7363983669580153,-0.6721730581155747,0.07681682813761895)
    (local position: (25.68568902043587,-28.13992500959198,12.22277247878272))
    (local direction: (-0.7363983669580153,-0.6721730581155747,0.07681682813761895)).
  Previous phys volume: 'World'

  Likely geometry overlap - else navigation problem !
   *** Trying to get *unstuck* using a push - expanding step to 1e-07 (mm) ...       Potential overlap in geometry !

*** This is just a warning message. ***
-------- WWWW -------- G4Exception-END --------- WWWW -------


-------- WWWW ------- G4Exception-START -------- WWWW -------
*** G4Exception : GeomNav1002
      issued by : G4Navigator::ComputeStep()
Stuck Track: potential geometry or navigation problem.
  Track stuck, not moving for 10 steps.
  Current  phys volume: 'Crystal'
   - at position : (-38.09996914188352,0.04849110767568147,26.1861333389651)
     in direction: (0.001242739027207965,0.9764330174660122,0.215817093859427)
    (local position: (-38.09996914188352,0.04849110767568147,26.1861333389651))
    (local direction: (0.001242739027207965,0.9764330174660122,0.215817093859427)).
  Previous phys volume: 'World'

  Likely geometry overlap - else navigation problem !
   *** Trying to get *unstuck* using a push - expanding step to 1e-07 (mm) ...       Potential overlap in geometry !

*** This is just a warning message. ***
-------- WWWW -------- G4Exception-END --------- WWWW -------


-------- WWWW ------- G4Exception-START -------- WWWW -------
*** G4Exception : GeomNav1002
      issued by : G4Navigator::ComputeStep()
Stuck Track: potential geometry or navigation problem.
  Track stuck, not moving for 10 steps.
  Current  phys volume: 'Crystal'
   - at position : (32.8195496561278,-19.35167073843914,8.806123932404955)
     in direction: (0.4871101472006696,0.8261165601738401,0.2832933700259928)
    (local position: (32.8195496561278,-19.35167073843914,8.806123932404955))
    (local direction: (0.4871101472006696,0.8261165601738401,0.2832933700259928)).
  Previous phys volume: 'World'

  Likely geometry overlap - else navigation problem !
   *** Trying to get *unstuck* using a push - expanding step to 1e-07 (mm) ...       Potential overlap in geometry !

*** This is just a warning message. ***
-------- WWWW -------- G4Exception-END --------- WWWW -------


-------- WWWW ------- G4Exception-START -------- WWWW -------
*** G4Exception : GeomNav1002
      issued by : G4Navigator::ComputeStep()
Stuck Track: potential geometry or navigation problem.
  Track stuck, not moving for 10 steps.
  Current  phys volume: 'Crystal'
   - at position : (37.79249183938794,-4.830896456124509,-14.59647666660297)
     in direction: (0.1241948330733069,0.9715861761985438,0.2014843558636401)
    (local position: (37.79249183938794,-4.830896456124509,-14.59647666660297))
    (local direction: (0.1241948330733069,0.9715861761985438,0.2014843558636401)).
  Previous phys volume: 'World'

  Likely geometry overlap - else navigation problem !
   *** Trying to get *unstuck* using a push - expanding step to 1e-07 (mm) ...       Potential overlap in geometry !

*** This is just a warning message. ***
-------- WWWW -------- G4Exception-END --------- WWWW -------


-------- WWWW ------- G4Exception-START -------- WWWW -------
*** G4Exception : GeomNav1002
      issued by : G4Navigator::ComputeStep()
Stuck Track: potential geometry or navigation problem.
  Track stuck, not moving for 10 steps.
  Current  phys volume: 'Crystal'
   - at position : (-8.768526281916676,37.07725646327323,-7.425214568620829)
     in direction: (0.9580373687780364,0.2265695104897975,-0.1755866080920476)
    (local position: (-8.768526281916676,37.07725646327323,-7.425214568620829))
    (local direction: (0.9580373687780364,0.2265695104897975,-0.1755866080920476)).
  Previous phys volume: 'World'

  Likely geometry overlap - else navigation problem !
   *** Trying to get *unstuck* using a push - expanding step to 1e-07 (mm) ...       Potential overlap in geometry !

*** This is just a warning message. ***
-------- WWWW -------- G4Exception-END --------- WWWW -------


-------- WWWW ------- G4Exception-START -------- WWWW -------
*** G4Exception : GeomNav1002
      issued by : G4Navigator::ComputeStep()
Stuck Track: potential geometry or navigation problem.
  Track stuck, not moving for 10 steps.
  Current  phys volume: 'Crystal'
   - at position : (-15.23420092767414,-34.9217571450128,-25.72428879808374)
     in direction: (-0.7972263246207795,0.3477804958001255,-0.4934358256882676)
    (local position: (-15.23420092767414,-34.9217571450128,-25.72428879808374))
    (local direction: (-0.7972263246207795,0.3477804958001255,-0.4934358256882676)).
  Previous phys volume: 'World'

  Likely geometry overlap - else navigation problem !
   *** Trying to get *unstuck* using a push - expanding step to 1e-07 (mm) ...       Potential overlap in geometry !

*** This is just a warning message. ***
-------- WWWW -------- G4Exception-END --------- WWWW -------


-------- WWWW ------- G4Exception-START -------- WWWW -------
*** G4Exception : GeomNav1002
      issued by : G4Navigator::ComputeStep()
Stuck Track: potential geometry or navigation problem.
  Track stuck, not moving for 10 steps.
  Current  phys volume: 'Crystal'
   - at position : (19.10365021292128,-32.96453470841584,-1.891252168291413)
     in direction: (0.8236848250447713,0.4773429057176817,-0.3060834189432105)
    (local position: (19.10365021292128,-32.96453470841584,-1.891252168291413))
    (local direction: (0.8236848250447713,0.4773429057176817,-0.3060834189432105)).
  Previous phys volume: 'World'

  Likely geometry overlap - else navigation problem !
   *** Trying to get *unstuck* using a push - expanding step to 1e-07 (mm) ...       Potential overlap in geometry !

*** This is just a warning message. ***
-------- WWWW -------- G4Exception-END --------- WWWW -------


-------- WWWW ------- G4Exception-START -------- WWWW -------
*** G4Exception : GeomNav1002
      issued by : G4Navigator::ComputeStep()
Stuck Track: potential geometry or navigation problem.
  Track stuck, not moving for 10 steps.
  Current  phys volume: 'Crystal'
   - at position : (-31.99066803291088,-20.69316695936352,-35.3076136456318)
     in direction: (0.5417475401474079,-0.8375163525493945,0.07124578553564384)
    (local position: (-31.99066803291088,-20.69316695936352,-35.3076136456318))
    (local direction: (0.5417475401474079,-0.8375163525493945,0.07124578553564384)).
  Previous phys volume: 'World'

  Likely geometry overlap - else navigation problem !
   *** Trying to get *unstuck* using a push - expanding step to 1e-07 (mm) ...       Potential overlap in geometry !

*** This is just a warning message. ***
-------- WWWW -------- G4Exception-END --------- WWWW -------


-------- WWWW ------- G4Exception-START -------- WWWW -------
*** G4Exception : GeomNav1002
      issued by : G4Navigator::ComputeStep()
Stuck Track: potential geometry or navigation problem.
  Track stuck, not moving for 10 steps.
  Current  phys volume: 'Crystal'
   - at position : (-37.32760296298466,7.632827591252054,-3.218029114770898)
     in direction: (-0.1966597471305998,-0.9617454176621646,-0.1907110260691747)
    (local position: (-37.32760296298466,7.632827591252054,-3.218029114770898))
    (local direction: (-0.1966597471305998,-0.9617454176621646,-0.1907110260691747)).
  Previous phys volume: 'World'

  Likely geometry overlap - else navigation problem !
   *** Trying to get *unstuck* using a push - expanding step to 1e-07 (mm) ...       Potential overlap in geometry !

*** This is just a warning message. ***
-------- WWWW -------- G4Exception-END --------- WWWW -------


-------- WWWW ------- G4Exception-START -------- WWWW -------
*** G4Exception : GeomNav1002
      issued by : G4Navigator::ComputeStep()
Stuck Track: potential geometry or navigation problem.
  Track stuck, not moving for 10 steps.
  Current  phys volume: 'Crystal'
   - at position : (37.33096992323589,-7.616343255818854,22.96566350151284)
     in direction: (0.1955375912863309,0.9584137287398575,0.2078657618678525)
    (local position: (37.33096992323589,-7.616343255818854,22.96566350151284))
    (local direction: (0.1955375912863309,0.9584137287398575,0.2078657618678525)).
  Previous phys volume: 'World'

  Likely geometry overlap - else navigation problem !
   *** Trying to get *unstuck* using a push - expanding step to 1e-07 (mm) ...       Potential overlap in geometry !

*** This is just a warning message. ***
-------- WWWW -------- G4Exception-END --------- WWWW -------


-------- WWWW ------- G4Exception-START -------- WWWW -------
*** G4Exception : GeomNav1002
      issued by : G4Navigator::ComputeStep()
Stuck Track: potential geometry or navigation problem.
  Track stuck, not moving for 10 steps.
  Current  phys volume: 'Crystal'
   - at position : (-31.29142561238663,-21.73606871410913,0.1854496211485203)
     in direction: (0.5564212540349811,-0.8010286730684039,-0.2207905183208991)
    (local position: (-31.29142561238663,-21.73606871410913,0.1854496211485203))
    (local direction: (0.5564212540349811,-0.8010286730684039,-0.2207905183208991)).
  Previous phys volume: 'World'

  Likely geometry overlap - else navigation problem !
   *** Trying to get *unstuck* using a push - expanding step to 1e-07 (mm) ...       Potential overlap in geometry !

*** This is just a warning message. ***
-------- WWWW -------- G4Exception-END --------- WWWW -------


-------- WWWW ------- G4Exception-START -------- WWWW -------
*** G4Exception : GeomNav1002
      issued by : G4Navigator::ComputeStep()
Stuck Track: potential geometry or navigation problem.
  Track stuck, not moving for 10 steps.
  Current  phys volume: 'Crystal'
   - at position : (-34.94662664901886,15.17706446761312,-32.78839581161497)
     in direction: (0.3337301270088071,0.7684451874731084,0.5460001796484182)
    (local position: (-34.94662664901886,15.17706446761312,-32.78839581161497))
    (local direction: (0.3337301270088071,0.7684451874731084,0.5460001796484182)).
  Previous phys volume: 'World'

  Likely geometry overlap - else navigation problem !
   *** Trying to get *unstuck* using a push - expanding step to 1e-07 (mm) ...       Potential overlap in geometry !

*** This is just a warning message. ***
-------- WWWW -------- G4Exception-END --------- WWWW -------


-------- WWWW ------- G4Exception-START -------- WWWW -------
*** G4Exception : GeomNav1002
      issued by : G4Navigator::ComputeStep()
Stuck Track: potential geometry or navigation problem.
  Track stuck, not moving for 10 steps.
  Current  phys volume: 'Crystal'
   - at position : (-20.26706808153206,32.26229922647399,29.21464826455484)
     in direction: (-0.8203074256522245,-0.5153143713278039,0.2480863279643816)
    (local position: (-20.26706808153206,32.26229922647399,29.21464826455484))
    (local direction: (-0.8203074256522245,-0.5153143713278039,0.2480863279643816)).
  Previous phys volume: 'World'

  Likely geometry overlap - else navigation problem !
   *** Trying to get *unstuck* using a push - expanding step to 1e-07 (mm) ...       Potential overlap in geometry !

*** This is just a warning message. ***
-------- WWWW -------- G4Exception-END --------- WWWW -------


-------- WWWW ------- G4Exception-START -------- WWWW -------
*** G4Exception : GeomNav1002
      issued by : G4Navigator::ComputeStep()
Stuck Track: potential geometry or navigation problem.
  Track stuck, not moving for 10 steps.
  Current  phys volume: 'Crystal'
   - at position : (37.55945435579105,-6.395106605463938,27.5093747584056)
     in direction: (-0.1636100490676197,-0.9609072294203284,-0.2233585644022622)
    (local position: (37.55945435579105,-6.395106605463938,27.5093747584056))
    (local direction: (-0.1636100490676197,-0.9609072294203284,-0.2233585644022622)).
  Previous phys volume: 'World'

  Likely geometry overlap - else navigation problem !
   *** Trying to get *unstuck* using a push - expanding step to 1e-07 (mm) ...       Potential overlap in geometry !

*** This is just a warning message. ***
-------- WWWW -------- G4Exception-END --------- WWWW -------


-------- WWWW ------- G4Exception-START -------- WWWW -------
*** G4Exception : GeomNav1002
      issued by : G4Navigator::ComputeStep()
Stuck Track: potential geometry or navigation problem.
  Track stuck, not moving for 10 steps.
  Current  phys volume: 'Crystal'
   - at position : (7.598088456744777,37.33468965725417,33.89273112188131)
     in direction: (-0.8677050947144923,0.1765891219274621,-0.4646548725919079)
    (local position: (7.598088456744777,37.33468965725417,33.89273112188131))
    (local direction: (-0.8677050947144923,0.1765891219274621,-0.4646548725919079)).
  Previous phys volume: 'World'

  Likely geometry overlap - else navigation problem !
   *** Trying to get *unstuck* using a push - expanding step to 1e-07 (mm) ...       Potential overlap in geometry !

*** This is just a warning message. ***
-------- WWWW -------- G4Exception-END --------- WWWW -------


-------- WWWW ------- G4Exception-START -------- WWWW -------
*** G4Exception : GeomNav1002
      issued by : G4Navigator::ComputeStep()
Stuck Track: potential geometry or navigation problem.
  Track stuck, not moving for 10 steps.
  Current  phys volume: 'Crystal'
   - at position : (-11.23550258685462,-36.40567924954544,-37.0008911903907)
     in direction: (-0.7621951029262543,0.2352282728174284,0.6030972431893272)
    (local position: (-11.23550258685462,-36.40567924954544,-37.0008911903907))
    (local direction: (-0.7621951029262543,0.2352282728174284,0.6030972431893272)).
  Previous phys volume: 'World'

  Likely geometry overlap - else navigation problem !
   *** Trying to get *unstuck* using a push - expanding step to 1e-07 (mm) ...       Potential overlap in geometry !

*** This is just a warning message. ***
-------- WWWW -------- G4Exception-END --------- WWWW -------


-------- WWWW ------- G4Exception-START -------- WWWW -------
*** G4Exception : GeomNav1002
      issued by : G4Navigator::ComputeStep()
Stuck Track: potential geometry or navigation problem.
  Track stuck, not moving for 10 steps.
  Current  phys volume: 'Crystal'
   - at position : (27.37394437184226,-26.50051262763204,20.94047628647284)
     in direction: (0.6953696754891493,0.7182884000084665,-0.02286457573174029)
    (local position: (27.37394437184226,-26.50051262763204,20.94047628647284))
    (local direction: (0.6953696754891493,0.7182884000084665,-0.02286457573174029)).
  Previous phys volume: 'World'

  Likely geometry overlap - else navigation problem !
   *** Trying to get *unstuck* using a push - expanding step to 1e-07 (mm) ...       Potential overlap in geometry !

*** This is just a warning message. ***
-------- WWWW -------- G4Exception-END --------- WWWW -------


-------- WWWW ------- G4Exception-START -------- WWWW -------
*** G4Exception : GeomNav1002
      issued by : G4Navigator::ComputeStep()
Stuck Track: potential geometry or navigation problem.
  Track stuck, not moving for 10 steps.
  Current  phys volume: 'Crystal'
   - at position : (-33.58647815921852,-17.98773150956888,1.599728370064257)
     in direction: (0.4518874076105246,-0.843758788486637,-0.2896012391109576)
    (local position: (-33.58647815921852,-17.98773150956888,1.599728370064257))
    (local direction: (0.4518874076105246,-0.843758788486637,-0.2896012391109576)).
  Previous phys volume: 'World'

  Likely geometry overlap - else navigation problem !
   *** Trying to get *unstuck* using a push - expanding step to 1e-07 (mm) ...       Potential overlap in geometry !

*** This is just a warning message. ***
-------- WWWW -------- G4Exception-END --------- WWWW -------


-------- WWWW ------- G4Exception-START -------- WWWW -------
*** G4Exception : GeomNav1002
      issued by : G4Navigator::ComputeStep()
Stuck Track: potential geometry or navigation problem.
  Track stuck, not moving for 10 steps.
  Current  phys volume: 'Crystal'
   - at position : (-23.28776994438699,30.15443202942655,-18.7772461089952)
     in direction: (0.7817764277291666,0.6037530263921116,-0.1559099104271111)
    (local position: (-23.28776994438699,30.15443202942655,-18.7772461089952))
    (local direction: (0.7817764277291666,0.6037530263921116,-0.1559099104271111)).
  Previous phys volume: 'World'

  Likely geometry overlap - else navigation problem !
   *** Trying to get *unstuck* using a push - expanding step to 1e-07 (mm) ...       Potential overlap in geometry !

*** This is just a warning message. ***
-------- WWWW -------- G4Exception-END --------- WWWW -------


-------- WWWW ------- G4Exception-START -------- WWWW -------
*** G4Exception : GeomNav1002
      issued by : G4Navigator::ComputeStep()
Stuck Track: potential geometry or navigation problem.
  Track stuck, not moving for 10 steps.
  Current  phys volume: 'Crystal'
   - at position : (17.26685669111243,33.96270984489585,13.73409500049201)
     in direction: (-0.8711875007601404,0.4429172405680242,0.2117939010616391)
    (local position: (17.26685669111243,33.96270984489585,13.73409500049201))
    (local direction: (-0.8711875007601404,0.4429172405680242,0.2117939010616391)).
  Previous phys volume: 'World'

  Likely geometry overlap - else navigation problem !
   *** Trying to get *unstuck* using a push - expanding step to 1e-07 (mm) ...       Potential overlap in geometry !

*** This is just a warning message. ***
-------- WWWW -------- G4Exception-END --------- WWWW -------


-------- WWWW ------- G4Exception-START -------- WWWW -------
*** G4Exception : GeomNav1002
      issued by : G4Navigator::ComputeStep()
Stuck Track: potential geometry or navigation problem.
  Track stuck, not moving for 10 steps.
  Current  phys volume: 'Crystal'
   - at position : (38.06095939596682,1.72434621192067,-31.69948059481948)
     in direction: (-0.03823790339331595,0.8440133880184177,0.5349572539836761)
    (local position: (38.06095939596682,1.72434621192067,-31.69948059481948))
    (local direction: (-0.03823790339331595,0.8440133880184177,0.5349572539836761)).
  Previous phys volume: 'World'

  Likely geometry overlap - else navigation problem !
   *** Trying to get *unstuck* using a push - expanding step to 1e-07 (mm) ...       Potential overlap in geometry !

*** This is just a warning message. ***
-------- WWWW -------- G4Exception-END --------- WWWW -------


-------- WWWW ------- G4Exception-START -------- WWWW -------
*** G4Exception : GeomNav1002
      issued by : G4Navigator::ComputeStep()
Stuck Track: potential geometry or navigation problem.
  Track stuck, not moving for 10 steps.
  Current  phys volume: 'Crystal'
   - at position : (14.62793557197207,-35.18001564670252,31.88660055288496)
     in direction: (-0.8105744256158105,-0.3370388061583395,0.4789299987273302)
    (local position: (14.62793557197207,-35.18001564670252,31.88660055288496))
    (local direction: (-0.8105744256158105,-0.3370388061583395,0.4789299987273302)).
  Previous phys volume: 'World'

  Likely geometry overlap - else navigation problem !
   *** Trying to get *unstuck* using a push - expanding step to 1e-07 (mm) ...       Potential overlap in geometry !

*** This is just a warning message. ***
-------- WWWW -------- G4Exception-END --------- WWWW -------


-------- WWWW ------- G4Exception-START -------- WWWW -------
*** G4Exception : GeomNav1002
      issued by : G4Navigator::ComputeStep()
Stuck Track: potential geometry or navigation problem.
  Track stuck, not moving for 10 steps.
  Current  phys volume: 'Crystal'
   - at position : (-35.53558777783152,13.74161567225743,-18.29495387861556)
     in direction: (0.3425967689191477,0.8859495014772065,0.3126034784810455)
    (local position: (-35.53558777783152,13.74161567225743,-18.29495387861556))
    (local direction: (0.3425967689191477,0.8859495014772065,0.3126034784810455)).
  Previous phys volume: 'World'

  Likely geometry overlap - else navigation problem !
   *** Trying to get *unstuck* using a push - expanding step to 1e-07 (mm) ...       Potential overlap in geometry !

*** This is just a warning message. ***
-------- WWWW -------- G4Exception-END --------- WWWW -------


-------- WWWW ------- G4Exception-START -------- WWWW -------
*** G4Exception : GeomNav1002
      issued by : G4Navigator::ComputeStep()
Stuck Track: potential geometry or navigation problem.
  Track stuck, not moving for 10 steps.
  Current  phys volume: 'Crystal'
   - at position : (-35.18439268474776,14.61740440042173,-19.58612923565344)
     in direction: (0.3374451872752544,0.8122374980833292,-0.475816132862372)
    (local position: (-35.18439268474776,14.61740440042173,-19.58612923565344))
    (local direction: (0.3374451872752544,0.8122374980833292,-0.475816132862372)).
  Previous phys volume: 'World'

  Likely geometry overlap - else navigation problem !
   *** Trying to get *unstuck* using a push - expanding step to 1e-07 (mm) ...       Potential overlap in geometry !

*** This is just a warning message. ***
-------- WWWW -------- G4Exception-END --------- WWWW -------


-------- WWWW ------- G4Exception-START -------- WWWW -------
*** G4Exception : GeomNav1002
      issued by : G4Navigator::ComputeStep()
Stuck Track: potential geometry or navigation problem.
  Track stuck, not moving for 10 steps.
  Current  phys volume: 'Crystal'
   - at position : (-22.04962129798432,-31.07127613432503,28.17036520883787)
     in direction: (0.7676289906713085,-0.5447452003092298,0.3376364900614351)
    (local position: (-22.04962129798432,-31.07127613432503,28.17036520883787))
    (local direction: (0.7676289906713085,-0.5447452003092298,0.3376364900614351)).
  Previous phys volume: 'World'

  Likely geometry overlap - else navigation problem !
   *** Trying to get *unstuck* using a push - expanding step to 1e-07 (mm) ...       Potential overlap in geometry !

*** This is just a warning message. ***
-------- WWWW -------- G4Exception-END --------- WWWW -------


-------- WWWW ------- G4Exception-START -------- WWWW -------
*** G4Exception : GeomNav1002
      issued by : G4Navigator::ComputeStep()
Stuck Track: potential geometry or navigation problem.
  Track stuck, not moving for 10 steps.
  Current  phys volume: 'Crystal'
   - at position : (-36.69028297666104,10.26806384341942,31.65639383316575)
     in direction: (0.245129236039821,0.8759062247083449,-0.4155718267107485)
    (local position: (-36.69028297666104,10.26806384341942,31.65639383316575))
    (local direction: (0.245129236039821,0.8759062247083449,-0.4155718267107485)).
  Previous phys volume: 'World'

  Likely geometry overlap - else navigation problem !
   *** Trying to get *unstuck* using a push - expanding step to 1e-07 (mm) ...       Potential overlap in geometry !

*** This is just a warning message. ***
-------- WWWW -------- G4Exception-END --------- WWWW -------


-------- WWWW ------- G4Exception-START -------- WWWW -------
*** G4Exception : GeomNav1002
      issued by : G4Navigator::ComputeStep()
Stuck Track: potential geometry or navigation problem.
  Track stuck, not moving for 10 steps.
  Current  phys volume: 'Crystal'
   - at position : (-11.55879928974184,36.30432700077862,17.25996441246116)
     in direction: (0.9334105688031403,0.2971851101795074,0.201061483964961)
    (local position: (-11.55879928974184,36.30432700077862,17.25996441246116))
    (local direction: (0.9334105688031403,0.2971851101795074,0.201061483964961)).
  Previous phys volume: 'World'

  Likely geometry overlap - else navigation problem !
   *** Trying to get *unstuck* using a push - expanding step to 1e-07 (mm) ...       Potential overlap in geometry !

*** This is just a warning message. ***
-------- WWWW -------- G4Exception-END --------- WWWW -------


-------- WWWW ------- G4Exception-START -------- WWWW -------
*** G4Exception : GeomNav1002
      issued by : G4Navigator::ComputeStep()
Stuck Track: potential geometry or navigation problem.
  Track stuck, not moving for 10 steps.
  Current  phys volume: 'Crystal'
   - at position : (-22.21067637791846,-30.95635403007555,0.5533298603379206)
     in direction: (-0.7795006015858372,0.5592788989748328,0.2821097752450574)
    (local position: (-22.21067637791846,-30.95635403007555,0.5533298603379206))
    (local direction: (-0.7795006015858372,0.5592788989748328,0.2821097752450574)).
  Previous phys volume: 'World'

  Likely geometry overlap - else navigation problem !
   *** Trying to get *unstuck* using a push - expanding step to 1e-07 (mm) ...       Potential overlap in geometry !

*** This is just a warning message. ***
-------- WWWW -------- G4Exception-END --------- WWWW -------


-------- WWWW ------- G4Exception-START -------- WWWW -------
*** G4Exception : GeomNav1002
      issued by : G4Navigator::ComputeStep()
Stuck Track: potential geometry or navigation problem.
  Track stuck, not moving for 10 steps.
  Current  phys volume: 'Crystal'
   - at position : (37.86016205513848,4.268270042845509,-15.2800367256449)
     in direction: (0.105734935138657,-0.9378839059045009,-0.3304450068264632)
    (local position: (37.86016205513848,4.268270042845509,-15.2800367256449))
    (local direction: (0.105734935138657,-0.9378839059045009,-0.3304450068264632)).
  Previous phys volume: 'World'

  Likely geometry overlap - else navigation problem !
   *** Trying to get *unstuck* using a push - expanding step to 1e-07 (mm) ...       Potential overlap in geometry !

*** This is just a warning message. ***
-------- WWWW -------- G4Exception-END --------- WWWW -------


-------- WWWW ------- G4Exception-START -------- WWWW -------
*** G4Exception : GeomNav1002
      issued by : G4Navigator::ComputeStep()
Stuck Track: potential geometry or navigation problem.
  Track stuck, not moving for 10 steps.
  Current  phys volume: 'Crystal'
   - at position : (-3.55556356753433,37.93373126542158,28.76954183726193)
     in direction: (0.8619615005973613,0.08079244529617031,0.5004947075354649)
    (local position: (-3.55556356753433,37.93373126542158,28.76954183726193))
    (local direction: (0.8619615005973613,0.08079244529617031,0.5004947075354649)).
  Previous phys volume: 'World'

  Likely geometry overlap - else navigation problem !
   *** Trying to get *unstuck* using a push - expanding step to 1e-07 (mm) ...       Potential overlap in geometry !

*** This is just a warning message. ***
-------- WWWW -------- G4Exception-END --------- WWWW -------


-------- WWWW ------- G4Exception-START -------- WWWW -------
*** G4Exception : GeomNav1002
      issued by : G4Navigator::ComputeStep()
Stuck Track: potential geometry or navigation problem.
  Track stuck, not moving for 10 steps.
  Current  phys volume: 'Crystal'
   - at position : (37.69908846458721,-5.512597295216426,1.291760759868287)
     in direction: (-0.1414882163821996,-0.9675977584500456,-0.2091307305668666)
    (local position: (37.69908846458721,-5.512597295216426,1.291760759868287))
    (local direction: (-0.1414882163821996,-0.9675977584500456,-0.2091307305668666)).
  Previous phys volume: 'World'

  Likely geometry overlap - else navigation problem !
   *** Trying to get *unstuck* using a push - expanding step to 1e-07 (mm) ...       Potential overlap in geometry !

*** This is just a warning message. ***
-------- WWWW -------- G4Exception-END --------- WWWW -------


-------- WWWW ------- G4Exception-START -------- WWWW -------
*** G4Exception : GeomNav1002
      issued by : G4Navigator::ComputeStep()
Stuck Track: potential geometry or navigation problem.
  Track stuck, not moving for 10 steps.
  Current  phys volume: 'Crystal'
   - at position : (-29.66697726818276,23.90565748456059,-37.22510052219951)
     in direction: (0.5816236827391907,0.7217963607821456,-0.3751318504720067)
    (local position: (-29.66697726818276,23.90565748456059,-37.22510052219951))
    (local direction: (0.5816236827391907,0.7217963607821456,-0.3751318504720067)).
  Previous phys volume: 'World'

  Likely geometry overlap - else navigation problem !
   *** Trying to get *unstuck* using a push - expanding step to 1e-07 (mm) ...       Potential overlap in geometry !

*** This is just a warning message. ***
-------- WWWW -------- G4Exception-END --------- WWWW -------


-------- WWWW ------- G4Exception-START -------- WWWW -------
*** G4Exception : GeomNav1002
      issued by : G4Navigator::ComputeStep()
Stuck Track: potential geometry or navigation problem.
  Track stuck, not moving for 10 steps.
  Current  phys volume: 'Crystal'
   - at position : (29.51973515753662,-24.08724218811478,-33.83536662402348)
     in direction: (0.4581021959636014,0.5614198335500638,-0.6891662706125025)
    (local position: (29.51973515753662,-24.08724218811478,-33.83536662402348))
    (local direction: (0.4581021959636014,0.5614198335500638,-0.6891662706125025)).
  Previous phys volume: 'World'

  Likely geometry overlap - else navigation problem !
   *** Trying to get *unstuck* using a push - expanding step to 1e-07 (mm) ...       Potential overlap in geometry !

*** This is just a warning message. ***
-------- WWWW -------- G4Exception-END --------- WWWW -------


-------- WWWW ------- G4Exception-START -------- WWWW -------
*** G4Exception : GeomNav1002
      issued by : G4Navigator::ComputeStep()
Stuck Track: potential geometry or navigation problem.
  Track stuck, not moving for 10 steps.
  Current  phys volume: 'Crystal'
   - at position : (-37.55694962617813,-6.409799901457017,-24.22313571409634)
     in direction: (0.1670785647968255,-0.9789636709661003,-0.1171105636311686)
    (local position: (-37.55694962617813,-6.409799901457017,-24.22313571409634))
    (local direction: (0.1670785647968255,-0.9789636709661003,-0.1171105636311686)).
  Previous phys volume: 'World'

  Likely geometry overlap - else navigation problem !
   *** Trying to get *unstuck* using a push - expanding step to 1e-07 (mm) ...       Potential overlap in geometry !

*** This is just a warning message. ***
-------- WWWW -------- G4Exception-END --------- WWWW -------


-------- WWWW ------- G4Exception-START -------- WWWW -------
*** G4Exception : GeomNav1002
      issued by : G4Navigator::ComputeStep()
Stuck Track: potential geometry or navigation problem.
  Track stuck, not moving for 10 steps.
  Current  phys volume: 'Crystal'
   - at position : (-24.12341834580899,-29.49017950628796,14.16147449157455)
     in direction: (-0.7117533201250884,0.582225113168098,0.392964538969242)
    (local position: (-24.12341834580899,-29.49017950628796,14.16147449157455))
    (local direction: (-0.7117533201250884,0.582225113168098,0.392964538969242)).
  Previous phys volume: 'World'

  Likely geometry overlap - else navigation problem !
   *** Trying to get *unstuck* using a push - expanding step to 1e-07 (mm) ...       Potential overlap in geometry !

*** This is just a warning message. ***
-------- WWWW -------- G4Exception-END --------- WWWW -------


-------- WWWW ------- G4Exception-START -------- WWWW -------
*** G4Exception : GeomNav1002
      issued by : G4Navigator::ComputeStep()
Stuck Track: potential geometry or navigation problem.
  Track stuck, not moving for 10 steps.
  Current  phys volume: 'Crystal'
   - at position : (-2.480382078181968,38.0191754874594,35.82875107552383)
     in direction: (0.9720710652480653,0.06341819931775866,-0.2259556949996718)
    (local position: (-2.480382078181968,38.0191754874594,35.82875107552383))
    (local direction: (0.9720710652480653,0.06341819931775866,-0.2259556949996718)).
  Previous phys volume: 'World'

  Likely geometry overlap - else navigation problem !
   *** Trying to get *unstuck* using a push - expanding step to 1e-07 (mm) ...       Potential overlap in geometry !

*** This is just a warning message. ***
-------- WWWW -------- G4Exception-END --------- WWWW -------


-------- WWWW ------- G4Exception-START -------- WWWW -------
*** G4Exception : GeomNav1002
      issued by : G4Navigator::ComputeStep()
Stuck Track: potential geometry or navigation problem.
  Track stuck, not moving for 10 steps.
  Current  phys volume: 'Crystal'
   - at position : (16.17133817162562,-34.49779444745597,29.02396631911498)
     in direction: (0.8974456266156309,0.4206905673564901,-0.1327056660649881)
    (local position: (16.17133817162562,-34.49779444745597,29.02396631911498))
    (local direction: (0.8974456266156309,0.4206905673564901,-0.1327056660649881)).
  Previous phys volume: 'World'

  Likely geometry overlap - else navigation problem !
   *** Trying to get *unstuck* using a push - expanding step to 1e-07 (mm) ...       Potential overlap in geometry !

*** This is just a warning message. ***
-------- WWWW -------- G4Exception-END --------- WWWW -------


-------- WWWW ------- G4Exception-START -------- WWWW -------
*** G4Exception : GeomNav1002
      issued by : G4Navigator::ComputeStep()
Stuck Track: potential geometry or navigation problem.
  Track stuck, not moving for 10 steps.
  Current  phys volume: 'Crystal'
   - at position : (37.94522328539103,-3.430747705940844,12.88295229482193)
     in direction: (0.086710677237571,0.95904924845087,-0.2696401259064081)
    (local position: (37.94522328539103,-3.430747705940844,12.88295229482193))
    (local direction: (0.086710677237571,0.95904924845087,-0.2696401259064081)).
  Previous phys volume: 'World'

  Likely geometry overlap - else navigation problem !
   *** Trying to get *unstuck* using a push - expanding step to 1e-07 (mm) ...       Potential overlap in geometry !

*** This is just a warning message. ***
-------- WWWW -------- G4Exception-END --------- WWWW -------


-------- WWWW ------- G4Exception-START -------- WWWW -------
*** G4Exception : GeomNav1002
      issued by : G4Navigator::ComputeStep()
Stuck Track: potential geometry or navigation problem.
  Track stuck, not moving for 10 steps.
  Current  phys volume: 'Crystal'
   - at position : (-6.661402972621801,37.5131405035135,-33.63180397350764)
     in direction: (-0.8691820785755189,-0.1543451708989886,-0.469787273671076)
    (local position: (-6.661402972621801,37.5131405035135,-33.63180397350764))
    (local direction: (-0.8691820785755189,-0.1543451708989886,-0.469787273671076)).
  Previous phys volume: 'World'

  Likely geometry overlap - else navigation problem !
   *** Trying to get *unstuck* using a push - expanding step to 1e-07 (mm) ...       Potential overlap in geometry !

*** This is just a warning message. ***
-------- WWWW -------- G4Exception-END --------- WWWW -------


-------- WWWW ------- G4Exception-START -------- WWWW -------
*** G4Exception : GeomNav1002
      issued by : G4Navigator::ComputeStep()
Stuck Track: potential geometry or navigation problem.
  Track stuck, not moving for 10 steps.
  Current  phys volume: 'Crystal'
   - at position : (27.52598225272082,-26.3425568429281,-22.68549113269265)
     in direction: (-0.5919779108932067,-0.6185722049081821,0.5166532496070694)
    (local position: (27.52598225272082,-26.3425568429281,-22.68549113269265))
    (local direction: (-0.5919779108932067,-0.6185722049081821,0.5166532496070694)).
  Previous phys volume: 'World'

  Likely geometry overlap - else navigation problem !
   *** Trying to get *unstuck* using a push - expanding step to 1e-07 (mm) ...       Potential overlap in geometry !

*** This is just a warning message. ***
-------- WWWW -------- G4Exception-END --------- WWWW -------


-------- WWWW ------- G4Exception-START -------- WWWW -------
*** G4Exception : GeomNav1002
      issued by : G4Navigator::ComputeStep()
Stuck Track: potential geometry or navigation problem.
  Track stuck, not moving for 10 steps.
  Current  phys volume: 'Crystal'
   - at position : (31.60895439939422,-21.27167134423191,5.826095734294021)
     in direction: (0.5393531432673778,0.8014597741202591,0.2583803733155883)
    (local position: (31.60895439939422,-21.27167134423191,5.826095734294021))
    (local direction: (0.5393531432673778,0.8014597741202591,0.2583803733155883)).
  Previous phys volume: 'World'

  Likely geometry overlap - else navigation problem !
   *** Trying to get *unstuck* using a push - expanding step to 1e-07 (mm) ...       Potential overlap in geometry !

*** This is just a warning message. ***
-------- WWWW -------- G4Exception-END --------- WWWW -------


-------- WWWW ------- G4Exception-START -------- WWWW -------
*** G4Exception : GeomNav1002
      issued by : G4Navigator::ComputeStep()
Stuck Track: potential geometry or navigation problem.
  Track stuck, not moving for 10 steps.
  Current  phys volume: 'Crystal'
   - at position : (37.80741271457602,4.712700269454364,-0.7681545504044766)
     in direction: (0.1017952518374397,-0.8166475435637836,0.5680884757628786)
    (local position: (37.80741271457602,4.712700269454364,-0.7681545504044766))
    (local direction: (0.1017952518374397,-0.8166475435637836,0.5680884757628786)).
  Previous phys volume: 'World'

  Likely geometry overlap - else navigation problem !
   *** Trying to get *unstuck* using a push - expanding step to 1e-07 (mm) ...       Potential overlap in geometry !

*** This is just a warning message. ***
-------- WWWW -------- G4Exception-END --------- WWWW -------


-------- WWWW ------- G4Exception-START -------- WWWW -------
*** G4Exception : GeomNav1002
      issued by : G4Navigator::ComputeStep()
Stuck Track: potential geometry or navigation problem.
  Track stuck, not moving for 10 steps.
  Current  phys volume: 'Crystal'
   - at position : (12.42749119073263,-36.01621110978031,8.82903512855254)
     in direction: (0.9114488972029635,0.3144979105733005,0.2652394616804409)
    (local position: (12.42749119073263,-36.01621110978031,8.82903512855254))
    (local direction: (0.9114488972029635,0.3144979105733005,0.2652394616804409)).
  Previous phys volume: 'World'

  Likely geometry overlap - else navigation problem !
   *** Trying to get *unstuck* using a push - expanding step to 1e-07 (mm) ...       Potential overlap in geometry !

*** This is just a warning message. ***
-------- WWWW -------- G4Exception-END --------- WWWW -------


-------- WWWW ------- G4Exception-START -------- WWWW -------
*** G4Exception : GeomNav1002
      issued by : G4Navigator::ComputeStep()
Stuck Track: potential geometry or navigation problem.
  Track stuck, not moving for 10 steps.
  Current  phys volume: 'Crystal'
   - at position : (11.09889996946928,36.44755711248306,-25.19835567163945)
     in direction: (0.929002337475187,-0.2828969849260164,-0.2385874114143665)
    (local position: (11.09889996946928,36.44755711248306,-25.19835567163945))
    (local direction: (0.929002337475187,-0.2828969849260164,-0.2385874114143665)).
  Previous phys volume: 'World'

  Likely geometry overlap - else navigation problem !
   *** Trying to get *unstuck* using a push - expanding step to 1e-07 (mm) ...       Potential overlap in geometry !

*** This is just a warning message. ***
-------- WWWW -------- G4Exception-END --------- WWWW -------


-------- WWWW ------- G4Exception-START -------- WWWW -------
*** G4Exception : GeomNav1002
      issued by : G4Navigator::ComputeStep()
Stuck Track: potential geometry or navigation problem.
  Track stuck, not moving for 10 steps.
  Current  phys volume: 'Crystal'
   - at position : (8.440235327498373,37.15336361107092,31.02499926143336)
     in direction: (-0.8036506659467396,0.1825676084861957,0.5664050454003684)
    (local position: (8.440235327498373,37.15336361107092,31.02499926143336))
    (local direction: (-0.8036506659467396,0.1825676084861957,0.5664050454003684)).
  Previous phys volume: 'World'

  Likely geometry overlap - else navigation problem !
   *** Trying to get *unstuck* using a push - expanding step to 1e-07 (mm) ...       Potential overlap in geometry !

*** This is just a warning message. ***
-------- WWWW -------- G4Exception-END --------- WWWW -------


-------- WWWW ------- G4Exception-START -------- WWWW -------
*** G4Exception : GeomNav1002
      issued by : G4Navigator::ComputeStep()
Stuck Track: potential geometry or navigation problem.
  Track stuck, not moving for 10 steps.
  Current  phys volume: 'Crystal'
   - at position : (33.37592165477761,18.37546880202371,-27.68301773466804)
     in direction: (-0.4177251866327497,0.7587269338536037,0.499839082403271)
    (local position: (33.37592165477761,18.37546880202371,-27.68301773466804))
    (local direction: (-0.4177251866327497,0.7587269338536037,0.499839082403271)).
  Previous phys volume: 'World'

  Likely geometry overlap - else navigation problem !
   *** Trying to get *unstuck* using a push - expanding step to 1e-07 (mm) ...       Potential overlap in geometry !

*** This is just a warning message. ***
-------- WWWW -------- G4Exception-END --------- WWWW -------


-------- WWWW ------- G4Exception-START -------- WWWW -------
*** G4Exception : GeomNav1002
      issued by : G4Navigator::ComputeStep()
Stuck Track: potential geometry or navigation problem.
  Track stuck, not moving for 10 steps.
  Current  phys volume: 'Crystal'
   - at position : (-28.84973575102488,-24.88579408208701,10.22109111302544)
     in direction: (0.5933522727994732,-0.687864579328676,0.4180614797714367)
    (local position: (-28.84973575102488,-24.88579408208701,10.22109111302544))
    (local direction: (0.5933522727994732,-0.687864579328676,0.4180614797714367)).
  Previous phys volume: 'World'

  Likely geometry overlap - else navigation problem !
   *** Trying to get *unstuck* using a push - expanding step to 1e-07 (mm) ...       Potential overlap in geometry !

*** This is just a warning message. ***
-------- WWWW -------- G4Exception-END --------- WWWW -------


-------- WWWW ------- G4Exception-START -------- WWWW -------
*** G4Exception : GeomNav1002
      issued by : G4Navigator::ComputeStep()
Stuck Track: potential geometry or navigation problem.
  Track stuck, not moving for 10 steps.
  Current  phys volume: 'Crystal'
   - at position : (29.52015140096658,-24.08673205862537,-29.18426588496178)
     in direction: (0.6130452294041017,0.7513343007097073,0.244279174883836)
    (local position: (29.52015140096658,-24.08673205862537,-29.18426588496178))
    (local direction: (0.6130452294041017,0.7513343007097073,0.244279174883836)).
  Previous phys volume: 'World'

  Likely geometry overlap - else navigation problem !
   *** Trying to get *unstuck* using a push - expanding step to 1e-07 (mm) ...       Potential overlap in geometry !

*** This is just a warning message. ***
-------- WWWW -------- G4Exception-END --------- WWWW -------


-------- WWWW ------- G4Exception-START -------- WWWW -------
*** G4Exception : GeomNav1002
      issued by : G4Navigator::ComputeStep()
Stuck Track: potential geometry or navigation problem.
  Track stuck, not moving for 10 steps.
  Current  phys volume: 'Crystal'
   - at position : (-12.86073291236251,-35.863791614341,15.7313274515094)
     in direction: (0.9380297003525934,-0.3363768552367498,-0.08337201279481371)
    (local position: (-12.86073291236251,-35.863791614341,15.7313274515094))
    (local direction: (0.9380297003525934,-0.3363768552367498,-0.08337201279481371)).
  Previous phys volume: 'World'

  Likely geometry overlap - else navigation problem !
   *** Trying to get *unstuck* using a push - expanding step to 1e-07 (mm) ...       Potential overlap in geometry !

*** This is just a warning message. ***
-------- WWWW -------- G4Exception-END --------- WWWW -------


-------- WWWW ------- G4Exception-START -------- WWWW -------
*** G4Exception : GeomNav1002
      issued by : G4Navigator::ComputeStep()
Stuck Track: potential geometry or navigation problem.
  Track stuck, not moving for 10 steps.
  Current  phys volume: 'Crystal'
   - at position : (18.52237190193245,-33.29462027304866,11.22575200065351)
     in direction: (-0.822195081676414,-0.4574013145023863,-0.3387909165821957)
    (local position: (18.52237190193245,-33.29462027304866,11.22575200065351))
    (local direction: (-0.822195081676414,-0.4574013145023863,-0.3387909165821957)).
  Previous phys volume: 'World'

  Likely geometry overlap - else navigation problem !
   *** Trying to get *unstuck* using a push - expanding step to 1e-07 (mm) ...       Potential overlap in geometry !

*** This is just a warning message. ***
-------- WWWW -------- G4Exception-END --------- WWWW -------


-------- WWWW ------- G4Exception-START -------- WWWW -------
*** G4Exception : GeomNav1002
      issued by : G4Navigator::ComputeStep()
Stuck Track: potential geometry or navigation problem.
  Track stuck, not moving for 10 steps.
  Current  phys volume: 'Crystal'
   - at position : (-14.13416873933958,35.38128423401101,19.83157272846967)
     in direction: (0.776225199663944,0.3100876124002119,0.5489263266073203)
    (local position: (-14.13416873933958,35.38128423401101,19.83157272846967))
    (local direction: (0.776225199663944,0.3100876124002119,0.5489263266073203)).
  Previous phys volume: 'World'

  Likely geometry overlap - else navigation problem !
   *** Trying to get *unstuck* using a push - expanding step to 1e-07 (mm) ...       Potential overlap in geometry !

*** This is just a warning message. ***
-------- WWWW -------- G4Exception-END --------- WWWW -------


-------- WWWW ------- G4Exception-START -------- WWWW -------
*** G4Exception : GeomNav1002
      issued by : G4Navigator::ComputeStep()
Stuck Track: potential geometry or navigation problem.
  Track stuck, not moving for 10 steps.
  Current  phys volume: 'Crystal'
   - at position : (15.40786016984486,-34.84548528843455,-12.21588889926237)
     in direction: (0.7760187083064551,0.3431373576174021,0.5291991290296385)
    (local position: (15.40786016984486,-34.84548528843455,-12.21588889926237))
    (local direction: (0.7760187083064551,0.3431373576174021,0.5291991290296385)).
  Previous phys volume: 'World'

  Likely geometry overlap - else navigation problem !
   *** Trying to get *unstuck* using a push - expanding step to 1e-07 (mm) ...       Potential overlap in geometry !

*** This is just a warning message. ***
-------- WWWW -------- G4Exception-END --------- WWWW -------


-------- WWWW ------- G4Exception-START -------- WWWW -------
*** G4Exception : GeomNav1002
      issued by : G4Navigator::ComputeStep()
Stuck Track: potential geometry or navigation problem.
  Track stuck, not moving for 10 steps.
  Current  phys volume: 'Crystal'
   - at position : (38.06121534557261,-1.718687411354332,-0.1936348173543372)
     in direction: (-0.01781674246152068,-0.394560911486618,0.9186970397333984)
    (local position: (38.06121534557261,-1.718687411354332,-0.1936348173543372))
    (local direction: (-0.01781674246152068,-0.394560911486618,0.9186970397333984)).
  Previous phys volume: 'World'

  Likely geometry overlap - else navigation problem !
   *** Trying to get *unstuck* using a push - expanding step to 1e-07 (mm) ...       Potential overlap in geometry !

*** This is just a warning message. ***
-------- WWWW -------- G4Exception-END --------- WWWW -------


-------- WWWW ------- G4Exception-START -------- WWWW -------
*** G4Exception : GeomNav1002
      issued by : G4Navigator::ComputeStep()
Stuck Track: potential geometry or navigation problem.
  Track stuck, not moving for 10 steps.
  Current  phys volume: 'Crystal'
   - at position : (13.92390448857414,-35.46455813615989,36.23496022256515)
     in direction: (0.8430078537551323,0.3309772193900884,-0.4240186773621784)
    (local position: (13.92390448857414,-35.46455813615989,36.23496022256515))
    (local direction: (0.8430078537551323,0.3309772193900884,-0.4240186773621784)).
  Previous phys volume: 'World'

  Likely geometry overlap - else navigation problem !
   *** Trying to get *unstuck* using a push - expanding step to 1e-07 (mm) ...       Potential overlap in geometry !

*** This is just a warning message. ***
-------- WWWW -------- G4Exception-END --------- WWWW -------


-------- WWWW ------- G4Exception-START -------- WWWW -------
*** G4Exception : GeomNav1002
      issued by : G4Navigator::ComputeStep()
Stuck Track: potential geometry or navigation problem.
  Track stuck, not moving for 10 steps.
  Current  phys volume: 'Crystal'
   - at position : (37.61788321370371,-6.041925398426315,6.708969538581525)
     in direction: (0.1541369668284328,0.9596785850048304,0.2350719229088347)
    (local position: (37.61788321370371,-6.041925398426315,6.708969538581525))
    (local direction: (0.1541369668284328,0.9596785850048304,0.2350719229088347)).
  Previous phys volume: 'World'

  Likely geometry overlap - else navigation problem !
   *** Trying to get *unstuck* using a push - expanding step to 1e-07 (mm) ...       Potential overlap in geometry !

*** This is just a warning message. ***
-------- WWWW -------- G4Exception-END --------- WWWW -------


-------- WWWW ------- G4Exception-START -------- WWWW -------
*** G4Exception : GeomNav1002
      issued by : G4Navigator::ComputeStep()
Stuck Track: potential geometry or navigation problem.
  Track stuck, not moving for 10 steps.
  Current  phys volume: 'Crystal'
   - at position : (-29.7370871105199,-23.81838890818082,-6.491252573071319)
     in direction: (-0.5807667300768192,0.7250830822253647,0.3700871912218041)
    (local position: (-29.7370871105199,-23.81838890818082,-6.491252573071319))
    (local direction: (-0.5807667300768192,0.7250830822253647,0.3700871912218041)).
  Previous phys volume: 'World'

  Likely geometry overlap - else navigation problem !
   *** Trying to get *unstuck* using a push - expanding step to 1e-07 (mm) ...       Potential overlap in geometry !

*** This is just a warning message. ***
-------- WWWW -------- G4Exception-END --------- WWWW -------


-------- WWWW ------- G4Exception-START -------- WWWW -------
*** G4Exception : GeomNav1002
      issued by : G4Navigator::ComputeStep()
Stuck Track: potential geometry or navigation problem.
  Track stuck, not moving for 10 steps.
  Current  phys volume: 'Crystal'
   - at position : (-17.06718909921038,-34.06348567383841,-33.20428453533209)
     in direction: (0.8873430414112609,-0.4445948846411147,-0.122301739194368)
    (local position: (-17.06718909921038,-34.06348567383841,-33.20428453533209))
    (local direction: (0.8873430414112609,-0.4445948846411147,-0.122301739194368)).
  Previous phys volume: 'World'

  Likely geometry overlap - else navigation problem !
   *** Trying to get *unstuck* using a push - expanding step to 1e-07 (mm) ...       Potential overlap in geometry !

*** This is just a warning message. ***
-------- WWWW -------- G4Exception-END --------- WWWW -------


-------- WWWW ------- G4Exception-START -------- WWWW -------
*** G4Exception : GeomNav1002
      issued by : G4Navigator::ComputeStep()
Stuck Track: potential geometry or navigation problem.
  Track stuck, not moving for 10 steps.
  Current  phys volume: 'Crystal'
   - at position : (24.62672588967148,-29.07119488350942,-24.43800663416405)
     in direction: (0.6940252981216211,0.58792116546382,0.4155449299015193)
    (local position: (24.62672588967148,-29.07119488350942,-24.43800663416405))
    (local direction: (0.6940252981216211,0.58792116546382,0.4155449299015193)).
  Previous phys volume: 'World'

  Likely geometry overlap - else navigation problem !
   *** Trying to get *unstuck* using a push - expanding step to 1e-07 (mm) ...       Potential overlap in geometry !

*** This is just a warning message. ***
-------- WWWW -------- G4Exception-END --------- WWWW -------


-------- WWWW ------- G4Exception-START -------- WWWW -------
*** G4Exception : GeomNav1002
      issued by : G4Navigator::ComputeStep()
Stuck Track: potential geometry or navigation problem.
  Track stuck, not moving for 10 steps.
  Current  phys volume: 'Crystal'
   - at position : (33.61005708436803,17.94363571814593,-14.33104058334934)
     in direction: (0.4079963121367012,-0.7642140955446836,0.4995155908014011)
    (local position: (33.61005708436803,17.94363571814593,-14.33104058334934))
    (local direction: (0.4079963121367012,-0.7642140955446836,0.4995155908014011)).
  Previous phys volume: 'World'

  Likely geometry overlap - else navigation problem !
   *** Trying to get *unstuck* using a push - expanding step to 1e-07 (mm) ...       Potential overlap in geometry !

*** This is just a warning message. ***
-------- WWWW -------- G4Exception-END --------- WWWW -------


-------- WWWW ------- G4Exception-START -------- WWWW -------
*** G4Exception : GeomNav1002
      issued by : G4Navigator::ComputeStep()
Stuck Track: potential geometry or navigation problem.
  Track stuck, not moving for 10 steps.
  Current  phys volume: 'Crystal'
   - at position : (-7.996876347311519,-37.25130828153301,10.27032198978523)
     in direction: (-0.8179009802956035,0.1755818333771459,-0.5479133199872139)
    (local position: (-7.996876347311519,-37.25130828153301,10.27032198978523))
    (local direction: (-0.8179009802956035,0.1755818333771459,-0.5479133199872139)).
  Previous phys volume: 'World'

  Likely geometry overlap - else navigation problem !
   *** Trying to get *unstuck* using a push - expanding step to 1e-07 (mm) ...       Potential overlap in geometry !

*** This is just a warning message. ***
-------- WWWW -------- G4Exception-END --------- WWWW -------


-------- WWWW ------- G4Exception-START -------- WWWW -------
*** G4Exception : GeomNav1002
      issued by : G4Navigator::ComputeStep()
Stuck Track: potential geometry or navigation problem.
  Track stuck, not moving for 10 steps.
  Current  phys volume: 'Crystal'
   - at position : (36.94282328415173,-9.318680582353757,8.439016346124903)
     in direction: (0.2336535103689945,0.9262921147473455,-0.2956162296781701)
    (local position: (36.94282328415173,-9.318680582353757,8.439016346124903))
    (local direction: (0.2336535103689945,0.9262921147473455,-0.2956162296781701)).
  Previous phys volume: 'World'

  Likely geometry overlap - else navigation problem !
   *** Trying to get *unstuck* using a push - expanding step to 1e-07 (mm) ...       Potential overlap in geometry !

*** This is just a warning message. ***
-------- WWWW -------- G4Exception-END --------- WWWW -------


-------- WWWW ------- G4Exception-START -------- WWWW -------
*** G4Exception : GeomNav1002
      issued by : G4Navigator::ComputeStep()
Stuck Track: potential geometry or navigation problem.
  Track stuck, not moving for 10 steps.
  Current  phys volume: 'Crystal'
   - at position : (-19.01905057275921,33.0134172013566,20.66438749153106)
     in direction: (-0.8465200726783122,-0.487680750372701,-0.2134742426350885)
    (local position: (-19.01905057275921,33.0134172013566,20.66438749153106))
    (local direction: (-0.8465200726783122,-0.487680750372701,-0.2134742426350885)).
  Previous phys volume: 'World'

  Likely geometry overlap - else navigation problem !
   *** Trying to get *unstuck* using a push - expanding step to 1e-07 (mm) ...       Potential overlap in geometry !

*** This is just a warning message. ***
-------- WWWW -------- G4Exception-END --------- WWWW -------


-------- WWWW ------- G4Exception-START -------- WWWW -------
*** G4Exception : GeomNav1002
      issued by : G4Navigator::ComputeStep()
Stuck Track: potential geometry or navigation problem.
  Track stuck, not moving for 10 steps.
  Current  phys volume: 'Crystal'
   - at position : (-11.16514810224503,-36.42731760444261,34.99781627125824)
     in direction: (-0.9161814207521246,0.2808140133265039,-0.285928477399647)
    (local position: (-11.16514810224503,-36.42731760444261,34.99781627125824))
    (local direction: (-0.9161814207521246,0.2808140133265039,-0.285928477399647)).
  Previous phys volume: 'World'

  Likely geometry overlap - else navigation problem !
   *** Trying to get *unstuck* using a push - expanding step to 1e-07 (mm) ...       Potential overlap in geometry !

*** This is just a warning message. ***
-------- WWWW -------- G4Exception-END --------- WWWW -------


-------- WWWW ------- G4Exception-START -------- WWWW -------
*** G4Exception : GeomNav1002
      issued by : G4Navigator::ComputeStep()
Stuck Track: potential geometry or navigation problem.
  Track stuck, not moving for 10 steps.
  Current  phys volume: 'Crystal'
   - at position : (31.77218858589949,21.02707855271479,34.41141899614951)
     in direction: (-0.5181901008229828,0.7829919674965214,-0.3440967861590589)
    (local position: (31.77218858589949,21.02707855271479,34.41141899614951))
    (local direction: (-0.5181901008229828,0.7829919674965214,-0.3440967861590589)).
  Previous phys volume: 'World'

  Likely geometry overlap - else navigation problem !
   *** Trying to get *unstuck* using a push - expanding step to 1e-07 (mm) ...       Potential overlap in geometry !

*** This is just a warning message. ***
-------- WWWW -------- G4Exception-END --------- WWWW -------


-------- WWWW ------- G4Exception-START -------- WWWW -------
*** G4Exception : GeomNav1002
      issued by : G4Navigator::ComputeStep()
Stuck Track: potential geometry or navigation problem.
  Track stuck, not moving for 10 steps.
  Current  phys volume: 'Crystal'
   - at position : (-26.94341813453217,26.93811833123767,-24.03911698998649)
     in direction: (-0.6895211935578918,-0.6896568499036071,0.2212102009753035)
    (local position: (-26.94341813453217,26.93811833123767,-24.03911698998649))
    (local direction: (-0.6895211935578918,-0.6896568499036071,0.2212102009753035)).
  Previous phys volume: 'World'

  Likely geometry overlap - else navigation problem !
   *** Trying to get *unstuck* using a push - expanding step to 1e-07 (mm) ...       Potential overlap in geometry !

*** This is just a warning message. ***
-------- WWWW -------- G4Exception-END --------- WWWW -------


-------- WWWW ------- G4Exception-START -------- WWWW -------
*** G4Exception : GeomNav1002
      issued by : G4Navigator::ComputeStep()
Stuck Track: potential geometry or navigation problem.
  Track stuck, not moving for 10 steps.
  Current  phys volume: 'Crystal'
   - at position : (15.62094433095073,-34.75048342410992,-5.987358858368878)
     in direction: (0.9031183759558831,0.4059673559901517,0.1398846127391205)
    (local position: (15.62094433095073,-34.75048342410992,-5.987358858368878))
    (local direction: (0.9031183759558831,0.4059673559901517,0.1398846127391205)).
  Previous phys volume: 'World'

  Likely geometry overlap - else navigation problem !
   *** Trying to get *unstuck* using a push - expanding step to 1e-07 (mm) ...       Potential overlap in geometry !

*** This is just a warning message. ***
-------- WWWW -------- G4Exception-END --------- WWWW -------


-------- WWWW ------- G4Exception-START -------- WWWW -------
*** G4Exception : GeomNav1002
      issued by : G4Navigator::ComputeStep()
Stuck Track: potential geometry or navigation problem.
  Track stuck, not moving for 10 steps.
  Current  phys volume: 'Crystal'
   - at position : (-34.50839967363968,-16.14869505453444,-17.28880334657858)
     in direction: (0.122518031966536,-0.2618107035925373,0.9573110713490299)
    (local position: (-34.50839967363968,-16.14869505453444,-17.28880334657858))
    (local direction: (0.122518031966536,-0.2618107035925373,0.9573110713490299)).
  Previous phys volume: 'World'

  Likely geometry overlap - else navigation problem !
   *** Trying to get *unstuck* using a push - expanding step to 1e-07 (mm) ...       Potential overlap in geometry !

*** This is just a warning message. ***
-------- WWWW -------- G4Exception-END --------- WWWW -------


-------- WWWW ------- G4Exception-START -------- WWWW -------
*** G4Exception : GeomNav1002
      issued by : G4Navigator::ComputeStep()
Stuck Track: potential geometry or navigation problem.
  Track stuck, not moving for 10 steps.
  Current  phys volume: 'Crystal'
   - at position : (-26.87413771762599,27.00723462211695,-23.23472434866923)
     in direction: (-0.7087238633984839,-0.7052311343695017,0.0189613439775003)
    (local position: (-26.87413771762599,27.00723462211695,-23.23472434866923))
    (local direction: (-0.7087238633984839,-0.7052311343695017,0.0189613439775003)).
  Previous phys volume: 'World'

  Likely geometry overlap - else navigation problem !
   *** Trying to get *unstuck* using a push - expanding step to 1e-07 (mm) ...       Potential overlap in geometry !

*** This is just a warning message. ***
-------- WWWW -------- G4Exception-END --------- WWWW -------


-------- WWWW ------- G4Exception-START -------- WWWW -------
*** G4Exception : GeomNav1002
      issued by : G4Navigator::ComputeStep()
Stuck Track: potential geometry or navigation problem.
  Track stuck, not moving for 10 steps.
  Current  phys volume: 'Crystal'
   - at position : (-19.00349212719694,-33.02237555009579,-11.33259597522737)
     in direction: (-0.6912718714863847,0.3978084359078191,0.6032343226411158)
    (local position: (-19.00349212719694,-33.02237555009579,-11.33259597522737))
    (local direction: (-0.6912718714863847,0.3978084359078191,0.6032343226411158)).
  Previous phys volume: 'World'

  Likely geometry overlap - else navigation problem !
   *** Trying to get *unstuck* using a push - expanding step to 1e-07 (mm) ...       Potential overlap in geometry !

*** This is just a warning message. ***
-------- WWWW -------- G4Exception-END --------- WWWW -------


-------- WWWW ------- G4Exception-START -------- WWWW -------
*** G4Exception : GeomNav1002
      issued by : G4Navigator::ComputeStep()
Stuck Track: potential geometry or navigation problem.
  Track stuck, not moving for 10 steps.
  Current  phys volume: 'Crystal'
   - at position : (-30.53680981751918,22.7840568417625,-0.180824597826141)
     in direction: (-0.5978078629187207,-0.8012245204684276,0.0257881141747571)
    (local position: (-30.53680981751918,22.7840568417625,-0.180824597826141))
    (local direction: (-0.5978078629187207,-0.8012245204684276,0.0257881141747571)).
  Previous phys volume: 'World'

  Likely geometry overlap - else navigation problem !
   *** Trying to get *unstuck* using a push - expanding step to 1e-07 (mm) ...       Potential overlap in geometry !

*** This is just a warning message. ***
-------- WWWW -------- G4Exception-END --------- WWWW -------


-------- WWWW ------- G4Exception-START -------- WWWW -------
*** G4Exception : GeomNav1002
      issued by : G4Navigator::ComputeStep()
Stuck Track: potential geometry or navigation problem.
  Track stuck, not moving for 10 steps.
  Current  phys volume: 'Crystal'
   - at position : (-6.014075616050716,-37.62234568025264,-30.0193902603933)
     in direction: (0.3725721438634317,-0.05955707984483532,0.9260901424037307)
    (local position: (-6.014075616050716,-37.62234568025264,-30.0193902603933))
    (local direction: (0.3725721438634317,-0.05955707984483532,0.9260901424037307)).
  Previous phys volume: 'World'

  Likely geometry overlap - else navigation problem !
   *** Trying to get *unstuck* using a push - expanding step to 1e-07 (mm) ...       Potential overlap in geometry !

*** This is just a warning message. ***
-------- WWWW -------- G4Exception-END --------- WWWW -------


-------- WWWW ------- G4Exception-START -------- WWWW -------
*** G4Exception : GeomNav1002
      issued by : G4Navigator::ComputeStep()
Stuck Track: potential geometry or navigation problem.
  Track stuck, not moving for 10 steps.
  Current  phys volume: 'Crystal'
   - at position : (-32.008234989347,-20.66598395592966,-9.276300970348926)
     in direction: (-0.5194371248672776,0.8045232973372198,-0.2879710703373933)
    (local position: (-32.008234989347,-20.66598395592966,-9.276300970348926))
    (local direction: (-0.5194371248672776,0.8045232973372198,-0.2879710703373933)).
  Previous phys volume: 'World'

  Likely geometry overlap - else navigation problem !
   *** Trying to get *unstuck* using a push - expanding step to 1e-07 (mm) ...       Potential overlap in geometry !

*** This is just a warning message. ***
-------- WWWW -------- G4Exception-END --------- WWWW -------


-------- WWWW ------- G4Exception-START -------- WWWW -------
*** G4Exception : GeomNav1002
      issued by : G4Navigator::ComputeStep()
Stuck Track: potential geometry or navigation problem.
  Track stuck, not moving for 10 steps.
  Current  phys volume: 'Crystal'
   - at position : (36.65681933872603,-10.38689539602673,-4.259069454465906)
     in direction: (0.2483736862797136,0.8765457819024187,-0.4122838878647868)
    (local position: (36.65681933872603,-10.38689539602673,-4.259069454465906))
    (local direction: (0.2483736862797136,0.8765457819024187,-0.4122838878647868)).
  Previous phys volume: 'World'

  Likely geometry overlap - else navigation problem !
   *** Trying to get *unstuck* using a push - expanding step to 1e-07 (mm) ...       Potential overlap in geometry !

*** This is just a warning message. ***
-------- WWWW -------- G4Exception-END --------- WWWW -------


-------- WWWW ------- G4Exception-START -------- WWWW -------
*** G4Exception : GeomNav1002
      issued by : G4Navigator::ComputeStep()
Stuck Track: potential geometry or navigation problem.
  Track stuck, not moving for 10 steps.
  Current  phys volume: 'Crystal'
   - at position : (34.18116145327663,-16.83027634072108,19.98498915054163)
     in direction: (0.439524387791842,0.8926445269003737,-0.1000203035938937)
    (local position: (34.18116145327663,-16.83027634072108,19.98498915054163))
    (local direction: (0.439524387791842,0.8926445269003737,-0.1000203035938937)).
  Previous phys volume: 'World'

  Likely geometry overlap - else navigation problem !
   *** Trying to get *unstuck* using a push - expanding step to 1e-07 (mm) ...       Potential overlap in geometry !

*** This is just a warning message. ***
-------- WWWW -------- G4Exception-END --------- WWWW -------


-------- WWWW ------- G4Exception-START -------- WWWW -------
*** G4Exception : GeomNav1002
      issued by : G4Navigator::ComputeStep()
Stuck Track: potential geometry or navigation problem.
  Track stuck, not moving for 10 steps.
  Current  phys volume: 'Crystal'
   - at position : (-8.623258302472815,37.11131116315932,-34.30584262403255)
     in direction: (0.9446456823320029,0.2194997554047904,-0.2438532186146868)
    (local position: (-8.623258302472815,37.11131116315932,-34.30584262403255))
    (local direction: (0.9446456823320029,0.2194997554047904,-0.2438532186146868)).
  Previous phys volume: 'World'

  Likely geometry overlap - else navigation problem !
   *** Trying to get *unstuck* using a push - expanding step to 1e-07 (mm) ...       Potential overlap in geometry !

*** This is just a warning message. ***
-------- WWWW -------- G4Exception-END --------- WWWW -------


-------- WWWW ------- G4Exception-START -------- WWWW -------
*** G4Exception : GeomNav1002
      issued by : G4Navigator::ComputeStep()
Stuck Track: potential geometry or navigation problem.
  Track stuck, not moving for 10 steps.
  Current  phys volume: 'Crystal'
   - at position : (-10.05675976306239,-36.74876301412129,3.626695229195565)
     in direction: (0.8226112195771585,-0.2251178743216007,-0.5221424365886228)
    (local position: (-10.05675976306239,-36.74876301412129,3.626695229195565))
    (local direction: (0.8226112195771585,-0.2251178743216007,-0.5221424365886228)).
  Previous phys volume: 'World'

  Likely geometry overlap - else navigation problem !
   *** Trying to get *unstuck* using a push - expanding step to 1e-07 (mm) ...       Potential overlap in geometry !

*** This is just a warning message. ***
-------- WWWW -------- G4Exception-END --------- WWWW -------


-------- WWWW ------- G4Exception-START -------- WWWW -------
*** G4Exception : GeomNav1002
      issued by : G4Navigator::ComputeStep()
Stuck Track: potential geometry or navigation problem.
  Track stuck, not moving for 10 steps.
  Current  phys volume: 'Crystal'
   - at position : (35.181844048393,-14.62353751164724,6.242858397021497)
     in direction: (-0.3555727807273116,-0.8554500653099898,-0.3765277989298815)
    (local position: (35.181844048393,-14.62353751164724,6.242858397021497))
    (local direction: (-0.3555727807273116,-0.8554500653099898,-0.3765277989298815)).
  Previous phys volume: 'World'

  Likely geometry overlap - else navigation problem !
   *** Trying to get *unstuck* using a push - expanding step to 1e-07 (mm) ...       Potential overlap in geometry !

*** This is just a warning message. ***
-------- WWWW -------- G4Exception-END --------- WWWW -------


-------- WWWW ------- G4Exception-START -------- WWWW -------
*** G4Exception : GeomNav1002
      issued by : G4Navigator::ComputeStep()
Stuck Track: potential geometry or navigation problem.
  Track stuck, not moving for 10 steps.
  Current  phys volume: 'Crystal'
   - at position : (3.023165451585407,37.97986928166473,-19.09278262065978)
     in direction: (0.9690351557181387,-0.07713437827846983,0.23456588556292)
    (local position: (3.023165451585407,37.97986928166473,-19.09278262065978))
    (local direction: (0.9690351557181387,-0.07713437827846983,0.23456588556292)).
  Previous phys volume: 'World'

  Likely geometry overlap - else navigation problem !
   *** Trying to get *unstuck* using a push - expanding step to 1e-07 (mm) ...       Potential overlap in geometry !

*** This is just a warning message. ***
-------- WWWW -------- G4Exception-END --------- WWWW -------


-------- WWWW ------- G4Exception-START -------- WWWW -------
*** G4Exception : GeomNav1002
      issued by : G4Navigator::ComputeStep()
Stuck Track: potential geometry or navigation problem.
  Track stuck, not moving for 10 steps.
  Current  phys volume: 'Crystal'
   - at position : (35.81055994006297,-13.00822035403604,6.812472141230129)
     in direction: (-0.3179522410369497,-0.8752963492195374,-0.364366125569504)
    (local position: (35.81055994006297,-13.00822035403604,6.812472141230129))
    (local direction: (-0.3179522410369497,-0.8752963492195374,-0.364366125569504)).
  Previous phys volume: 'World'

  Likely geometry overlap - else navigation problem !
   *** Trying to get *unstuck* using a push - expanding step to 1e-07 (mm) ...       Potential overlap in geometry !

*** This is just a warning message. ***
-------- WWWW -------- G4Exception-END --------- WWWW -------


-------- WWWW ------- G4Exception-START -------- WWWW -------
*** G4Exception : GeomNav1002
      issued by : G4Navigator::ComputeStep()
Stuck Track: potential geometry or navigation problem.
  Track stuck, not moving for 10 steps.
  Current  phys volume: 'Crystal'
   - at position : (38.0644592596017,-1.645278479201193,-27.57599898378875)
     in direction: (0.01155050255257019,0.2672274872602173,0.9635642458826362)
    (local position: (38.0644592596017,-1.645278479201193,-27.57599898378875))
    (local direction: (0.01155050255257019,0.2672274872602173,0.9635642458826362)).
  Previous phys volume: 'World'

  Likely geometry overlap - else navigation problem !
   *** Trying to get *unstuck* using a push - expanding step to 1e-07 (mm) ...       Potential overlap in geometry !

*** This is just a warning message. ***
-------- WWWW -------- G4Exception-END --------- WWWW -------


-------- WWWW ------- G4Exception-START -------- WWWW -------
*** G4Exception : GeomNav1002
      issued by : G4Navigator::ComputeStep()
Stuck Track: potential geometry or navigation problem.
  Track stuck, not moving for 10 steps.
  Current  phys volume: 'Crystal'
   - at position : (-35.8416955234059,-12.9221848774681,30.50603554977234)
     in direction: (0.2677474213287289,-0.7426392396826368,0.6138389675276501)
    (local position: (-35.8416955234059,-12.9221848774681,30.50603554977234))
    (local direction: (0.2677474213287289,-0.7426392396826368,0.6138389675276501)).
  Previous phys volume: 'World'

  Likely geometry overlap - else navigation problem !
   *** Trying to get *unstuck* using a push - expanding step to 1e-07 (mm) ...       Potential overlap in geometry !

*** This is just a warning message. ***
-------- WWWW -------- G4Exception-END --------- WWWW -------


-------- WWWW ------- G4Exception-START -------- WWWW -------
*** G4Exception : GeomNav1002
      issued by : G4Navigator::ComputeStep()
Stuck Track: potential geometry or navigation problem.
  Track stuck, not moving for 10 steps.
  Current  phys volume: 'Crystal'
   - at position : (-31.9659508541112,-20.73132861136853,37.08940800188171)
     in direction: (-0.451564203969855,0.6962737131888702,0.5579360949206049)
    (local position: (-31.9659508541112,-20.73132861136853,37.08940800188171))
    (local direction: (-0.451564203969855,0.6962737131888702,0.5579360949206049)).
  Previous phys volume: 'World'

  Likely geometry overlap - else navigation problem !
   *** Trying to get *unstuck* using a push - expanding step to 1e-07 (mm) ...       Potential overlap in geometry !

*** This is just a warning message. ***
-------- WWWW -------- G4Exception-END --------- WWWW -------


-------- WWWW ------- G4Exception-START -------- WWWW -------
*** G4Exception : GeomNav1002
      issued by : G4Navigator::ComputeStep()
Stuck Track: potential geometry or navigation problem.
  Track stuck, not moving for 10 steps.
  Current  phys volume: 'Crystal'
   - at position : (36.04007565982401,12.3581125757197,13.39811084382067)
     in direction: (0.3243309525679897,-0.94584929516977,0.01336203701499531)
    (local position: (36.04007565982401,12.3581125757197,13.39811084382067))
    (local direction: (0.3243309525679897,-0.94584929516977,0.01336203701499531)).
  Previous phys volume: 'World'

  Likely geometry overlap - else navigation problem !
   *** Trying to get *unstuck* using a push - expanding step to 1e-07 (mm) ...       Potential overlap in geometry !

*** This is just a warning message. ***
-------- WWWW -------- G4Exception-END --------- WWWW -------


-------- WWWW ------- G4Exception-START -------- WWWW -------
*** G4Exception : GeomNav1002
      issued by : G4Navigator::ComputeStep()
Stuck Track: potential geometry or navigation problem.
  Track stuck, not moving for 10 steps.
  Current  phys volume: 'Crystal'
   - at position : (-38.01521457978867,2.540366204432551,12.50042874199003)
     in direction: (-0.06041766604209917,-0.9041178925278028,0.4229900022945103)
    (local position: (-38.01521457978867,2.540366204432551,12.50042874199003))
    (local direction: (-0.06041766604209917,-0.9041178925278028,0.4229900022945103)).
  Previous phys volume: 'World'

  Likely geometry overlap - else navigation problem !
   *** Trying to get *unstuck* using a push - expanding step to 1e-07 (mm) ...       Potential overlap in geometry !

*** This is just a warning message. ***
-------- WWWW -------- G4Exception-END --------- WWWW -------


-------- WWWW ------- G4Exception-START -------- WWWW -------
*** G4Exception : GeomNav1002
      issued by : G4Navigator::ComputeStep()
Stuck Track: potential geometry or navigation problem.
  Track stuck, not moving for 10 steps.
  Current  phys volume: 'Crystal'
   - at position : (-37.79832474361606,-4.785044051640666,10.22971486226085)
     in direction: (-0.1251726989941646,0.9887721564431797,0.08161751080019718)
    (local position: (-37.79832474361606,-4.785044051640666,10.22971486226085))
    (local direction: (-0.1251726989941646,0.9887721564431797,0.08161751080019718)).
  Previous phys volume: 'World'

  Likely geometry overlap - else navigation problem !
   *** Trying to get *unstuck* using a push - expanding step to 1e-07 (mm) ...       Potential overlap in geometry !

*** This is just a warning message. ***
-------- WWWW -------- G4Exception-END --------- WWWW -------


-------- WWWW ------- G4Exception-START -------- WWWW -------
*** G4Exception : GeomNav1002
      issued by : G4Navigator::ComputeStep()
Stuck Track: potential geometry or navigation problem.
  Track stuck, not moving for 10 steps.
  Current  phys volume: 'Crystal'
   - at position : (26.36428611212867,-27.50517074656726,2.73124216450137)
     in direction: (-0.686305805346478,-0.657838585307732,-0.3102140184260602)
    (local position: (26.36428611212867,-27.50517074656726,2.73124216450137))
    (local direction: (-0.686305805346478,-0.657838585307732,-0.3102140184260602)).
  Previous phys volume: 'World'

  Likely geometry overlap - else navigation problem !
   *** Trying to get *unstuck* using a push - expanding step to 1e-07 (mm) ...       Potential overlap in geometry !

*** This is just a warning message. ***
-------- WWWW -------- G4Exception-END --------- WWWW -------


=== run summary ===
events: 25
geometry: crystal=cylinder d=76.2mm L=76.2mm surface=polished/teflon/air reflectivity=0.99 (polishedteflonair, model=lut) coupling=grease n=1.465 readout=76.2mm
output: /work/runs_scratch/diag/closure_baseline.csv
===================
