
**************************************************************
 Geant4 version Name: geant4-11-04-patch-02 [MT]   (12-June-2026)
                       Copyright : Geant4 Collaboration
                      References : NIM A 506 (2003), 250-303
                                 : IEEE-TNS 53 (2006), 270-278
                                 : NIM A 835 (2016), 186-225
                             WWW : http://geant4.org/
**************************************************************

Checking overlaps for volume Crystal:0 (G4Tubs) ... OK! 
Checking overlaps for volume Coupling:0 (G4Tubs) ... OK! 
Checking overlaps for volume Photodetector:0 (G4Tubs) ... OK! 
G4OpticalSurface: data file /opt/geant4/share/Geant4/data/RealSurface2.2/PolishedTeflon.z successfully read in.
LUT - data file: PolishedTeflon.z read in! 
[geometry] crystal=cylinder d=76.2mm L=76.2mm surface=polished/teflon/air reflectivity=0.99 (polishedteflonair, model=lut) coupling=grease n=1.465 readout=76.2mm
[material] materials/NaI_Tl.dat
### Birks coefficients used in run time
=======================================================================
======                 Electromagnetic Physics Parameters      ========
=======================================================================
LPM effect enabled                                 1
Enable creation and use of sampling tables         0
Apply cuts on all EM processes                     0
Use combined TransportationWithMsc                 Disabled
Use general process                                1
Enable linear polarisation for gamma               0
Enable photoeffect sampling below K-shell          1
Enable sampling of quantum entanglement            0
X-section factor for integral approach             0.8
Min kinetic energy for tables                      100 eV 
Max kinetic energy for tables                      100 TeV
Number of bins per decade of a table               20
Verbose level                                      1
Verbose level for worker thread                    0
Bremsstrahlung energy threshold above which 
  primary e+- is added to the list of secondary    100 TeV
Bremsstrahlung energy threshold above which primary
  muon/hadron is added to the list of secondary    100 TeV
Positron annihilation at rest model                AllisonPositronium
Enable 3 gamma annihilation on fly                 1
Lowest triplet kinetic energy                      1 MeV
Enable sampling of gamma linear polarisation       0
5D gamma conversion model type                     0
5D gamma conversion model on isolated ion          0
Use RiGe 5D e+e- pair production model by muons    0
Livermore data directory                           epics_2017
=======================================================================
======                 Ionisation Parameters                   ========
=======================================================================
Step function for e+-                              (0.2, 0.01 mm)
Step function for muons/hadrons                    (0.1, 0.05 mm)
Step function for light ions                       (0.1, 0.02 mm)
Step function for general ions                     (0.1, 0.001 mm)
Lowest e+e- kinetic energy                         100 eV 
Lowest muon/hadron kinetic energy                  1 keV
Use ICRU90 data                                    1
Fluctuations of dE/dx are enabled                  1
Type of fluctuation model for leptons and hadrons  Urban
Use built-in Birks saturation                      1
Build CSDA range enabled                           0
Use cut as a final range enabled                   0
Enable angular generator interface                 1
Max kinetic energy for CSDA tables                 1 GeV
Max kinetic energy for NIEL computation            1 MeV
Linear loss limit                                  0.01
Read data from file for e+e- pair production by mu 0
=======================================================================
======                 Multiple Scattering Parameters          ========
=======================================================================
Type of msc step limit algorithm for e+-           2
Type of msc step limit algorithm for muons/hadrons 0
Msc lateral displacement for e+- enabled           1
Msc lateral displacement for muons and hadrons     1
Urban msc model lateral displacement alg96         1
Range factor for msc step limit for e+-            0.08
Range factor for msc step limit for muons/hadrons  0.2
Geometry factor for msc step limitation of e+-     2.5
Safety factor for msc step limit for e+-           0.6
Skin parameter for msc step limitation of e+-      3
Lambda limit for msc step limit for e+-            1 mm
Use Mott correction for e- scattering              1
Factor used for dynamic computation of angular 
  limit between single and multiple scattering     1
Fixed angular limit between single 
  and multiple scattering                          3.1416 rad
Upper energy limit for e+- multiple scattering     100 MeV
Type of electron single scattering model           0
Type of nuclear form-factor                        1
Screening factor                                   1
=======================================================================
======                 Atomic Deexcitation Parameters          ========
=======================================================================
Fluorescence enabled                               1
Directory in G4LEDATA for fluorescence data files  fluor
Auger electron cascade enabled                     0
PIXE atomic de-excitation enabled                  0
De-excitation module ignores cuts                  0
Type of PIXE cross section for hadrons             Empirical
Type of PIXE cross section for e+-                 Livermore
=======================================================================

### ===  Deexcitation model UAtomDeexcitation is activated for 1 region:
          DefaultRegionForTheWorld  1  0  0
### ===  Ignore cuts flag:   0

phot:  for gamma SubType=12 BuildTable=0
      LambdaPrime table from 200 keV to 100 TeV in 174 bins 
      ===== EM models for the G4Region  DefaultRegionForTheWorld ======
 LivermorePhElectric : Emin=    0 eV  Emax=  100 TeV  SauterGavrila Fluo

compt:  for gamma SubType=13 BuildTable=1
      Lambda table from 100 eV  to 1 MeV, 20 bins/decade, spline: 1
      LambdaPrime table from 1 MeV to 100 TeV in 160 bins 
      ===== EM models for the G4Region  DefaultRegionForTheWorld ======
   LowEPComptonModel : Emin=    0 eV  Emax=   20 MeV Fluo
        KleinNishina : Emin=   20 MeV Emax=  100 TeV Fluo

conv:  for gamma SubType=14 BuildTable=1
      Lambda table from 1.022 MeV to 100 TeV, 20 bins/decade, spline: 1
      ===== EM models for the G4Region  DefaultRegionForTheWorld ======
      BetheHeitler5D : Emin=    0 eV  Emax=  100 TeV  ModifiedTsai

Rayl:  for gamma SubType=11 BuildTable=1
      Lambda table from 100 eV  to 150 keV, 20 bins/decade, spline: 0
      LambdaPrime table from 150 keV to 100 TeV in 176 bins 
      ===== EM models for the G4Region  DefaultRegionForTheWorld ======
   LivermoreRayleigh : Emin=    0 eV  Emax=  100 TeV  CullenGenerator

msc:  for e-  SubType= 10
      ===== EM models for the G4Region  DefaultRegionForTheWorld ======
  GoudsmitSaunderson : Emin=    0 eV  Emax=  100 MeV Nbins=120 100 eV  - 100 MeV
          StepLim=SafetyPlus Rfact=0.08 Gfact=2.5 Sfact=0.6 DispFlag:1 Skin=3 Llim=1 mm
        WentzelVIUni : Emin=  100 MeV Emax=  100 TeV Nbins=120 100 MeV - 100 TeV
          StepLim=SafetyPlus Rfact=0.08 Gfact=2.5 Sfact=0.6 DispFlag:1 Skin=3 Llim=1 mm

eIoni:  for e-  XStype:3  SubType=2
      dE/dx and range tables from 100 eV  to 100 TeV in 240 bins
      Lambda tables from threshold to 100 TeV, 20 bins/decade, spline: 1
      StepFunction=(0.2, 0.01 mm), integ: 3, fluct: 1, linLossLim= 0.01
      ===== EM models for the G4Region  DefaultRegionForTheWorld ======
             PenIoni : Emin=    0 eV  Emax=  100 keV
        MollerBhabha : Emin=  100 keV Emax=  100 TeV  deltaVI

eBrem:  for e-  XStype:4  SubType=3
      dE/dx and range tables from 100 eV  to 100 TeV in 240 bins
      Lambda tables from threshold to 100 TeV, 20 bins/decade, spline: 1
      LPM flag: 1 for E > 1 GeV,  VertexHighEnergyTh(GeV)= 100000
      ===== EM models for the G4Region  DefaultRegionForTheWorld ======
             eBremSB : Emin=    0 eV  Emax=    1 GeV  AngularGen2BS
            eBremLPM : Emin=    1 GeV Emax=  100 TeV  AngularGen2BS

ePairProd:  for e-  XStype:1  SubType=4
      dE/dx and range tables from 100 eV  to 100 TeV in 240 bins
      Lambda tables from threshold to 100 TeV, 20 bins/decade, spline: 0
      Sampling table 25x1001; from 0.1 GeV to 100 TeV 
      ===== EM models for the G4Region  DefaultRegionForTheWorld ======
           ePairProd : Emin=    0 eV  Emax=  100 TeV  ModifiedMephi

CoulombScat:  for e- XStype:1 SubType=1 BuildTable=1
      Lambda table from 100 MeV to 100 TeV, 20 bins/decade, spline: 0
      ThetaMin(p) < Theta(degree) < 180, pLimit(GeV^1)= 0.139531
      ===== EM models for the G4Region  DefaultRegionForTheWorld ======
  eCoulombScattering : Emin=  100 MeV Emax=  100 TeV

msc:  for e+  SubType= 10
      ===== EM models for the G4Region  DefaultRegionForTheWorld ======
  GoudsmitSaunderson : Emin=    0 eV  Emax=  100 MeV Nbins=120 100 eV  - 100 MeV
          StepLim=SafetyPlus Rfact=0.08 Gfact=2.5 Sfact=0.6 DispFlag:1 Skin=3 Llim=1 mm
        WentzelVIUni : Emin=  100 MeV Emax=  100 TeV Nbins=120 100 MeV - 100 TeV
          StepLim=SafetyPlus Rfact=0.08 Gfact=2.5 Sfact=0.6 DispFlag:1 Skin=3 Llim=1 mm

eIoni:  for e+  XStype:3  SubType=2
      dE/dx and range tables from 100 eV  to 100 TeV in 240 bins
      Lambda tables from threshold to 100 TeV, 20 bins/decade, spline: 1
      StepFunction=(0.2, 0.01 mm), integ: 3, fluct: 1, linLossLim= 0.01
      ===== EM models for the G4Region  DefaultRegionForTheWorld ======
             PenIoni : Emin=    0 eV  Emax=  100 keV
        MollerBhabha : Emin=  100 keV Emax=  100 TeV  deltaVI

eBrem:  for e+  XStype:4  SubType=3
      dE/dx and range tables from 100 eV  to 100 TeV in 240 bins
      Lambda tables from threshold to 100 TeV, 20 bins/decade, spline: 1
      LPM flag: 1 for E > 1 GeV,  VertexHighEnergyTh(GeV)= 100000
      ===== EM models for the G4Region  DefaultRegionForTheWorld ======
             eBremSB : Emin=    0 eV  Emax=    1 GeV  AngularGen2BS
            eBremLPM : Emin=    1 GeV Emax=  100 TeV  AngularGen2BS

ePairProd:  for e+  XStype:1  SubType=4
      dE/dx and range tables from 100 eV  to 100 TeV in 240 bins
      Lambda tables from threshold to 100 TeV, 20 bins/decade, spline: 0
      Sampling table 25x1001; from 0.1 GeV to 100 TeV 
      ===== EM models for the G4Region  DefaultRegionForTheWorld ======
           ePairProd : Emin=    0 eV  Emax=  100 TeV  ModifiedMephi

annihil:  for e+ XStype:2 SubType=5 AtRestModel:Allison BuildTable=0
      ===== EM models for the G4Region  DefaultRegionForTheWorld ======
    eplusTo2or3gamma : Emin=    0 eV  Emax=  100 TeV

CoulombScat:  for e+ XStype:1 SubType=1 BuildTable=1
      Lambda table from 100 MeV to 100 TeV, 20 bins/decade, spline: 0
      ThetaMin(p) < Theta(degree) < 180, pLimit(GeV^1)= 0.139531
      ===== EM models for the G4Region  DefaultRegionForTheWorld ======
  eCoulombScattering : Emin=  100 MeV Emax=  100 TeV

msc:  for proton  SubType= 10
      ===== EM models for the G4Region  DefaultRegionForTheWorld ======
        WentzelVIUni : Emin=    0 eV  Emax=  100 TeV Nbins=240 100 eV  - 100 TeV
          StepLim=Minimal Rfact=0.2 Gfact=2.5 Sfact=0.6 DispFlag:1 Skin=3 Llim=1 mm

hIoni:  for proton  XStype:3  SubType=2
      dE/dx and range tables from 100 eV  to 100 TeV in 240 bins
      Lambda tables from threshold to 100 TeV, 20 bins/decade, spline: 1
      StepFunction=(0.1, 0.05 mm), integ: 3, fluct: 1, linLossLim= 0.01
      ===== EM models for the G4Region  DefaultRegionForTheWorld ======
               Bragg : Emin=    0 eV  Emax=    2 MeV  deltaVI
          BetheBloch : Emin=    2 MeV Emax=  100 TeV  deltaVI

hBrems:  for proton  XStype:1  SubType=3
      dE/dx and range tables from 100 eV  to 100 TeV in 240 bins
      Lambda tables from threshold to 100 TeV, 20 bins/decade, spline: 1
      ===== EM models for the G4Region  DefaultRegionForTheWorld ======
               hBrem : Emin=    0 eV  Emax=  100 TeV  ModifiedMephi

hPairProd:  for proton  XStype:1  SubType=4
      dE/dx and range tables from 100 eV  to 100 TeV in 240 bins
      Lambda tables from threshold to 100 TeV, 20 bins/decade, spline: 1
      Sampling table 17x1001, from 7.50618 GeV to 100 TeV 
      ===== EM models for the G4Region  DefaultRegionForTheWorld ======
           hPairProd : Emin=    0 eV  Emax=  100 TeV  ModifiedMephi

CoulombScat:  for proton XStype:1 SubType=1 BuildTable=1
      Lambda table from threshold  to 100 TeV, 20 bins/decade, spline: 0
      ThetaMin(p) < Theta(degree) < 180, pLimit(GeV^1)= 0.139531
      ===== EM models for the G4Region  DefaultRegionForTheWorld ======
  eCoulombScattering : Emin=    0 eV  Emax=  100 TeV

nuclearStopping:  for proton SubType=8 BuildTable=0
      ===== EM models for the G4Region  DefaultRegionForTheWorld ======
   ICRU49NucStopping : Emin=    0 eV  Emax=    1 MeV

msc:  for GenericIon  SubType= 10
      ===== EM models for the G4Region  DefaultRegionForTheWorld ======
            UrbanMsc : Emin=    0 eV  Emax=  100 TeV
          StepLim=Minimal Rfact=0.2 Gfact=2.5 Sfact=0.6 DispFlag:1 Skin=3 Llim=1 mm

ionIoni:  for GenericIon  XStype:3  SubType=2
      dE/dx and range tables from 100 eV  to 100 TeV in 240 bins
      Lambda tables from threshold to 100 TeV, 20 bins/decade, spline: 1
      StepFunction=(0.1, 0.001 mm), integ: 3, fluct: 1, linLossLim= 0.02
      ===== EM models for the G4Region  DefaultRegionForTheWorld ======
    LindhardSorensen : Emin=    0 eV  Emax=  100 TeV  deltaVI

nuclearStopping:  for GenericIon SubType=8 BuildTable=0
      ===== EM models for the G4Region  DefaultRegionForTheWorld ======
   ICRU49NucStopping : Emin=    0 eV  Emax=    1 MeV

msc:  for alpha  SubType= 10
      ===== EM models for the G4Region  DefaultRegionForTheWorld ======
            UrbanMsc : Emin=    0 eV  Emax=  100 TeV
          StepLim=Minimal Rfact=0.2 Gfact=2.5 Sfact=0.6 DispFlag:1 Skin=3 Llim=1 mm

ionIoni:  for alpha  XStype:3  SubType=2
      dE/dx and range tables from 100 eV  to 100 TeV in 240 bins
      Lambda tables from threshold to 100 TeV, 20 bins/decade, spline: 1
      StepFunction=(0.1, 0.02 mm), integ: 3, fluct: 1, linLossLim= 0.02
      ===== EM models for the G4Region  DefaultRegionForTheWorld ======
            BraggIon : Emin=    0 eV  Emax=7.9452 MeV  deltaVI
          BetheBloch : Emin=7.9452 MeV Emax=  100 TeV  deltaVI

nuclearStopping:  for alpha SubType=8 BuildTable=0
      ===== EM models for the G4Region  DefaultRegionForTheWorld ======
   ICRU49NucStopping : Emin=    0 eV  Emax=    1 MeV

msc:  for anti_proton  SubType= 10
      ===== EM models for the G4Region  DefaultRegionForTheWorld ======
        WentzelVIUni : Emin=    0 eV  Emax=  100 TeV Nbins=240 100 eV  - 100 TeV
          StepLim=Minimal Rfact=0.2 Gfact=2.5 Sfact=0.6 DispFlag:1 Skin=3 Llim=1 mm

hIoni:  for anti_proton  XStype:3  SubType=2
      dE/dx and range tables from 100 eV  to 100 TeV in 240 bins
      Lambda tables from threshold to 100 TeV, 20 bins/decade, spline: 1
      StepFunction=(0.1, 0.05 mm), integ: 3, fluct: 1, linLossLim= 0.01
      ===== EM models for the G4Region  DefaultRegionForTheWorld ======
            ICRU73QO : Emin=    0 eV  Emax=    2 MeV  deltaVI
          BetheBloch : Emin=    2 MeV Emax=  100 TeV  deltaVI

hBrems:  for anti_proton  XStype:1  SubType=3
      dE/dx and range tables from 100 eV  to 100 TeV in 240 bins
      Lambda tables from threshold to 100 TeV, 20 bins/decade, spline: 1
      ===== EM models for the G4Region  DefaultRegionForTheWorld ======
               hBrem : Emin=    0 eV  Emax=  100 TeV  ModifiedMephi

hPairProd:  for anti_proton  XStype:1  SubType=4
      dE/dx and range tables from 100 eV  to 100 TeV in 240 bins
      Lambda tables from threshold to 100 TeV, 20 bins/decade, spline: 1
      Sampling table 17x1001, from 7.50618 GeV to 100 TeV 
      ===== EM models for the G4Region  DefaultRegionForTheWorld ======
           hPairProd : Emin=    0 eV  Emax=  100 TeV  ModifiedMephi

CoulombScat:  for anti_proton XStype:1 SubType=1 BuildTable=1
      Lambda table from threshold  to 100 TeV, 20 bins/decade, spline: 0
      ThetaMin(p) < Theta(degree) < 180, pLimit(GeV^1)= 0.139531
      ===== EM models for the G4Region  DefaultRegionForTheWorld ======
  eCoulombScattering : Emin=    0 eV  Emax=  100 TeV

msc:  for kaon+  SubType= 10
      ===== EM models for the G4Region  DefaultRegionForTheWorld ======
        WentzelVIUni : Emin=    0 eV  Emax=  100 TeV Nbins=240 100 eV  - 100 TeV
          StepLim=Minimal Rfact=0.2 Gfact=2.5 Sfact=0.6 DispFlag:1 Skin=3 Llim=1 mm

hIoni:  for kaon+  XStype:3  SubType=2
      dE/dx and range tables from 100 eV  to 100 TeV in 240 bins
      Lambda tables from threshold to 100 TeV, 20 bins/decade, spline: 1
      StepFunction=(0.1, 0.05 mm), integ: 3, fluct: 1, linLossLim= 0.01
      ===== EM models for the G4Region  DefaultRegionForTheWorld ======
               Bragg : Emin=    0 eV  Emax=1.05231 MeV  deltaVI
          BetheBloch : Emin=1.05231 MeV Emax=  100 TeV  deltaVI

hBrems:  for kaon+  XStype:1  SubType=3
      dE/dx and range tables from 100 eV  to 100 TeV in 240 bins
      Lambda tables from threshold to 100 TeV, 20 bins/decade, spline: 1
      ===== EM models for the G4Region  DefaultRegionForTheWorld ======
               hBrem : Emin=    0 eV  Emax=  100 TeV  ModifiedMephi

hPairProd:  for kaon+  XStype:1  SubType=4
      dE/dx and range tables from 100 eV  to 100 TeV in 240 bins
      Lambda tables from threshold to 100 TeV, 20 bins/decade, spline: 1
      Sampling table 18x1001, from 3.94942 GeV to 100 TeV 
      ===== EM models for the G4Region  DefaultRegionForTheWorld ======
           hPairProd : Emin=    0 eV  Emax=  100 TeV  ModifiedMephi

CoulombScat:  for kaon+ XStype:1 SubType=1 BuildTable=1
      Lambda table from threshold  to 100 TeV, 20 bins/decade, spline: 0
      ThetaMin(p) < Theta(degree) < 180, pLimit(GeV^1)= 0.139531
      ===== EM models for the G4Region  DefaultRegionForTheWorld ======
  eCoulombScattering : Emin=    0 eV  Emax=  100 TeV

msc:  for kaon-  SubType= 10
      ===== EM models for the G4Region  DefaultRegionForTheWorld ======
        WentzelVIUni : Emin=    0 eV  Emax=  100 TeV Nbins=240 100 eV  - 100 TeV
          StepLim=Minimal Rfact=0.2 Gfact=2.5 Sfact=0.6 DispFlag:1 Skin=3 Llim=1 mm

hIoni:  for kaon-  XStype:3  SubType=2
      dE/dx and range tables from 100 eV  to 100 TeV in 240 bins
      Lambda tables from threshold to 100 TeV, 20 bins/decade, spline: 1
      StepFunction=(0.1, 0.05 mm), integ: 3, fluct: 1, linLossLim= 0.01
      ===== EM models for the G4Region  DefaultRegionForTheWorld ======
            ICRU73QO : Emin=    0 eV  Emax=1.05231 MeV  deltaVI
          BetheBloch : Emin=1.05231 MeV Emax=  100 TeV  deltaVI

hBrems:  for kaon-  XStype:1  SubType=3
      dE/dx and range tables from 100 eV  to 100 TeV in 240 bins
      Lambda tables from threshold to 100 TeV, 20 bins/decade, spline: 1
      ===== EM models for the G4Region  DefaultRegionForTheWorld ======
               hBrem : Emin=    0 eV  Emax=  100 TeV  ModifiedMephi

hPairProd:  for kaon-  XStype:1  SubType=4
      dE/dx and range tables from 100 eV  to 100 TeV in 240 bins
      Lambda tables from threshold to 100 TeV, 20 bins/decade, spline: 1
      Sampling table 18x1001, from 3.94942 GeV to 100 TeV 
      ===== EM models for the G4Region  DefaultRegionForTheWorld ======
           hPairProd : Emin=    0 eV  Emax=  100 TeV  ModifiedMephi

CoulombScat:  for kaon- XStype:1 SubType=1 BuildTable=1
      Used Lambda table of kaon+
      ThetaMin(p) < Theta(degree) < 180, pLimit(GeV^1)= 0.139531
      ===== EM models for the G4Region  DefaultRegionForTheWorld ======
  eCoulombScattering : Emin=    0 eV  Emax=  100 TeV

msc:  for mu+  SubType= 10
      ===== EM models for the G4Region  DefaultRegionForTheWorld ======
        WentzelVIUni : Emin=    0 eV  Emax=  100 TeV Nbins=240 100 eV  - 100 TeV
          StepLim=Minimal Rfact=0.2 Gfact=2.5 Sfact=0.6 DispFlag:1 Skin=3 Llim=1 mm

muIoni:  for mu+  XStype:3  SubType=2
      dE/dx and range tables from 100 eV  to 100 TeV in 240 bins
      Lambda tables from threshold to 100 TeV, 20 bins/decade, spline: 1
      StepFunction=(0.1, 0.05 mm), integ: 3, fluct: 1, linLossLim= 0.01
      ===== EM models for the G4Region  DefaultRegionForTheWorld ======
               Bragg : Emin=    0 eV  Emax=  200 keV  deltaVI
        MuBetheBloch : Emin=  200 keV Emax=  100 TeV  deltaVI

muBrems:  for mu+  XStype:1  SubType=3
      dE/dx and range tables from 100 eV  to 100 TeV in 240 bins
      Lambda tables from threshold to 100 TeV, 20 bins/decade, spline: 1
      ===== EM models for the G4Region  DefaultRegionForTheWorld ======
              MuBrem : Emin=    0 eV  Emax=  100 TeV  ModifiedMephi

muPairProd:  for mu+  XStype:1  SubType=4
      dE/dx and range tables from 100 eV  to 100 TeV in 240 bins
      Lambda tables from threshold to 100 TeV, 20 bins/decade, spline: 1
      Sampling table 21x1001, from 0.85 GeV to 100 TeV 
      ===== EM models for the G4Region  DefaultRegionForTheWorld ======
          muPairProd : Emin=    0 eV  Emax=  100 TeV  ModifiedMephi

CoulombScat:  for mu+ XStype:1 SubType=1 BuildTable=1
      Lambda table from threshold  to 100 TeV, 20 bins/decade, spline: 0
      ThetaMin(p) < Theta(degree) < 180, pLimit(GeV^1)= 0.139531
      ===== EM models for the G4Region  DefaultRegionForTheWorld ======
  eCoulombScattering : Emin=    0 eV  Emax=  100 TeV

msc:  for mu-  SubType= 10
      ===== EM models for the G4Region  DefaultRegionForTheWorld ======
        WentzelVIUni : Emin=    0 eV  Emax=  100 TeV Nbins=240 100 eV  - 100 TeV
          StepLim=Minimal Rfact=0.2 Gfact=2.5 Sfact=0.6 DispFlag:1 Skin=3 Llim=1 mm

muIoni:  for mu-  XStype:3  SubType=2
      dE/dx and range tables from 100 eV  to 100 TeV in 240 bins
      Lambda tables from threshold to 100 TeV, 20 bins/decade, spline: 1
      StepFunction=(0.1, 0.05 mm), integ: 3, fluct: 1, linLossLim= 0.01
      ===== EM models for the G4Region  DefaultRegionForTheWorld ======
            ICRU73QO : Emin=    0 eV  Emax=  200 keV  deltaVI
        MuBetheBloch : Emin=  200 keV Emax=  100 TeV  deltaVI

muBrems:  for mu-  XStype:1  SubType=3
      dE/dx and range tables from 100 eV  to 100 TeV in 240 bins
      Lambda tables from threshold to 100 TeV, 20 bins/decade, spline: 1
      ===== EM models for the G4Region  DefaultRegionForTheWorld ======
              MuBrem : Emin=    0 eV  Emax=  100 TeV  ModifiedMephi

muPairProd:  for mu-  XStype:1  SubType=4
      dE/dx and range tables from 100 eV  to 100 TeV in 240 bins
      Lambda tables from threshold to 100 TeV, 20 bins/decade, spline: 1
      Sampling table 21x1001, from 0.85 GeV to 100 TeV 
      ===== EM models for the G4Region  DefaultRegionForTheWorld ======
          muPairProd : Emin=    0 eV  Emax=  100 TeV  ModifiedMephi

CoulombScat:  for mu- XStype:1 SubType=1 BuildTable=1
      Used Lambda table of mu+
      ThetaMin(p) < Theta(degree) < 180, pLimit(GeV^1)= 0.139531
      ===== EM models for the G4Region  DefaultRegionForTheWorld ======
  eCoulombScattering : Emin=    0 eV  Emax=  100 TeV

msc:  for pi+  SubType= 10
      ===== EM models for the G4Region  DefaultRegionForTheWorld ======
        WentzelVIUni : Emin=    0 eV  Emax=  100 TeV Nbins=240 100 eV  - 100 TeV
          StepLim=Minimal Rfact=0.2 Gfact=2.5 Sfact=0.6 DispFlag:1 Skin=3 Llim=1 mm

hIoni:  for pi+  XStype:3  SubType=2
      dE/dx and range tables from 100 eV  to 100 TeV in 240 bins
      Lambda tables from threshold to 100 TeV, 20 bins/decade, spline: 1
      StepFunction=(0.1, 0.05 mm), integ: 3, fluct: 1, linLossLim= 0.01
      ===== EM models for the G4Region  DefaultRegionForTheWorld ======
               Bragg : Emin=    0 eV  Emax=297.505 keV  deltaVI
          BetheBloch : Emin=297.505 keV Emax=  100 TeV  deltaVI

hBrems:  for pi+  XStype:1  SubType=3
      dE/dx and range tables from 100 eV  to 100 TeV in 240 bins
      Lambda tables from threshold to 100 TeV, 20 bins/decade, spline: 1
      ===== EM models for the G4Region  DefaultRegionForTheWorld ======
               hBrem : Emin=    0 eV  Emax=  100 TeV  ModifiedMephi

hPairProd:  for pi+  XStype:1  SubType=4
      dE/dx and range tables from 100 eV  to 100 TeV in 240 bins
      Lambda tables from threshold to 100 TeV, 20 bins/decade, spline: 1
      Sampling table 20x1001, from 1.11656 GeV to 100 TeV 
      ===== EM models for the G4Region  DefaultRegionForTheWorld ======
           hPairProd : Emin=    0 eV  Emax=  100 TeV  ModifiedMephi

CoulombScat:  for pi+ XStype:1 SubType=1 BuildTable=1
      Lambda table from threshold  to 100 TeV, 20 bins/decade, spline: 0
      ThetaMin(p) < Theta(degree) < 180, pLimit(GeV^1)= 0.139531
      ===== EM models for the G4Region  DefaultRegionForTheWorld ======
  eCoulombScattering : Emin=    0 eV  Emax=  100 TeV

msc:  for pi-  SubType= 10
      ===== EM models for the G4Region  DefaultRegionForTheWorld ======
        WentzelVIUni : Emin=    0 eV  Emax=  100 TeV Nbins=240 100 eV  - 100 TeV
          StepLim=Minimal Rfact=0.2 Gfact=2.5 Sfact=0.6 DispFlag:1 Skin=3 Llim=1 mm

hIoni:  for pi-  XStype:3  SubType=2
      dE/dx and range tables from 100 eV  to 100 TeV in 240 bins
      Lambda tables from threshold to 100 TeV, 20 bins/decade, spline: 1
      StepFunction=(0.1, 0.05 mm), integ: 3, fluct: 1, linLossLim= 0.01
      ===== EM models for the G4Region  DefaultRegionForTheWorld ======
            ICRU73QO : Emin=    0 eV  Emax=297.505 keV  deltaVI
          BetheBloch : Emin=297.505 keV Emax=  100 TeV  deltaVI

hBrems:  for pi-  XStype:1  SubType=3
      dE/dx and range tables from 100 eV  to 100 TeV in 240 bins
      Lambda tables from threshold to 100 TeV, 20 bins/decade, spline: 1
      ===== EM models for the G4Region  DefaultRegionForTheWorld ======
               hBrem : Emin=    0 eV  Emax=  100 TeV  ModifiedMephi

hPairProd:  for pi-  XStype:1  SubType=4
      dE/dx and range tables from 100 eV  to 100 TeV in 240 bins
      Lambda tables from threshold to 100 TeV, 20 bins/decade, spline: 1
      Sampling table 20x1001, from 1.11656 GeV to 100 TeV 
      ===== EM models for the G4Region  DefaultRegionForTheWorld ======
           hPairProd : Emin=    0 eV  Emax=  100 TeV  ModifiedMephi

CoulombScat:  for pi- XStype:1 SubType=1 BuildTable=1
      Used Lambda table of pi+
      ThetaMin(p) < Theta(degree) < 180, pLimit(GeV^1)= 0.139531
      ===== EM models for the G4Region  DefaultRegionForTheWorld ======
  eCoulombScattering : Emin=    0 eV  Emax=  100 TeV

-------- WWWW ------- G4Exception-START -------- WWWW -------
*** G4Exception : GeomNav1002
      issued by : G4Navigator::ComputeStep()
Stuck Track: potential geometry or navigation problem.
  Track stuck, not moving for 10 steps.
  Current  phys volume: 'Crystal'
   - at position : (11.30924474332206,36.38283913242124,8.546796975888945)
     in direction: (-0.9052472200071906,0.2813871211922631,-0.3183531980307152)
    (local position: (11.30924474332206,36.38283913242124,8.546796975888945))
    (local direction: (-0.9052472200071906,0.2813871211922631,-0.3183531980307152)).
  Previous phys volume: 'World'

  Likely geometry overlap - else navigation problem !
   *** Trying to get *unstuck* using a push - expanding step to 1e-07 (mm) ...       Potential overlap in geometry !

*** This is just a warning message. ***
-------- WWWW -------- G4Exception-END --------- WWWW -------


-------- WWWW ------- G4Exception-START -------- WWWW -------
*** G4Exception : GeomNav1002
      issued by : G4Navigator::ComputeStep()
Stuck Track: potential geometry or navigation problem.
  Track stuck, not moving for 10 steps.
  Current  phys volume: 'Crystal'
   - at position : (37.81428783553241,-4.65721327528658,-10.3748879187573)
     in direction: (0.1134755793461392,0.9213660543460205,-0.3717632133373392)
    (local position: (37.81428783553241,-4.65721327528658,-10.3748879187573))
    (local direction: (0.1134755793461392,0.9213660543460205,-0.3717632133373392)).
  Previous phys volume: 'World'

  Likely geometry overlap - else navigation problem !
   *** Trying to get *unstuck* using a push - expanding step to 1e-07 (mm) ...       Potential overlap in geometry !

*** This is just a warning message. ***
-------- WWWW -------- G4Exception-END --------- WWWW -------


-------- WWWW ------- G4Exception-START -------- WWWW -------
*** G4Exception : GeomNav1002
      issued by : G4Navigator::ComputeStep()
Stuck Track: potential geometry or navigation problem.
  Track stuck, not moving for 10 steps.
  Current  phys volume: 'Crystal'
   - at position : (35.97511708542633,-12.54595355841342,-26.09777782539384)
     in direction: (0.3288186648674799,0.9428769135326772,0.05349216355561359)
    (local position: (35.97511708542633,-12.54595355841342,-26.09777782539384))
    (local direction: (0.3288186648674799,0.9428769135326772,0.05349216355561359)).
  Previous phys volume: 'World'

  Likely geometry overlap - else navigation problem !
   *** Trying to get *unstuck* using a push - expanding step to 1e-07 (mm) ...       Potential overlap in geometry !

*** This is just a warning message. ***
-------- WWWW -------- G4Exception-END --------- WWWW -------


-------- WWWW ------- G4Exception-START -------- WWWW -------
*** G4Exception : GeomNav1002
      issued by : G4Navigator::ComputeStep()
Stuck Track: potential geometry or navigation problem.
  Track stuck, not moving for 10 steps.
  Current  phys volume: 'Crystal'
   - at position : (-25.70035695144411,28.12652933741307,27.69128113050019)
     in direction: (0.7220993184245454,0.6598115969189177,0.2078971642474103)
    (local position: (-25.70035695144411,28.12652933741307,27.69128113050019))
    (local direction: (0.7220993184245454,0.6598115969189177,0.2078971642474103)).
  Previous phys volume: 'World'

  Likely geometry overlap - else navigation problem !
   *** Trying to get *unstuck* using a push - expanding step to 1e-07 (mm) ...       Potential overlap in geometry !

*** This is just a warning message. ***
-------- WWWW -------- G4Exception-END --------- WWWW -------


-------- WWWW ------- G4Exception-START -------- WWWW -------
*** G4Exception : GeomNav1002
      issued by : G4Navigator::ComputeStep()
Stuck Track: potential geometry or navigation problem.
  Track stuck, not moving for 10 steps.
  Current  phys volume: 'Crystal'
   - at position : (-2.743537427549568,38.00109212093298,0.2750147606323438)
     in direction: (-0.997389410459132,-0.07200780358438423,0.005407414071259232)
    (local position: (-2.743537427549568,38.00109212093298,0.2750147606323438))
    (local direction: (-0.997389410459132,-0.07200780358438423,0.005407414071259232)).
  Previous phys volume: 'World'

  Likely geometry overlap - else navigation problem !
   *** Trying to get *unstuck* using a push - expanding step to 1e-07 (mm) ...       Potential overlap in geometry !

*** This is just a warning message. ***
-------- WWWW -------- G4Exception-END --------- WWWW -------


-------- WWWW ------- G4Exception-START -------- WWWW -------
*** G4Exception : GeomNav1002
      issued by : G4Navigator::ComputeStep()
Stuck Track: potential geometry or navigation problem.
  Track stuck, not moving for 10 steps.
  Current  phys volume: 'Crystal'
   - at position : (7.674606627766295,-37.31903553294278,24.6960942232682)
     in direction: (0.881990445439879,0.1813800818143941,-0.4349645043837114)
    (local position: (7.674606627766295,-37.31903553294278,24.6960942232682))
    (local direction: (0.881990445439879,0.1813800818143941,-0.4349645043837114)).
  Previous phys volume: 'World'

  Likely geometry overlap - else navigation problem !
   *** Trying to get *unstuck* using a push - expanding step to 1e-07 (mm) ...       Potential overlap in geometry !

*** This is just a warning message. ***
-------- WWWW -------- G4Exception-END --------- WWWW -------


-------- WWWW ------- G4Exception-START -------- WWWW -------
*** G4Exception : GeomNav1002
      issued by : G4Navigator::ComputeStep()
Stuck Track: potential geometry or navigation problem.
  Track stuck, not moving for 10 steps.
  Current  phys volume: 'Crystal'
   - at position : (14.43412462184165,35.25997796937974,-5.034153655642532)
     in direction: (-0.9252538775294624,0.3787645524537858,-0.02103986504657696)
    (local position: (14.43412462184165,35.25997796937974,-5.034153655642532))
    (local direction: (-0.9252538775294624,0.3787645524537858,-0.02103986504657696)).
  Previous phys volume: 'World'

  Likely geometry overlap - else navigation problem !
   *** Trying to get *unstuck* using a push - expanding step to 1e-07 (mm) ...       Potential overlap in geometry !

*** This is just a warning message. ***
-------- WWWW -------- G4Exception-END --------- WWWW -------


-------- WWWW ------- G4Exception-START -------- WWWW -------
*** G4Exception : GeomNav1002
      issued by : G4Navigator::ComputeStep()
Stuck Track: potential geometry or navigation problem.
  Track stuck, not moving for 10 steps.
  Current  phys volume: 'Crystal'
   - at position : (38.08530535838562,-1.058071717098504,30.51510354950007)
     in direction: (0.02738359934238836,0.9856730181073914,0.1664296844379679)
    (local position: (38.08530535838562,-1.058071717098504,30.51510354950007))
    (local direction: (0.02738359934238836,0.9856730181073914,0.1664296844379679)).
  Previous phys volume: 'World'

  Likely geometry overlap - else navigation problem !
   *** Trying to get *unstuck* using a push - expanding step to 1e-07 (mm) ...       Potential overlap in geometry !

*** This is just a warning message. ***
-------- WWWW -------- G4Exception-END --------- WWWW -------


-------- WWWW ------- G4Exception-START -------- WWWW -------
*** G4Exception : GeomNav1002
      issued by : G4Navigator::ComputeStep()
Stuck Track: potential geometry or navigation problem.
  Track stuck, not moving for 10 steps.
  Current  phys volume: 'Crystal'
   - at position : (24.55373423007918,29.13287035907444,-13.58143809648608)
     in direction: (0.7016989807699491,-0.5914051746698588,-0.3973140568368159)
    (local position: (24.55373423007918,29.13287035907444,-13.58143809648608))
    (local direction: (0.7016989807699491,-0.5914051746698588,-0.3973140568368159)).
  Previous phys volume: 'World'

  Likely geometry overlap - else navigation problem !
   *** Trying to get *unstuck* using a push - expanding step to 1e-07 (mm) ...       Potential overlap in geometry !

*** This is just a warning message. ***
-------- WWWW -------- G4Exception-END --------- WWWW -------


-------- WWWW ------- G4Exception-START -------- WWWW -------
*** G4Exception : GeomNav1002
      issued by : G4Navigator::ComputeStep()
Stuck Track: potential geometry or navigation problem.
  Track stuck, not moving for 10 steps.
  Current  phys volume: 'Crystal'
   - at position : (-2.55867040229032,38.01398697548632,-36.90064533793785)
     in direction: (-0.9480266776200764,-0.06381040226515455,-0.3117268854035513)
    (local position: (-2.55867040229032,38.01398697548632,-36.90064533793785))
    (local direction: (-0.9480266776200764,-0.06381040226515455,-0.3117268854035513)).
  Previous phys volume: 'World'

  Likely geometry overlap - else navigation problem !
   *** Trying to get *unstuck* using a push - expanding step to 1e-07 (mm) ...       Potential overlap in geometry !

*** This is just a warning message. ***
-------- WWWW -------- G4Exception-END --------- WWWW -------


-------- WWWW ------- G4Exception-START -------- WWWW -------
*** G4Exception : GeomNav1002
      issued by : G4Navigator::ComputeStep()
Stuck Track: potential geometry or navigation problem.
  Track stuck, not moving for 10 steps.
  Current  phys volume: 'Crystal'
   - at position : (-25.73499218744558,-28.09484253581277,-5.057192740725316)
     in direction: (-0.6121866654439092,0.5607655224397431,-0.5574670532825676)
    (local position: (-25.73499218744558,-28.09484253581277,-5.057192740725316))
    (local direction: (-0.6121866654439092,0.5607655224397431,-0.5574670532825676)).
  Previous phys volume: 'World'

  Likely geometry overlap - else navigation problem !
   *** Trying to get *unstuck* using a push - expanding step to 1e-07 (mm) ...       Potential overlap in geometry !

*** This is just a warning message. ***
-------- WWWW -------- G4Exception-END --------- WWWW -------


-------- WWWW ------- G4Exception-START -------- WWWW -------
*** G4Exception : GeomNav1002
      issued by : G4Navigator::ComputeStep()
Stuck Track: potential geometry or navigation problem.
  Track stuck, not moving for 10 steps.
  Current  phys volume: 'Crystal'
   - at position : (-19.65919423100289,-32.63626942816386,4.111972119588578)
     in direction: (0.6623120681140738,-0.3989586376363092,0.6341724764493006)
    (local position: (-19.65919423100289,-32.63626942816386,4.111972119588578))
    (local direction: (0.6623120681140738,-0.3989586376363092,0.6341724764493006)).
  Previous phys volume: 'World'

  Likely geometry overlap - else navigation problem !
   *** Trying to get *unstuck* using a push - expanding step to 1e-07 (mm) ...       Potential overlap in geometry !

*** This is just a warning message. ***
-------- WWWW -------- G4Exception-END --------- WWWW -------


-------- WWWW ------- G4Exception-START -------- WWWW -------
*** G4Exception : GeomNav1002
      issued by : G4Navigator::ComputeStep()
Stuck Track: potential geometry or navigation problem.
  Track stuck, not moving for 10 steps.
  Current  phys volume: 'Crystal'
   - at position : (30.23234034638908,-23.18653913761376,9.798277209100771)
     in direction: (-0.5952671771869974,-0.7761537757291914,-0.2079478400588568)
    (local position: (30.23234034638908,-23.18653913761376,9.798277209100771))
    (local direction: (-0.5952671771869974,-0.7761537757291914,-0.2079478400588568)).
  Previous phys volume: 'World'

  Likely geometry overlap - else navigation problem !
   *** Trying to get *unstuck* using a push - expanding step to 1e-07 (mm) ...       Potential overlap in geometry !

*** This is just a warning message. ***
-------- WWWW -------- G4Exception-END --------- WWWW -------


-------- WWWW ------- G4Exception-START -------- WWWW -------
*** G4Exception : GeomNav1002
      issued by : G4Navigator::ComputeStep()
Stuck Track: potential geometry or navigation problem.
  Track stuck, not moving for 10 steps.
  Current  phys volume: 'Crystal'
   - at position : (27.42491996201654,-26.44775538825529,-3.987252672471682)
     in direction: (-0.6658081130880243,-0.6904077092156167,0.2829076732819548)
    (local position: (27.42491996201654,-26.44775538825529,-3.987252672471682))
    (local direction: (-0.6658081130880243,-0.6904077092156167,0.2829076732819548)).
  Previous phys volume: 'World'

  Likely geometry overlap - else navigation problem !
   *** Trying to get *unstuck* using a push - expanding step to 1e-07 (mm) ...       Potential overlap in geometry !

*** This is just a warning message. ***
-------- WWWW -------- G4Exception-END --------- WWWW -------


-------- WWWW ------- G4Exception-START -------- WWWW -------
*** G4Exception : GeomNav1002
      issued by : G4Navigator::ComputeStep()
Stuck Track: potential geometry or navigation problem.
  Track stuck, not moving for 10 steps.
  Current  phys volume: 'Crystal'
   - at position : (4.951125125552793,37.77692893805848,8.459814399904714)
     in direction: (-0.9348187194898222,0.1225193413019935,-0.3333211254906219)
    (local position: (4.951125125552793,37.77692893805848,8.459814399904714))
    (local direction: (-0.9348187194898222,0.1225193413019935,-0.3333211254906219)).
  Previous phys volume: 'World'

  Likely geometry overlap - else navigation problem !
   *** Trying to get *unstuck* using a push - expanding step to 1e-07 (mm) ...       Potential overlap in geometry !

*** This is just a warning message. ***
-------- WWWW -------- G4Exception-END --------- WWWW -------


-------- WWWW ------- G4Exception-START -------- WWWW -------
*** G4Exception : GeomNav1002
      issued by : G4Navigator::ComputeStep()
Stuck Track: potential geometry or navigation problem.
  Track stuck, not moving for 10 steps.
  Current  phys volume: 'Crystal'
   - at position : (-37.62571683397867,5.992948583898757,-23.4830955137408)
     in direction: (-0.152447718491605,-0.9571172866995736,-0.2463456771034368)
    (local position: (-37.62571683397867,5.992948583898757,-23.4830955137408))
    (local direction: (-0.152447718491605,-0.9571172866995736,-0.2463456771034368)).
  Previous phys volume: 'World'

  Likely geometry overlap - else navigation problem !
   *** Trying to get *unstuck* using a push - expanding step to 1e-07 (mm) ...       Potential overlap in geometry !

*** This is just a warning message. ***
-------- WWWW -------- G4Exception-END --------- WWWW -------


-------- WWWW ------- G4Exception-START -------- WWWW -------
*** G4Exception : GeomNav1002
      issued by : G4Navigator::ComputeStep()
Stuck Track: potential geometry or navigation problem.
  Track stuck, not moving for 10 steps.
  Current  phys volume: 'Crystal'
   - at position : (33.78324162158918,-17.61540761768869,30.11591879852933)
     in direction: (0.3996536075618128,0.7664650561729119,0.5028004690020519)
    (local position: (33.78324162158918,-17.61540761768869,30.11591879852933))
    (local direction: (0.3996536075618128,0.7664650561729119,0.5028004690020519)).
  Previous phys volume: 'World'

  Likely geometry overlap - else navigation problem !
   *** Trying to get *unstuck* using a push - expanding step to 1e-07 (mm) ...       Potential overlap in geometry !

*** This is just a warning message. ***
-------- WWWW -------- G4Exception-END --------- WWWW -------


-------- WWWW ------- G4Exception-START -------- WWWW -------
*** G4Exception : GeomNav1002
      issued by : G4Navigator::ComputeStep()
Stuck Track: potential geometry or navigation problem.
  Track stuck, not moving for 10 steps.
  Current  phys volume: 'Crystal'
   - at position : (26.17271899181073,27.68752030384285,-20.20439060129711)
     in direction: (-0.7266774464317475,0.6869204751609697,-0.008952633805903415)
    (local position: (26.17271899181073,27.68752030384285,-20.20439060129711))
    (local direction: (-0.7266774464317475,0.6869204751609697,-0.008952633805903415)).
  Previous phys volume: 'World'

  Likely geometry overlap - else navigation problem !
   *** Trying to get *unstuck* using a push - expanding step to 1e-07 (mm) ...       Potential overlap in geometry !

*** This is just a warning message. ***
-------- WWWW -------- G4Exception-END --------- WWWW -------


-------- WWWW ------- G4Exception-START -------- WWWW -------
*** G4Exception : GeomNav1002
      issued by : G4Navigator::ComputeStep()
Stuck Track: potential geometry or navigation problem.
  Track stuck, not moving for 10 steps.
  Current  phys volume: 'Crystal'
   - at position : (-31.64512047071962,21.21783095402643,-0.6570437849599485)
     in direction: (0.5296896824172347,0.7900003468078216,-0.3087528014192762)
    (local position: (-31.64512047071962,21.21783095402643,-0.6570437849599485))
    (local direction: (0.5296896824172347,0.7900003468078216,-0.3087528014192762)).
  Previous phys volume: 'World'

  Likely geometry overlap - else navigation problem !
   *** Trying to get *unstuck* using a push - expanding step to 1e-07 (mm) ...       Potential overlap in geometry !

*** This is just a warning message. ***
-------- WWWW -------- G4Exception-END --------- WWWW -------


-------- WWWW ------- G4Exception-START -------- WWWW -------
*** G4Exception : GeomNav1002
      issued by : G4Navigator::ComputeStep()
Stuck Track: potential geometry or navigation problem.
  Track stuck, not moving for 10 steps.
  Current  phys volume: 'Crystal'
   - at position : (-13.45433896527124,-35.64534700360741,38.06714719037376)
     in direction: (-0.7728885422881607,0.2917268396704602,0.5635057694607641)
    (local position: (-13.45433896527124,-35.64534700360741,38.06714719037376))
    (local direction: (-0.7728885422881607,0.2917268396704602,0.5635057694607641)).
  Previous phys volume: 'World'

  Likely geometry overlap - else navigation problem !
   *** Trying to get *unstuck* using a push - expanding step to 1e-07 (mm) ...       Potential overlap in geometry !

*** This is just a warning message. ***
-------- WWWW -------- G4Exception-END --------- WWWW -------


-------- WWWW ------- G4Exception-START -------- WWWW -------
*** G4Exception : GeomNav1002
      issued by : G4Navigator::ComputeStep()
Stuck Track: potential geometry or navigation problem.
  Track stuck, not moving for 10 steps.
  Current  phys volume: 'Crystal'
   - at position : (-38.07156324576088,1.471758140466341,-27.99004309873336)
     in direction: (-0.03513275762171071,-0.9088171262767003,0.4157127858606886)
    (local position: (-38.07156324576088,1.471758140466341,-27.99004309873336))
    (local direction: (-0.03513275762171071,-0.9088171262767003,0.4157127858606886)).
  Previous phys volume: 'World'

  Likely geometry overlap - else navigation problem !
   *** Trying to get *unstuck* using a push - expanding step to 1e-07 (mm) ...       Potential overlap in geometry !

*** This is just a warning message. ***
-------- WWWW -------- G4Exception-END --------- WWWW -------


-------- WWWW ------- G4Exception-START -------- WWWW -------
*** G4Exception : GeomNav1002
      issued by : G4Navigator::ComputeStep()
Stuck Track: potential geometry or navigation problem.
  Track stuck, not moving for 10 steps.
  Current  phys volume: 'Crystal'
   - at position : (19.37038505111223,-32.80850778337302,-6.041480744244382)
     in direction: (-0.7971509381930061,-0.4706437951585009,0.3782126383620904)
    (local position: (19.37038505111223,-32.80850778337302,-6.041480744244382))
    (local direction: (-0.7971509381930061,-0.4706437951585009,0.3782126383620904)).
  Previous phys volume: 'World'

  Likely geometry overlap - else navigation problem !
   *** Trying to get *unstuck* using a push - expanding step to 1e-07 (mm) ...       Potential overlap in geometry !

*** This is just a warning message. ***
-------- WWWW -------- G4Exception-END --------- WWWW -------


-------- WWWW ------- G4Exception-START -------- WWWW -------
*** G4Exception : GeomNav1002
      issued by : G4Navigator::ComputeStep()
Stuck Track: potential geometry or navigation problem.
  Track stuck, not moving for 10 steps.
  Current  phys volume: 'Crystal'
   - at position : (31.10714935233612,21.99898313948749,11.15746061893163)
     in direction: (0.5406305501679708,-0.7644660283558229,-0.3511556630825586)
    (local position: (31.10714935233612,21.99898313948749,11.15746061893163))
    (local direction: (0.5406305501679708,-0.7644660283558229,-0.3511556630825586)).
  Previous phys volume: 'World'

  Likely geometry overlap - else navigation problem !
   *** Trying to get *unstuck* using a push - expanding step to 1e-07 (mm) ...       Potential overlap in geometry !

*** This is just a warning message. ***
-------- WWWW -------- G4Exception-END --------- WWWW -------


-------- WWWW ------- G4Exception-START -------- WWWW -------
*** G4Exception : GeomNav1002
      issued by : G4Navigator::ComputeStep()
Stuck Track: potential geometry or navigation problem.
  Track stuck, not moving for 10 steps.
  Current  phys volume: 'Crystal'
   - at position : (4.126040040507339,37.875926306615,-15.61623080056852)
     in direction: (-0.9790370632286539,0.10665207475907,-0.1735274150507592)
    (local position: (4.126040040507339,37.875926306615,-15.61623080056852))
    (local direction: (-0.9790370632286539,0.10665207475907,-0.1735274150507592)).
  Previous phys volume: 'World'

  Likely geometry overlap - else navigation problem !
   *** Trying to get *unstuck* using a push - expanding step to 1e-07 (mm) ...       Potential overlap in geometry !

*** This is just a warning message. ***
-------- WWWW -------- G4Exception-END --------- WWWW -------


-------- WWWW ------- G4Exception-START -------- WWWW -------
*** G4Exception : GeomNav1002
      issued by : G4Navigator::ComputeStep()
Stuck Track: potential geometry or navigation problem.
  Track stuck, not moving for 10 steps.
  Current  phys volume: 'Crystal'
   - at position : (28.93921564351248,24.78168270998325,-32.30570491724857)
     in direction: (0.5942741043490427,-0.6939733132078265,-0.4064964076784632)
    (local position: (28.93921564351248,24.78168270998325,-32.30570491724857))
    (local direction: (0.5942741043490427,-0.6939733132078265,-0.4064964076784632)).
  Previous phys volume: 'World'

  Likely geometry overlap - else navigation problem !
   *** Trying to get *unstuck* using a push - expanding step to 1e-07 (mm) ...       Potential overlap in geometry !

*** This is just a warning message. ***
-------- WWWW -------- G4Exception-END --------- WWWW -------


-------- WWWW ------- G4Exception-START -------- WWWW -------
*** G4Exception : GeomNav1002
      issued by : G4Navigator::ComputeStep()
Stuck Track: potential geometry or navigation problem.
  Track stuck, not moving for 10 steps.
  Current  phys volume: 'Crystal'
   - at position : (37.70581139408053,5.466423612749621,-4.573172247781696)
     in direction: (0.1158299947673698,-0.7989618525518813,0.5901214878980912)
    (local position: (37.70581139408053,5.466423612749621,-4.573172247781696))
    (local direction: (0.1158299947673698,-0.7989618525518813,0.5901214878980912)).
  Previous phys volume: 'World'

  Likely geometry overlap - else navigation problem !
   *** Trying to get *unstuck* using a push - expanding step to 1e-07 (mm) ...       Potential overlap in geometry !

*** This is just a warning message. ***
-------- WWWW -------- G4Exception-END --------- WWWW -------


-------- WWWW ------- G4Exception-START -------- WWWW -------
*** G4Exception : GeomNav1002
      issued by : G4Navigator::ComputeStep()
Stuck Track: potential geometry or navigation problem.
  Track stuck, not moving for 10 steps.
  Current  phys volume: 'Crystal'
   - at position : (-34.2080658579503,16.77552473868209,24.3087771585268)
     in direction: (0.3759203638324946,0.7665637149146403,0.5206380230374184)
    (local position: (-34.2080658579503,16.77552473868209,24.3087771585268))
    (local direction: (0.3759203638324946,0.7665637149146403,0.5206380230374184)).
  Previous phys volume: 'World'

  Likely geometry overlap - else navigation problem !
   *** Trying to get *unstuck* using a push - expanding step to 1e-07 (mm) ...       Potential overlap in geometry !

*** This is just a warning message. ***
-------- WWWW -------- G4Exception-END --------- WWWW -------


-------- WWWW ------- G4Exception-START -------- WWWW -------
*** G4Exception : GeomNav1002
      issued by : G4Navigator::ComputeStep()
Stuck Track: potential geometry or navigation problem.
  Track stuck, not moving for 10 steps.
  Current  phys volume: 'Crystal'
   - at position : (31.26935965343558,21.76780068964467,37.22875776037392)
     in direction: (-0.5406812207445777,0.7766864365568926,-0.3231439258329163)
    (local position: (31.26935965343558,21.76780068964467,37.22875776037392))
    (local direction: (-0.5406812207445777,0.7766864365568926,-0.3231439258329163)).
  Previous phys volume: 'World'

  Likely geometry overlap - else navigation problem !
   *** Trying to get *unstuck* using a push - expanding step to 1e-07 (mm) ...       Potential overlap in geometry !

*** This is just a warning message. ***
-------- WWWW -------- G4Exception-END --------- WWWW -------


-------- WWWW ------- G4Exception-START -------- WWWW -------
*** G4Exception : GeomNav1002
      issued by : G4Navigator::ComputeStep()
Stuck Track: potential geometry or navigation problem.
  Track stuck, not moving for 10 steps.
  Current  phys volume: 'Crystal'
   - at position : (-38.02251023737489,2.428727084034319,2.345433693480121)
     in direction: (0.06364148143226919,0.9963280333913225,-0.05727313261631418)
    (local position: (-38.02251023737489,2.428727084034319,2.345433693480121))
    (local direction: (0.06364148143226919,0.9963280333913225,-0.05727313261631418)).
  Previous phys volume: 'World'

  Likely geometry overlap - else navigation problem !
   *** Trying to get *unstuck* using a push - expanding step to 1e-07 (mm) ...       Potential overlap in geometry !

*** This is just a warning message. ***
-------- WWWW -------- G4Exception-END --------- WWWW -------


-------- WWWW ------- G4Exception-START -------- WWWW -------
*** G4Exception : GeomNav1002
      issued by : G4Navigator::ComputeStep()
Stuck Track: potential geometry or navigation problem.
  Track stuck, not moving for 10 steps.
  Current  phys volume: 'Crystal'
   - at position : (23.65840741886619,29.86452340826716,14.58132747519384)
     in direction: (0.7608104764937964,-0.6027072314319698,-0.2406479005453667)
    (local position: (23.65840741886619,29.86452340826716,14.58132747519384))
    (local direction: (0.7608104764937964,-0.6027072314319698,-0.2406479005453667)).
  Previous phys volume: 'World'

  Likely geometry overlap - else navigation problem !
   *** Trying to get *unstuck* using a push - expanding step to 1e-07 (mm) ...       Potential overlap in geometry !

*** This is just a warning message. ***
-------- WWWW -------- G4Exception-END --------- WWWW -------


-------- WWWW ------- G4Exception-START -------- WWWW -------
*** G4Exception : GeomNav1002
      issued by : G4Navigator::ComputeStep()
Stuck Track: potential geometry or navigation problem.
  Track stuck, not moving for 10 steps.
  Current  phys volume: 'Crystal'
   - at position : (-21.4955022885739,-31.45716740842878,10.79801729603009)
     in direction: (0.7968900182065227,-0.5445357170178721,0.2616240657405963)
    (local position: (-21.4955022885739,-31.45716740842878,10.79801729603009))
    (local direction: (0.7968900182065227,-0.5445357170178721,0.2616240657405963)).
  Previous phys volume: 'World'

  Likely geometry overlap - else navigation problem !
   *** Trying to get *unstuck* using a push - expanding step to 1e-07 (mm) ...       Potential overlap in geometry !

*** This is just a warning message. ***
-------- WWWW -------- G4Exception-END --------- WWWW -------


-------- WWWW ------- G4Exception-START -------- WWWW -------
*** G4Exception : GeomNav1002
      issued by : G4Navigator::ComputeStep()
Stuck Track: potential geometry or navigation problem.
  Track stuck, not moving for 10 steps.
  Current  phys volume: 'Crystal'
   - at position : (-37.92956212435415,-3.599766250016687,-8.512975849095218)
     in direction: (-0.07617762303640294,0.8026587519207635,0.591553799508993)
    (local position: (-37.92956212435415,-3.599766250016687,-8.512975849095218))
    (local direction: (-0.07617762303640294,0.8026587519207635,0.591553799508993)).
  Previous phys volume: 'World'

  Likely geometry overlap - else navigation problem !
   *** Trying to get *unstuck* using a push - expanding step to 1e-07 (mm) ...       Potential overlap in geometry !

*** This is just a warning message. ***
-------- WWWW -------- G4Exception-END --------- WWWW -------


-------- WWWW ------- G4Exception-START -------- WWWW -------
*** G4Exception : GeomNav1002
      issued by : G4Navigator::ComputeStep()
Stuck Track: potential geometry or navigation problem.
  Track stuck, not moving for 10 steps.
  Current  phys volume: 'Crystal'
   - at position : (17.4858987429711,33.85045561215627,-29.24408619408171)
     in direction: (0.8650463290279293,-0.4468510761175458,0.2280766634443221)
    (local position: (17.4858987429711,33.85045561215627,-29.24408619408171))
    (local direction: (0.8650463290279293,-0.4468510761175458,0.2280766634443221)).
  Previous phys volume: 'World'

  Likely geometry overlap - else navigation problem !
   *** Trying to get *unstuck* using a push - expanding step to 1e-07 (mm) ...       Potential overlap in geometry !

*** This is just a warning message. ***
-------- WWWW -------- G4Exception-END --------- WWWW -------


-------- WWWW ------- G4Exception-START -------- WWWW -------
*** G4Exception : GeomNav1002
      issued by : G4Navigator::ComputeStep()
Stuck Track: potential geometry or navigation problem.
  Track stuck, not moving for 10 steps.
  Current  phys volume: 'Crystal'
   - at position : (33.05243303323044,-18.95116541492416,-35.48190830887845)
     in direction: (-0.4961392218732367,-0.8653087051422287,0.0713212263221738)
    (local position: (33.05243303323044,-18.95116541492416,-35.48190830887845))
    (local direction: (-0.4961392218732367,-0.8653087051422287,0.0713212263221738)).
  Previous phys volume: 'World'

  Likely geometry overlap - else navigation problem !
   *** Trying to get *unstuck* using a push - expanding step to 1e-07 (mm) ...       Potential overlap in geometry !

*** This is just a warning message. ***
-------- WWWW -------- G4Exception-END --------- WWWW -------


-------- WWWW ------- G4Exception-START -------- WWWW -------
*** G4Exception : GeomNav1002
      issued by : G4Navigator::ComputeStep()
Stuck Track: potential geometry or navigation problem.
  Track stuck, not moving for 10 steps.
  Current  phys volume: 'Crystal'
   - at position : (38.08580505644289,-1.039929421945997,21.79357575405139)
     in direction: (0.02112616332894452,0.7737130243234362,0.633183892100297)
    (local position: (38.08580505644289,-1.039929421945997,21.79357575405139))
    (local direction: (0.02112616332894452,0.7737130243234362,0.633183892100297)).
  Previous phys volume: 'World'

  Likely geometry overlap - else navigation problem !
   *** Trying to get *unstuck* using a push - expanding step to 1e-07 (mm) ...       Potential overlap in geometry !

*** This is just a warning message. ***
-------- WWWW -------- G4Exception-END --------- WWWW -------


-------- WWWW ------- G4Exception-START -------- WWWW -------
*** G4Exception : GeomNav1002
      issued by : G4Navigator::ComputeStep()
Stuck Track: potential geometry or navigation problem.
  Track stuck, not moving for 10 steps.
  Current  phys volume: 'Crystal'
   - at position : (3.97494527311499,37.89208109982534,28.3691238636722)
     in direction: (0.9718375264471877,-0.1019474483813672,-0.2124583252253029)
    (local position: (3.97494527311499,37.89208109982534,28.3691238636722))
    (local direction: (0.9718375264471877,-0.1019474483813672,-0.2124583252253029)).
  Previous phys volume: 'World'

  Likely geometry overlap - else navigation problem !
   *** Trying to get *unstuck* using a push - expanding step to 1e-07 (mm) ...       Potential overlap in geometry !

*** This is just a warning message. ***
-------- WWWW -------- G4Exception-END --------- WWWW -------


-------- WWWW ------- G4Exception-START -------- WWWW -------
*** G4Exception : GeomNav1002
      issued by : G4Navigator::ComputeStep()
Stuck Track: potential geometry or navigation problem.
  Track stuck, not moving for 10 steps.
  Current  phys volume: 'Crystal'
   - at position : (32.03393335783586,-20.62612696619825,24.12346308978859)
     in direction: (0.4932290988534336,0.7660220509991634,-0.4122320625900719)
    (local position: (32.03393335783586,-20.62612696619825,24.12346308978859))
    (local direction: (0.4932290988534336,0.7660220509991634,-0.4122320625900719)).
  Previous phys volume: 'World'

  Likely geometry overlap - else navigation problem !
   *** Trying to get *unstuck* using a push - expanding step to 1e-07 (mm) ...       Potential overlap in geometry !

*** This is just a warning message. ***
-------- WWWW -------- G4Exception-END --------- WWWW -------


-------- WWWW ------- G4Exception-START -------- WWWW -------
*** G4Exception : GeomNav1002
      issued by : G4Navigator::ComputeStep()
Stuck Track: potential geometry or navigation problem.
  Track stuck, not moving for 10 steps.
  Current  phys volume: 'Crystal'
   - at position : (16.5604405065191,-34.31270625045541,-35.90211144625173)
     in direction: (0.8808142742327583,0.4251099368045559,0.2084412529655442)
    (local position: (16.5604405065191,-34.31270625045541,-35.90211144625173))
    (local direction: (0.8808142742327583,0.4251099368045559,0.2084412529655442)).
  Previous phys volume: 'World'

  Likely geometry overlap - else navigation problem !
   *** Trying to get *unstuck* using a push - expanding step to 1e-07 (mm) ...       Potential overlap in geometry !

*** This is just a warning message. ***
-------- WWWW -------- G4Exception-END --------- WWWW -------


-------- WWWW ------- G4Exception-START -------- WWWW -------
*** G4Exception : GeomNav1002
      issued by : G4Navigator::ComputeStep()
Stuck Track: potential geometry or navigation problem.
  Track stuck, not moving for 10 steps.
  Current  phys volume: 'Crystal'
   - at position : (38.04520245679871,-2.042686961136676,33.24585556134882)
     in direction: (-0.05037162525354245,-0.9381754117540412,0.3424756869464635)
    (local position: (38.04520245679871,-2.042686961136676,33.24585556134882))
    (local direction: (-0.05037162525354245,-0.9381754117540412,0.3424756869464635)).
  Previous phys volume: 'World'

  Likely geometry overlap - else navigation problem !
   *** Trying to get *unstuck* using a push - expanding step to 1e-07 (mm) ...       Potential overlap in geometry !

*** This is just a warning message. ***
-------- WWWW -------- G4Exception-END --------- WWWW -------


-------- WWWW ------- G4Exception-START -------- WWWW -------
*** G4Exception : GeomNav1002
      issued by : G4Navigator::ComputeStep()
Stuck Track: potential geometry or navigation problem.
  Track stuck, not moving for 10 steps.
  Current  phys volume: 'Crystal'
   - at position : (31.5491544170953,21.36026347136842,-31.34999612784078)
     in direction: (-0.5384834493201783,0.7953411958810473,0.2783306611617712)
    (local position: (31.5491544170953,21.36026347136842,-31.34999612784078))
    (local direction: (-0.5384834493201783,0.7953411958810473,0.2783306611617712)).
  Previous phys volume: 'World'

  Likely geometry overlap - else navigation problem !
   *** Trying to get *unstuck* using a push - expanding step to 1e-07 (mm) ...       Potential overlap in geometry !

*** This is just a warning message. ***
-------- WWWW -------- G4Exception-END --------- WWWW -------


-------- WWWW ------- G4Exception-START -------- WWWW -------
*** G4Exception : GeomNav1002
      issued by : G4Navigator::ComputeStep()
Stuck Track: potential geometry or navigation problem.
  Track stuck, not moving for 10 steps.
  Current  phys volume: 'Crystal'
   - at position : (-17.8948756222646,33.63604356138932,-12.64111587764589)
     in direction: (-0.8735998665551856,-0.4647681267001633,-0.1442700993220107)
    (local position: (-17.8948756222646,33.63604356138932,-12.64111587764589))
    (local direction: (-0.8735998665551856,-0.4647681267001633,-0.1442700993220107)).
  Previous phys volume: 'World'

  Likely geometry overlap - else navigation problem !
   *** Trying to get *unstuck* using a push - expanding step to 1e-07 (mm) ...       Potential overlap in geometry !

*** This is just a warning message. ***
-------- WWWW -------- G4Exception-END --------- WWWW -------


-------- WWWW ------- G4Exception-START -------- WWWW -------
*** G4Exception : GeomNav1002
      issued by : G4Navigator::ComputeStep()
Stuck Track: potential geometry or navigation problem.
  Track stuck, not moving for 10 steps.
  Current  phys volume: 'Crystal'
   - at position : (7.275357214728933,37.39891946832277,8.920954630658814)
     in direction: (-0.9695894377932289,0.1886180031898737,0.1559473340345233)
    (local position: (7.275357214728933,37.39891946832277,8.920954630658814))
    (local direction: (-0.9695894377932289,0.1886180031898737,0.1559473340345233)).
  Previous phys volume: 'World'

  Likely geometry overlap - else navigation problem !
   *** Trying to get *unstuck* using a push - expanding step to 1e-07 (mm) ...       Potential overlap in geometry !

*** This is just a warning message. ***
-------- WWWW -------- G4Exception-END --------- WWWW -------


-------- WWWW ------- G4Exception-START -------- WWWW -------
*** G4Exception : GeomNav1002
      issued by : G4Navigator::ComputeStep()
Stuck Track: potential geometry or navigation problem.
  Track stuck, not moving for 10 steps.
  Current  phys volume: 'Crystal'
   - at position : (-37.35280293625593,-7.508535996133344,-17.10638416451019)
     in direction: (0.1970670256760371,-0.98035166630376,-0.008671664583093309)
    (local position: (-37.35280293625593,-7.508535996133344,-17.10638416451019))
    (local direction: (0.1970670256760371,-0.98035166630376,-0.008671664583093309)).
  Previous phys volume: 'World'

  Likely geometry overlap - else navigation problem !
   *** Trying to get *unstuck* using a push - expanding step to 1e-07 (mm) ...       Potential overlap in geometry !

*** This is just a warning message. ***
-------- WWWW -------- G4Exception-END --------- WWWW -------


-------- WWWW ------- G4Exception-START -------- WWWW -------
*** G4Exception : GeomNav1002
      issued by : G4Navigator::ComputeStep()
Stuck Track: potential geometry or navigation problem.
  Track stuck, not moving for 10 steps.
  Current  phys volume: 'Crystal'
   - at position : (-36.58913815138878,10.62285128101613,-4.446806411574319)
     in direction: (-0.277967267691537,-0.9574249408259484,0.0779209906028597)
    (local position: (-36.58913815138878,10.62285128101613,-4.446806411574319))
    (local direction: (-0.277967267691537,-0.9574249408259484,0.0779209906028597)).
  Previous phys volume: 'World'

  Likely geometry overlap - else navigation problem !
   *** Trying to get *unstuck* using a push - expanding step to 1e-07 (mm) ...       Potential overlap in geometry !

*** This is just a warning message. ***
-------- WWWW -------- G4Exception-END --------- WWWW -------


-------- WWWW ------- G4Exception-START -------- WWWW -------
*** G4Exception : GeomNav1002
      issued by : G4Navigator::ComputeStep()
Stuck Track: potential geometry or navigation problem.
  Track stuck, not moving for 10 steps.
  Current  phys volume: 'Crystal'
   - at position : (32.6144232091238,19.69541567817666,-12.73540302998924)
     in direction: (-0.5165379072838739,0.855355692257774,-0.03943640527508029)
    (local position: (32.6144232091238,19.69541567817666,-12.73540302998924))
    (local direction: (-0.5165379072838739,0.855355692257774,-0.03943640527508029)).
  Previous phys volume: 'World'

  Likely geometry overlap - else navigation problem !
   *** Trying to get *unstuck* using a push - expanding step to 1e-07 (mm) ...       Potential overlap in geometry !

*** This is just a warning message. ***
-------- WWWW -------- G4Exception-END --------- WWWW -------


-------- WWWW ------- G4Exception-START -------- WWWW -------
*** G4Exception : GeomNav1002
      issued by : G4Navigator::ComputeStep()
Stuck Track: potential geometry or navigation problem.
  Track stuck, not moving for 10 steps.
  Current  phys volume: 'Crystal'
   - at position : (37.05833345726032,8.848159208021748,-30.8098405121306)
     in direction: (-0.2008725812086704,0.841305284166086,0.5018521943289556)
    (local position: (37.05833345726032,8.848159208021748,-30.8098405121306))
    (local direction: (-0.2008725812086704,0.841305284166086,0.5018521943289556)).
  Previous phys volume: 'World'

  Likely geometry overlap - else navigation problem !
   *** Trying to get *unstuck* using a push - expanding step to 1e-07 (mm) ...       Potential overlap in geometry !

*** This is just a warning message. ***
-------- WWWW -------- G4Exception-END --------- WWWW -------


-------- WWWW ------- G4Exception-START -------- WWWW -------
*** G4Exception : GeomNav1002
      issued by : G4Navigator::ComputeStep()
Stuck Track: potential geometry or navigation problem.
  Track stuck, not moving for 10 steps.
  Current  phys volume: 'Crystal'
   - at position : (-26.65300065748727,-27.22549459517647,22.80736478187882)
     in direction: (0.7085582320226529,-0.6936587674448955,-0.1295482388138139)
    (local position: (-26.65300065748727,-27.22549459517647,22.80736478187882))
    (local direction: (0.7085582320226529,-0.6936587674448955,-0.1295482388138139)).
  Previous phys volume: 'World'

  Likely geometry overlap - else navigation problem !
   *** Trying to get *unstuck* using a push - expanding step to 1e-07 (mm) ...       Potential overlap in geometry !

*** This is just a warning message. ***
-------- WWWW -------- G4Exception-END --------- WWWW -------


-------- WWWW ------- G4Exception-START -------- WWWW -------
*** G4Exception : GeomNav1002
      issued by : G4Navigator::ComputeStep()
Stuck Track: potential geometry or navigation problem.
  Track stuck, not moving for 10 steps.
  Current  phys volume: 'Crystal'
   - at position : (26.07322070005631,-27.78123759529361,32.90247502294772)
     in direction: (-0.7018445278318167,-0.6586944591117075,0.2711749772528236)
    (local position: (26.07322070005631,-27.78123759529361,32.90247502294772))
    (local direction: (-0.7018445278318167,-0.6586944591117075,0.2711749772528236)).
  Previous phys volume: 'World'

  Likely geometry overlap - else navigation problem !
   *** Trying to get *unstuck* using a push - expanding step to 1e-07 (mm) ...       Potential overlap in geometry !

*** This is just a warning message. ***
-------- WWWW -------- G4Exception-END --------- WWWW -------


-------- WWWW ------- G4Exception-START -------- WWWW -------
*** G4Exception : GeomNav1002
      issued by : G4Navigator::ComputeStep()
Stuck Track: potential geometry or navigation problem.
  Track stuck, not moving for 10 steps.
  Current  phys volume: 'Crystal'
   - at position : (-12.84526036906296,-35.86933629231213,-25.07993247186951)
     in direction: (0.9396565207400233,-0.3365028158879089,0.06173716814255866)
    (local position: (-12.84526036906296,-35.86933629231213,-25.07993247186951))
    (local direction: (0.9396565207400233,-0.3365028158879089,0.06173716814255866)).
  Previous phys volume: 'World'

  Likely geometry overlap - else navigation problem !
   *** Trying to get *unstuck* using a push - expanding step to 1e-07 (mm) ...       Potential overlap in geometry !

*** This is just a warning message. ***
-------- WWWW -------- G4Exception-END --------- WWWW -------


-------- WWWW ------- G4Exception-START -------- WWWW -------
*** G4Exception : GeomNav1002
      issued by : G4Navigator::ComputeStep()
Stuck Track: potential geometry or navigation problem.
  Track stuck, not moving for 10 steps.
  Current  phys volume: 'Crystal'
   - at position : (-35.14908037319073,-14.70211375683709,-33.84372612526613)
     in direction: (0.3849083560056665,-0.9202197020999272,0.07100181225952125)
    (local position: (-35.14908037319073,-14.70211375683709,-33.84372612526613))
    (local direction: (0.3849083560056665,-0.9202197020999272,0.07100181225952125)).
  Previous phys volume: 'World'

  Likely geometry overlap - else navigation problem !
   *** Trying to get *unstuck* using a push - expanding step to 1e-07 (mm) ...       Potential overlap in geometry !

*** This is just a warning message. ***
-------- WWWW -------- G4Exception-END --------- WWWW -------


-------- WWWW ------- G4Exception-START -------- WWWW -------
*** G4Exception : GeomNav1002
      issued by : G4Navigator::ComputeStep()
Stuck Track: potential geometry or navigation problem.
  Track stuck, not moving for 10 steps.
  Current  phys volume: 'Crystal'
   - at position : (-0.5566122153147184,-38.09593394106204,-10.58517350204622)
     in direction: (-0.9704858924493432,0.01417957893783705,0.2407406739584061)
    (local position: (-0.5566122153147184,-38.09593394106204,-10.58517350204622))
    (local direction: (-0.9704858924493432,0.01417957893783705,0.2407406739584061)).
  Previous phys volume: 'World'

  Likely geometry overlap - else navigation problem !
   *** Trying to get *unstuck* using a push - expanding step to 1e-07 (mm) ...       Potential overlap in geometry !

*** This is just a warning message. ***
-------- WWWW -------- G4Exception-END --------- WWWW -------


-------- WWWW ------- G4Exception-START -------- WWWW -------
*** G4Exception : GeomNav1002
      issued by : G4Navigator::ComputeStep()
Stuck Track: potential geometry or navigation problem.
  Track stuck, not moving for 10 steps.
  Current  phys volume: 'Crystal'
   - at position : (-10.39848088952401,36.65353455248489,-19.56905535621942)
     in direction: (0.8714937892950748,0.2472397716609661,-0.4235222196404164)
    (local position: (-10.39848088952401,36.65353455248489,-19.56905535621942))
    (local direction: (0.8714937892950748,0.2472397716609661,-0.4235222196404164)).
  Previous phys volume: 'World'

  Likely geometry overlap - else navigation problem !
   *** Trying to get *unstuck* using a push - expanding step to 1e-07 (mm) ...       Potential overlap in geometry !

*** This is just a warning message. ***
-------- WWWW -------- G4Exception-END --------- WWWW -------


-------- WWWW ------- G4Exception-START -------- WWWW -------
*** G4Exception : GeomNav1002
      issued by : G4Navigator::ComputeStep()
Stuck Track: potential geometry or navigation problem.
  Track stuck, not moving for 10 steps.
  Current  phys volume: 'Crystal'
   - at position : (37.84015275199867,4.442166105112214,31.70255945337013)
     in direction: (-0.1158213715004407,0.9866129014128655,-0.1148058912662769)
    (local position: (37.84015275199867,4.442166105112214,31.70255945337013))
    (local direction: (-0.1158213715004407,0.9866129014128655,-0.1148058912662769)).
  Previous phys volume: 'World'

  Likely geometry overlap - else navigation problem !
   *** Trying to get *unstuck* using a push - expanding step to 1e-07 (mm) ...       Potential overlap in geometry !

*** This is just a warning message. ***
-------- WWWW -------- G4Exception-END --------- WWWW -------


-------- WWWW ------- G4Exception-START -------- WWWW -------
*** G4Exception : GeomNav1002
      issued by : G4Navigator::ComputeStep()
Stuck Track: potential geometry or navigation problem.
  Track stuck, not moving for 10 steps.
  Current  phys volume: 'Crystal'
   - at position : (11.92903725218749,36.18436223337262,-25.67922108298998)
     in direction: (-0.7673987231856354,0.252991275543875,0.5891473620001534)
    (local position: (11.92903725218749,36.18436223337262,-25.67922108298998))
    (local direction: (-0.7673987231856354,0.252991275543875,0.5891473620001534)).
  Previous phys volume: 'World'

  Likely geometry overlap - else navigation problem !
   *** Trying to get *unstuck* using a push - expanding step to 1e-07 (mm) ...       Potential overlap in geometry !

*** This is just a warning message. ***
-------- WWWW -------- G4Exception-END --------- WWWW -------


-------- WWWW ------- G4Exception-START -------- WWWW -------
*** G4Exception : GeomNav1002
      issued by : G4Navigator::ComputeStep()
Stuck Track: potential geometry or navigation problem.
  Track stuck, not moving for 10 steps.
  Current  phys volume: 'Crystal'
   - at position : (14.71093085915492,-35.14539106706829,6.86034709730042)
     in direction: (-0.7779460224353144,-0.3256276228755342,0.5373701121178052)
    (local position: (14.71093085915492,-35.14539106706829,6.86034709730042))
    (local direction: (-0.7779460224353144,-0.3256276228755342,0.5373701121178052)).
  Previous phys volume: 'World'

  Likely geometry overlap - else navigation problem !
   *** Trying to get *unstuck* using a push - expanding step to 1e-07 (mm) ...       Potential overlap in geometry !

*** This is just a warning message. ***
-------- WWWW -------- G4Exception-END --------- WWWW -------


-------- WWWW ------- G4Exception-START -------- WWWW -------
*** G4Exception : GeomNav1002
      issued by : G4Navigator::ComputeStep()
Stuck Track: potential geometry or navigation problem.
  Track stuck, not moving for 10 steps.
  Current  phys volume: 'Crystal'
   - at position : (-7.969335634816982,37.25720990009365,25.2673783572182)
     in direction: (0.9192169977854433,0.1966209707121037,0.3411455772226085)
    (local position: (-7.969335634816982,37.25720990009365,25.2673783572182))
    (local direction: (0.9192169977854433,0.1966209707121037,0.3411455772226085)).
  Previous phys volume: 'World'

  Likely geometry overlap - else navigation problem !
   *** Trying to get *unstuck* using a push - expanding step to 1e-07 (mm) ...       Potential overlap in geometry !

*** This is just a warning message. ***
-------- WWWW -------- G4Exception-END --------- WWWW -------


-------- WWWW ------- G4Exception-START -------- WWWW -------
*** G4Exception : GeomNav1002
      issued by : G4Navigator::ComputeStep()
Stuck Track: potential geometry or navigation problem.
  Track stuck, not moving for 10 steps.
  Current  phys volume: 'Crystal'
   - at position : (-37.92255058954694,-3.672894877784193,-28.50256494889633)
     in direction: (-0.09572296888915025,0.9883373336484914,-0.1184332222969449)
    (local position: (-37.92255058954694,-3.672894877784193,-28.50256494889633))
    (local direction: (-0.09572296888915025,0.9883373336484914,-0.1184332222969449)).
  Previous phys volume: 'World'

  Likely geometry overlap - else navigation problem !
   *** Trying to get *unstuck* using a push - expanding step to 1e-07 (mm) ...       Potential overlap in geometry !

*** This is just a warning message. ***
-------- WWWW -------- G4Exception-END --------- WWWW -------


-------- WWWW ------- G4Exception-START -------- WWWW -------
*** G4Exception : GeomNav1002
      issued by : G4Navigator::ComputeStep()
Stuck Track: potential geometry or navigation problem.
  Track stuck, not moving for 10 steps.
  Current  phys volume: 'Crystal'
   - at position : (12.3665066785492,-36.03719623624177,25.85554318274201)
     in direction: (0.9089345929005489,0.3119095514474261,-0.2766773166426534)
    (local position: (12.3665066785492,-36.03719623624177,25.85554318274201))
    (local direction: (0.9089345929005489,0.3119095514474261,-0.2766773166426534)).
  Previous phys volume: 'World'

  Likely geometry overlap - else navigation problem !
   *** Trying to get *unstuck* using a push - expanding step to 1e-07 (mm) ...       Potential overlap in geometry !

*** This is just a warning message. ***
-------- WWWW -------- G4Exception-END --------- WWWW -------


-------- WWWW ------- G4Exception-START -------- WWWW -------
*** G4Exception : GeomNav1002
      issued by : G4Navigator::ComputeStep()
Stuck Track: potential geometry or navigation problem.
  Track stuck, not moving for 10 steps.
  Current  phys volume: 'Crystal'
   - at position : (-3.503813063268379,37.93854628234548,22.15669957289591)
     in direction: (0.9829711423316773,0.09078226413014368,-0.1597695648819339)
    (local position: (-3.503813063268379,37.93854628234548,22.15669957289591))
    (local direction: (0.9829711423316773,0.09078226413014368,-0.1597695648819339)).
  Previous phys volume: 'World'

  Likely geometry overlap - else navigation problem !
   *** Trying to get *unstuck* using a push - expanding step to 1e-07 (mm) ...       Potential overlap in geometry !

*** This is just a warning message. ***
-------- WWWW -------- G4Exception-END --------- WWWW -------


-------- WWWW ------- G4Exception-START -------- WWWW -------
*** G4Exception : GeomNav1002
      issued by : G4Navigator::ComputeStep()
Stuck Track: potential geometry or navigation problem.
  Track stuck, not moving for 10 steps.
  Current  phys volume: 'Crystal'
   - at position : (36.57427426210615,-10.67391503621045,22.44429230547619)
     in direction: (0.278980480393803,0.9559293444891074,-0.09148212887700269)
    (local position: (36.57427426210615,-10.67391503621045,22.44429230547619))
    (local direction: (0.278980480393803,0.9559293444891074,-0.09148212887700269)).
  Previous phys volume: 'World'

  Likely geometry overlap - else navigation problem !
   *** Trying to get *unstuck* using a push - expanding step to 1e-07 (mm) ...       Potential overlap in geometry !

*** This is just a warning message. ***
-------- WWWW -------- G4Exception-END --------- WWWW -------


-------- WWWW ------- G4Exception-START -------- WWWW -------
*** G4Exception : GeomNav1002
      issued by : G4Navigator::ComputeStep()
Stuck Track: potential geometry or navigation problem.
  Track stuck, not moving for 10 steps.
  Current  phys volume: 'Crystal'
   - at position : (9.129103066804936,-36.9901267529006,-19.07710884310567)
     in direction: (-0.8513685268997907,-0.2101163665056275,-0.4806482538519759)
    (local position: (9.129103066804936,-36.9901267529006,-19.07710884310567))
    (local direction: (-0.8513685268997907,-0.2101163665056275,-0.4806482538519759)).
  Previous phys volume: 'World'

  Likely geometry overlap - else navigation problem !
   *** Trying to get *unstuck* using a push - expanding step to 1e-07 (mm) ...       Potential overlap in geometry !

*** This is just a warning message. ***
-------- WWWW -------- G4Exception-END --------- WWWW -------


-------- WWWW ------- G4Exception-START -------- WWWW -------
*** G4Exception : GeomNav1002
      issued by : G4Navigator::ComputeStep()
Stuck Track: potential geometry or navigation problem.
  Track stuck, not moving for 10 steps.
  Current  phys volume: 'Crystal'
   - at position : (36.00723537220192,12.45347344522206,26.21211413839528)
     in direction: (0.2899013556475616,-0.8382036058804992,-0.4619219837620145)
    (local position: (36.00723537220192,12.45347344522206,26.21211413839528))
    (local direction: (0.2899013556475616,-0.8382036058804992,-0.4619219837620145)).
  Previous phys volume: 'World'

  Likely geometry overlap - else navigation problem !
   *** Trying to get *unstuck* using a push - expanding step to 1e-07 (mm) ...       Potential overlap in geometry !

*** This is just a warning message. ***
-------- WWWW -------- G4Exception-END --------- WWWW -------


-------- WWWW ------- G4Exception-START -------- WWWW -------
*** G4Exception : GeomNav1002
      issued by : G4Navigator::ComputeStep()
Stuck Track: potential geometry or navigation problem.
  Track stuck, not moving for 10 steps.
  Current  phys volume: 'Crystal'
   - at position : (-35.96547075186827,-12.5735799833026,-36.31846321324714)
     in direction: (0.3013496823459422,-0.8619806929204419,0.4076489347249601)
    (local position: (-35.96547075186827,-12.5735799833026,-36.31846321324714))
    (local direction: (0.3013496823459422,-0.8619806929204419,0.4076489347249601)).
  Previous phys volume: 'World'

  Likely geometry overlap - else navigation problem !
   *** Trying to get *unstuck* using a push - expanding step to 1e-07 (mm) ...       Potential overlap in geometry !

*** This is just a warning message. ***
-------- WWWW -------- G4Exception-END --------- WWWW -------


-------- WWWW ------- G4Exception-START -------- WWWW -------
*** G4Exception : GeomNav1002
      issued by : G4Navigator::ComputeStep()
Stuck Track: potential geometry or navigation problem.
  Track stuck, not moving for 10 steps.
  Current  phys volume: 'Crystal'
   - at position : (33.026649138054,-18.99606397946366,37.09533418100202)
     in direction: (-0.4667377474737448,-0.8114725156730195,-0.3516649419410987)
    (local position: (33.026649138054,-18.99606397946366,37.09533418100202))
    (local direction: (-0.4667377474737448,-0.8114725156730195,-0.3516649419410987)).
  Previous phys volume: 'World'

  Likely geometry overlap - else navigation problem !
   *** Trying to get *unstuck* using a push - expanding step to 1e-07 (mm) ...       Potential overlap in geometry !

*** This is just a warning message. ***
-------- WWWW -------- G4Exception-END --------- WWWW -------


-------- WWWW ------- G4Exception-START -------- WWWW -------
*** G4Exception : GeomNav1002
      issued by : G4Navigator::ComputeStep()
Stuck Track: potential geometry or navigation problem.
  Track stuck, not moving for 10 steps.
  Current  phys volume: 'Crystal'
   - at position : (12.66411702930993,35.93369087455312,3.509136968724515)
     in direction: (0.8165414666002158,-0.2877738534683185,0.500446043627446)
    (local position: (12.66411702930993,35.93369087455312,3.509136968724515))
    (local direction: (0.8165414666002158,-0.2877738534683185,0.500446043627446)).
  Previous phys volume: 'World'

  Likely geometry overlap - else navigation problem !
   *** Trying to get *unstuck* using a push - expanding step to 1e-07 (mm) ...       Potential overlap in geometry !

*** This is just a warning message. ***
-------- WWWW -------- G4Exception-END --------- WWWW -------


-------- WWWW ------- G4Exception-START -------- WWWW -------
*** G4Exception : GeomNav1002
      issued by : G4Navigator::ComputeStep()
Stuck Track: potential geometry or navigation problem.
  Track stuck, not moving for 10 steps.
  Current  phys volume: 'Crystal'
   - at position : (-5.775769535035796,37.65966657152121,7.679199329222037)
     in direction: (0.8726287256035237,0.1338329004896006,-0.4696891120710711)
    (local position: (-5.775769535035796,37.65966657152121,7.679199329222037))
    (local direction: (0.8726287256035237,0.1338329004896006,-0.4696891120710711)).
  Previous phys volume: 'World'

  Likely geometry overlap - else navigation problem !
   *** Trying to get *unstuck* using a push - expanding step to 1e-07 (mm) ...       Potential overlap in geometry !

*** This is just a warning message. ***
-------- WWWW -------- G4Exception-END --------- WWWW -------


-------- WWWW ------- G4Exception-START -------- WWWW -------
*** G4Exception : GeomNav1002
      issued by : G4Navigator::ComputeStep()
Stuck Track: potential geometry or navigation problem.
  Track stuck, not moving for 10 steps.
  Current  phys volume: 'Crystal'
   - at position : (27.83369036012528,-26.01721893163581,6.004643513004533)
     in direction: (-0.6766536333127064,-0.7238962688582585,0.134588455886102)
    (local position: (27.83369036012528,-26.01721893163581,6.004643513004533))
    (local direction: (-0.6766536333127064,-0.7238962688582585,0.134588455886102)).
  Previous phys volume: 'World'

  Likely geometry overlap - else navigation problem !
   *** Trying to get *unstuck* using a push - expanding step to 1e-07 (mm) ...       Potential overlap in geometry !

*** This is just a warning message. ***
-------- WWWW -------- G4Exception-END --------- WWWW -------


-------- WWWW ------- G4Exception-START -------- WWWW -------
*** G4Exception : GeomNav1002
      issued by : G4Navigator::ComputeStep()
Stuck Track: potential geometry or navigation problem.
  Track stuck, not moving for 10 steps.
  Current  phys volume: 'Crystal'
   - at position : (3.774164760120707,37.91260582396656,-23.07279978269931)
     in direction: (0.9846016388223523,-0.09801618029777615,0.144749581098434)
    (local position: (3.774164760120707,37.91260582396656,-23.07279978269931))
    (local direction: (0.9846016388223523,-0.09801618029777615,0.144749581098434)).
  Previous phys volume: 'World'

  Likely geometry overlap - else navigation problem !
   *** Trying to get *unstuck* using a push - expanding step to 1e-07 (mm) ...       Potential overlap in geometry !

*** This is just a warning message. ***
-------- WWWW -------- G4Exception-END --------- WWWW -------


-------- WWWW ------- G4Exception-START -------- WWWW -------
*** G4Exception : GeomNav1002
      issued by : G4Navigator::ComputeStep()
Stuck Track: potential geometry or navigation problem.
  Track stuck, not moving for 10 steps.
  Current  phys volume: 'Crystal'
   - at position : (0.9302802413651685,38.08864107148646,28.77084520951452)
     in direction: (0.9897257261222456,-0.02417314615279308,0.1409207084032345)
    (local position: (0.9302802413651685,38.08864107148646,28.77084520951452))
    (local direction: (0.9897257261222456,-0.02417314615279308,0.1409207084032345)).
  Previous phys volume: 'World'

  Likely geometry overlap - else navigation problem !
   *** Trying to get *unstuck* using a push - expanding step to 1e-07 (mm) ...       Potential overlap in geometry !

*** This is just a warning message. ***
-------- WWWW -------- G4Exception-END --------- WWWW -------


-------- WWWW ------- G4Exception-START -------- WWWW -------
*** G4Exception : GeomNav1002
      issued by : G4Navigator::ComputeStep()
Stuck Track: potential geometry or navigation problem.
  Track stuck, not moving for 10 steps.
  Current  phys volume: 'Crystal'
   - at position : (-13.15176214798069,35.75809212476167,32.81348735709127)
     in direction: (0.8100376947936966,0.29793041126621,0.5050508915506049)
    (local position: (-13.15176214798069,35.75809212476167,32.81348735709127))
    (local direction: (0.8100376947936966,0.29793041126621,0.5050508915506049)).
  Previous phys volume: 'World'

  Likely geometry overlap - else navigation problem !
   *** Trying to get *unstuck* using a push - expanding step to 1e-07 (mm) ...       Potential overlap in geometry !

*** This is just a warning message. ***
-------- WWWW -------- G4Exception-END --------- WWWW -------


-------- WWWW ------- G4Exception-START -------- WWWW -------
*** G4Exception : GeomNav1002
      issued by : G4Navigator::ComputeStep()
Stuck Track: potential geometry or navigation problem.
  Track stuck, not moving for 10 steps.
  Current  phys volume: 'Crystal'
   - at position : (12.07460409073365,36.13604759865193,-28.27503648211298)
     in direction: (0.9481978163457544,-0.3168335773528335,0.02318157326303289)
    (local position: (12.07460409073365,36.13604759865193,-28.27503648211298))
    (local direction: (0.9481978163457544,-0.3168335773528335,0.02318157326303289)).
  Previous phys volume: 'World'

  Likely geometry overlap - else navigation problem !
   *** Trying to get *unstuck* using a push - expanding step to 1e-07 (mm) ...       Potential overlap in geometry !

*** This is just a warning message. ***
-------- WWWW -------- G4Exception-END --------- WWWW -------


-------- WWWW ------- G4Exception-START -------- WWWW -------
*** G4Exception : GeomNav1002
      issued by : G4Navigator::ComputeStep()
Stuck Track: potential geometry or navigation problem.
  Track stuck, not moving for 10 steps.
  Current  phys volume: 'Crystal'
   - at position : (33.52121258197665,-18.10906698408094,-30.8604298466309)
     in direction: (-0.199347400015368,-0.3690066738089666,0.9077966120181084)
    (local position: (33.52121258197665,-18.10906698408094,-30.8604298466309))
    (local direction: (-0.199347400015368,-0.3690066738089666,0.9077966120181084)).
  Previous phys volume: 'World'

  Likely geometry overlap - else navigation problem !
   *** Trying to get *unstuck* using a push - expanding step to 1e-07 (mm) ...       Potential overlap in geometry !

*** This is just a warning message. ***
-------- WWWW -------- G4Exception-END --------- WWWW -------


-------- WWWW ------- G4Exception-START -------- WWWW -------
*** G4Exception : GeomNav1002
      issued by : G4Navigator::ComputeStep()
Stuck Track: potential geometry or navigation problem.
  Track stuck, not moving for 10 steps.
  Current  phys volume: 'Crystal'
   - at position : (22.73353515268244,-30.57443996971574,-25.07662072227872)
     in direction: (0.783126073610052,0.5822910948174541,-0.2182902511070852)
    (local position: (22.73353515268244,-30.57443996971574,-25.07662072227872))
    (local direction: (0.783126073610052,0.5822910948174541,-0.2182902511070852)).
  Previous phys volume: 'World'

  Likely geometry overlap - else navigation problem !
   *** Trying to get *unstuck* using a push - expanding step to 1e-07 (mm) ...       Potential overlap in geometry !

*** This is just a warning message. ***
-------- WWWW -------- G4Exception-END --------- WWWW -------


-------- WWWW ------- G4Exception-START -------- WWWW -------
*** G4Exception : GeomNav1002
      issued by : G4Navigator::ComputeStep()
Stuck Track: potential geometry or navigation problem.
  Track stuck, not moving for 10 steps.
  Current  phys volume: 'Crystal'
   - at position : (38.03943833203193,2.147354508119141,34.02602188620613)
     in direction: (0.04826348169891723,-0.8549662986868393,-0.516433213924148)
    (local position: (38.03943833203193,2.147354508119141,34.02602188620613))
    (local direction: (0.04826348169891723,-0.8549662986868393,-0.516433213924148)).
  Previous phys volume: 'World'

  Likely geometry overlap - else navigation problem !
   *** Trying to get *unstuck* using a push - expanding step to 1e-07 (mm) ...       Potential overlap in geometry !

*** This is just a warning message. ***
-------- WWWW -------- G4Exception-END --------- WWWW -------


-------- WWWW ------- G4Exception-START -------- WWWW -------
*** G4Exception : GeomNav1002
      issued by : G4Navigator::ComputeStep()
Stuck Track: potential geometry or navigation problem.
  Track stuck, not moving for 10 steps.
  Current  phys volume: 'Crystal'
   - at position : (-29.83684597921411,23.69330331576107,-33.40194039093124)
     in direction: (0.5475314294669613,0.6895033044597604,0.474125011874439)
    (local position: (-29.83684597921411,23.69330331576107,-33.40194039093124))
    (local direction: (0.5475314294669613,0.6895033044597604,0.474125011874439)).
  Previous phys volume: 'World'

  Likely geometry overlap - else navigation problem !
   *** Trying to get *unstuck* using a push - expanding step to 1e-07 (mm) ...       Potential overlap in geometry !

*** This is just a warning message. ***
-------- WWWW -------- G4Exception-END --------- WWWW -------


-------- WWWW ------- G4Exception-START -------- WWWW -------
*** G4Exception : GeomNav1002
      issued by : G4Navigator::ComputeStep()
Stuck Track: potential geometry or navigation problem.
  Track stuck, not moving for 10 steps.
  Current  phys volume: 'Crystal'
   - at position : (-30.16621471125553,23.2725050219015,-20.28498557695222)
     in direction: (0.4467804911517712,0.5791244308337596,0.681910614624568)
    (local position: (-30.16621471125553,23.2725050219015,-20.28498557695222))
    (local direction: (0.4467804911517712,0.5791244308337596,0.681910614624568)).
  Previous phys volume: 'World'

  Likely geometry overlap - else navigation problem !
   *** Trying to get *unstuck* using a push - expanding step to 1e-07 (mm) ...       Potential overlap in geometry !

*** This is just a warning message. ***
-------- WWWW -------- G4Exception-END --------- WWWW -------


-------- WWWW ------- G4Exception-START -------- WWWW -------
*** G4Exception : GeomNav1002
      issued by : G4Navigator::ComputeStep()
Stuck Track: potential geometry or navigation problem.
  Track stuck, not moving for 10 steps.
  Current  phys volume: 'Crystal'
   - at position : (-13.34446192410752,-35.68662685034892,-13.85664667857476)
     in direction: (0.9359556601894128,-0.3499861368917364,-0.03868728658098375)
    (local position: (-13.34446192410752,-35.68662685034892,-13.85664667857476))
    (local direction: (0.9359556601894128,-0.3499861368917364,-0.03868728658098375)).
  Previous phys volume: 'World'

  Likely geometry overlap - else navigation problem !
   *** Trying to get *unstuck* using a push - expanding step to 1e-07 (mm) ...       Potential overlap in geometry !

*** This is just a warning message. ***
-------- WWWW -------- G4Exception-END --------- WWWW -------


-------- WWWW ------- G4Exception-START -------- WWWW -------
*** G4Exception : GeomNav1002
      issued by : G4Navigator::ComputeStep()
Stuck Track: potential geometry or navigation problem.
  Track stuck, not moving for 10 steps.
  Current  phys volume: 'Crystal'
   - at position : (12.24292616464358,-36.07936749621708,-1.40872256401116)
     in direction: (0.5280508455290476,0.1791851676354248,0.8300933563374198)
    (local position: (12.24292616464358,-36.07936749621708,-1.40872256401116))
    (local direction: (0.5280508455290476,0.1791851676354248,0.8300933563374198)).
  Previous phys volume: 'World'

  Likely geometry overlap - else navigation problem !
   *** Trying to get *unstuck* using a push - expanding step to 1e-07 (mm) ...       Potential overlap in geometry !

*** This is just a warning message. ***
-------- WWWW -------- G4Exception-END --------- WWWW -------


-------- WWWW ------- G4Exception-START -------- WWWW -------
*** G4Exception : GeomNav1002
      issued by : G4Navigator::ComputeStep()
Stuck Track: potential geometry or navigation problem.
  Track stuck, not moving for 10 steps.
  Current  phys volume: 'Crystal'
   - at position : (36.29561860903988,-11.58611538813237,-23.39188987533331)
     in direction: (0.2956616764942811,0.9262141009175282,-0.2339051352880608)
    (local position: (36.29561860903988,-11.58611538813237,-23.39188987533331))
    (local direction: (0.2956616764942811,0.9262141009175282,-0.2339051352880608)).
  Previous phys volume: 'World'

  Likely geometry overlap - else navigation problem !
   *** Trying to get *unstuck* using a push - expanding step to 1e-07 (mm) ...       Potential overlap in geometry !

*** This is just a warning message. ***
-------- WWWW -------- G4Exception-END --------- WWWW -------


-------- WWWW ------- G4Exception-START -------- WWWW -------
*** G4Exception : GeomNav1002
      issued by : G4Navigator::ComputeStep()
Stuck Track: potential geometry or navigation problem.
  Track stuck, not moving for 10 steps.
  Current  phys volume: 'Crystal'
   - at position : (-33.60490010329544,-17.95329187217581,16.7629401654151)
     in direction: (0.4708029263291676,-0.8812470392770037,0.04181220306809655)
    (local position: (-33.60490010329544,-17.95329187217581,16.7629401654151))
    (local direction: (0.4708029263291676,-0.8812470392770037,0.04181220306809655)).
  Previous phys volume: 'World'

  Likely geometry overlap - else navigation problem !
   *** Trying to get *unstuck* using a push - expanding step to 1e-07 (mm) ...       Potential overlap in geometry !

*** This is just a warning message. ***
-------- WWWW -------- G4Exception-END --------- WWWW -------


-------- WWWW ------- G4Exception-START -------- WWWW -------
*** G4Exception : GeomNav1002
      issued by : G4Navigator::ComputeStep()
Stuck Track: potential geometry or navigation problem.
  Track stuck, not moving for 10 steps.
  Current  phys volume: 'Crystal'
   - at position : (-18.82121262068093,33.12660494960389,12.71250408025372)
     in direction: (0.7596895189541494,0.4316252143463263,0.4863861728418079)
    (local position: (-18.82121262068093,33.12660494960389,12.71250408025372))
    (local direction: (0.7596895189541494,0.4316252143463263,0.4863861728418079)).
  Previous phys volume: 'World'

  Likely geometry overlap - else navigation problem !
   *** Trying to get *unstuck* using a push - expanding step to 1e-07 (mm) ...       Potential overlap in geometry !

*** This is just a warning message. ***
-------- WWWW -------- G4Exception-END --------- WWWW -------


-------- WWWW ------- G4Exception-START -------- WWWW -------
*** G4Exception : GeomNav1002
      issued by : G4Navigator::ComputeStep()
Stuck Track: potential geometry or navigation problem.
  Track stuck, not moving for 10 steps.
  Current  phys volume: 'Crystal'
   - at position : (36.69876169468328,-10.23771898798003,-21.19628963507967)
     in direction: (-0.2631359649380657,-0.9432534807705194,0.202564397094881)
    (local position: (36.69876169468328,-10.23771898798003,-21.19628963507967))
    (local direction: (-0.2631359649380657,-0.9432534807705194,0.202564397094881)).
  Previous phys volume: 'World'

  Likely geometry overlap - else navigation problem !
   *** Trying to get *unstuck* using a push - expanding step to 1e-07 (mm) ...       Potential overlap in geometry !

*** This is just a warning message. ***
-------- WWWW -------- G4Exception-END --------- WWWW -------


-------- WWWW ------- G4Exception-START -------- WWWW -------
*** G4Exception : GeomNav1002
      issued by : G4Navigator::ComputeStep()
Stuck Track: potential geometry or navigation problem.
  Track stuck, not moving for 10 steps.
  Current  phys volume: 'Crystal'
   - at position : (-1.711968786389838,-38.06151813675365,-28.49100022708963)
     in direction: (-0.9726784376465791,0.04375009736769815,0.2279968989212944)
    (local position: (-1.711968786389838,-38.06151813675365,-28.49100022708963))
    (local direction: (-0.9726784376465791,0.04375009736769815,0.2279968989212944)).
  Previous phys volume: 'World'

  Likely geometry overlap - else navigation problem !
   *** Trying to get *unstuck* using a push - expanding step to 1e-07 (mm) ...       Potential overlap in geometry !

*** This is just a warning message. ***
-------- WWWW -------- G4Exception-END --------- WWWW -------


-------- WWWW ------- G4Exception-START -------- WWWW -------
*** G4Exception : GeomNav1002
      issued by : G4Navigator::ComputeStep()
Stuck Track: potential geometry or navigation problem.
  Track stuck, not moving for 10 steps.
  Current  phys volume: 'Crystal'
   - at position : (-29.52958338936656,-24.07516780523962,-13.43691708029048)
     in direction: (-0.5937639800443367,0.7282858048659371,-0.3421171180059294)
    (local position: (-29.52958338936656,-24.07516780523962,-13.43691708029048))
    (local direction: (-0.5937639800443367,0.7282858048659371,-0.3421171180059294)).
  Previous phys volume: 'World'

  Likely geometry overlap - else navigation problem !
   *** Trying to get *unstuck* using a push - expanding step to 1e-07 (mm) ...       Potential overlap in geometry !

*** This is just a warning message. ***
-------- WWWW -------- G4Exception-END --------- WWWW -------


-------- WWWW ------- G4Exception-START -------- WWWW -------
*** G4Exception : GeomNav1002
      issued by : G4Navigator::ComputeStep()
Stuck Track: potential geometry or navigation problem.
  Track stuck, not moving for 10 steps.
  Current  phys volume: 'Crystal'
   - at position : (-27.13840933844019,-26.74166671281471,-16.45071321440077)
     in direction: (-0.1452077263117771,0.1473620458318256,-0.9783655470567343)
    (local position: (-27.13840933844019,-26.74166671281471,-16.45071321440077))
    (local direction: (-0.1452077263117771,0.1473620458318256,-0.9783655470567343)).
  Previous phys volume: 'World'

  Likely geometry overlap - else navigation problem !
   *** Trying to get *unstuck* using a push - expanding step to 1e-07 (mm) ...       Potential overlap in geometry !

*** This is just a warning message. ***
-------- WWWW -------- G4Exception-END --------- WWWW -------


-------- WWWW ------- G4Exception-START -------- WWWW -------
*** G4Exception : GeomNav1002
      issued by : G4Navigator::ComputeStep()
Stuck Track: potential geometry or navigation problem.
  Track stuck, not moving for 10 steps.
  Current  phys volume: 'Crystal'
   - at position : (-19.26066240128452,-32.8730419015908,-9.207747733653253)
     in direction: (0.7912354625964928,-0.4635932132662702,0.398782867414297)
    (local position: (-19.26066240128452,-32.8730419015908,-9.207747733653253))
    (local direction: (0.7912354625964928,-0.4635932132662702,0.398782867414297)).
  Previous phys volume: 'World'

  Likely geometry overlap - else navigation problem !
   *** Trying to get *unstuck* using a push - expanding step to 1e-07 (mm) ...       Potential overlap in geometry !

*** This is just a warning message. ***
-------- WWWW -------- G4Exception-END --------- WWWW -------


-------- WWWW ------- G4Exception-START -------- WWWW -------
*** G4Exception : GeomNav1002
      issued by : G4Navigator::ComputeStep()
Stuck Track: potential geometry or navigation problem.
  Track stuck, not moving for 10 steps.
  Current  phys volume: 'Crystal'
   - at position : (36.4369253105911,-11.13375381039143,-28.14195552764076)
     in direction: (0.2832805258929944,0.9270791809923373,0.2455123944332873)
    (local position: (36.4369253105911,-11.13375381039143,-28.14195552764076))
    (local direction: (0.2832805258929944,0.9270791809923373,0.2455123944332873)).
  Previous phys volume: 'World'

  Likely geometry overlap - else navigation problem !
   *** Trying to get *unstuck* using a push - expanding step to 1e-07 (mm) ...       Potential overlap in geometry !

*** This is just a warning message. ***
-------- WWWW -------- G4Exception-END --------- WWWW -------


-------- WWWW ------- G4Exception-START -------- WWWW -------
*** G4Exception : GeomNav1002
      issued by : G4Navigator::ComputeStep()
Stuck Track: potential geometry or navigation problem.
  Track stuck, not moving for 10 steps.
  Current  phys volume: 'Crystal'
   - at position : (-36.98018154297843,-9.169306028722001,16.4118536585052)
     in direction: (-0.148180947385546,0.597619745525256,0.7879676684929722)
    (local position: (-36.98018154297843,-9.169306028722001,16.4118536585052))
    (local direction: (-0.148180947385546,0.597619745525256,0.7879676684929722)).
  Previous phys volume: 'World'

  Likely geometry overlap - else navigation problem !
   *** Trying to get *unstuck* using a push - expanding step to 1e-07 (mm) ...       Potential overlap in geometry !

*** This is just a warning message. ***
-------- WWWW -------- G4Exception-END --------- WWWW -------


-------- WWWW ------- G4Exception-START -------- WWWW -------
*** G4Exception : GeomNav1002
      issued by : G4Navigator::ComputeStep()
Stuck Track: potential geometry or navigation problem.
  Track stuck, not moving for 10 steps.
  Current  phys volume: 'Crystal'
   - at position : (35.99508202082412,12.48855757540254,-35.23244393523844)
     in direction: (-0.3275633134262311,0.9441177063564972,0.03666104528482343)
    (local position: (35.99508202082412,12.48855757540254,-35.23244393523844))
    (local direction: (-0.3275633134262311,0.9441177063564972,0.03666104528482343)).
  Previous phys volume: 'World'

  Likely geometry overlap - else navigation problem !
   *** Trying to get *unstuck* using a push - expanding step to 1e-07 (mm) ...       Potential overlap in geometry !

*** This is just a warning message. ***
-------- WWWW -------- G4Exception-END --------- WWWW -------


-------- WWWW ------- G4Exception-START -------- WWWW -------
*** G4Exception : GeomNav1002
      issued by : G4Navigator::ComputeStep()
Stuck Track: potential geometry or navigation problem.
  Track stuck, not moving for 10 steps.
  Current  phys volume: 'Crystal'
   - at position : (-22.93328629111726,-30.42489736859688,-9.732616194045207)
     in direction: (0.6488098045875464,-0.4890514770461571,0.582987555844927)
    (local position: (-22.93328629111726,-30.42489736859688,-9.732616194045207))
    (local direction: (0.6488098045875464,-0.4890514770461571,0.582987555844927)).
  Previous phys volume: 'World'

  Likely geometry overlap - else navigation problem !
   *** Trying to get *unstuck* using a push - expanding step to 1e-07 (mm) ...       Potential overlap in geometry !

*** This is just a warning message. ***
-------- WWWW -------- G4Exception-END --------- WWWW -------


-------- WWWW ------- G4Exception-START -------- WWWW -------
*** G4Exception : GeomNav1002
      issued by : G4Navigator::ComputeStep()
Stuck Track: potential geometry or navigation problem.
  Track stuck, not moving for 10 steps.
  Current  phys volume: 'Crystal'
   - at position : (37.34547909730442,-7.544878461101857,-1.918964180460746)
     in direction: (0.1348138503013191,0.6672987317703972,0.7324872888621025)
    (local position: (37.34547909730442,-7.544878461101857,-1.918964180460746))
    (local direction: (0.1348138503013191,0.6672987317703972,0.7324872888621025)).
  Previous phys volume: 'World'

  Likely geometry overlap - else navigation problem !
   *** Trying to get *unstuck* using a push - expanding step to 1e-07 (mm) ...       Potential overlap in geometry !

*** This is just a warning message. ***
-------- WWWW -------- G4Exception-END --------- WWWW -------


-------- WWWW ------- G4Exception-START -------- WWWW -------
*** G4Exception : GeomNav1002
      issued by : G4Navigator::ComputeStep()
Stuck Track: potential geometry or navigation problem.
  Track stuck, not moving for 10 steps.
  Current  phys volume: 'Crystal'
   - at position : (37.43181853955525,7.104150957138216,20.06228391843619)
     in direction: (-0.1826220585492439,0.9622368384594464,0.2018649311861915)
    (local position: (37.43181853955525,7.104150957138216,20.06228391843619))
    (local direction: (-0.1826220585492439,0.9622368384594464,0.2018649311861915)).
  Previous phys volume: 'World'

  Likely geometry overlap - else navigation problem !
   *** Trying to get *unstuck* using a push - expanding step to 1e-07 (mm) ...       Potential overlap in geometry !

*** This is just a warning message. ***
-------- WWWW -------- G4Exception-END --------- WWWW -------


-------- WWWW ------- G4Exception-START -------- WWWW -------
*** G4Exception : GeomNav1002
      issued by : G4Navigator::ComputeStep()
Stuck Track: potential geometry or navigation problem.
  Track stuck, not moving for 10 steps.
  Current  phys volume: 'Crystal'
   - at position : (5.623106883595393,-37.68276355279244,8.642606511026262)
     in direction: (0.8659775379219049,0.1292231194165379,0.4830986330170841)
    (local position: (5.623106883595393,-37.68276355279244,8.642606511026262))
    (local direction: (0.8659775379219049,0.1292231194165379,0.4830986330170841)).
  Previous phys volume: 'World'

  Likely geometry overlap - else navigation problem !
   *** Trying to get *unstuck* using a push - expanding step to 1e-07 (mm) ...       Potential overlap in geometry !

*** This is just a warning message. ***
-------- WWWW -------- G4Exception-END --------- WWWW -------


-------- WWWW ------- G4Exception-START -------- WWWW -------
*** G4Exception : GeomNav1002
      issued by : G4Navigator::ComputeStep()
Stuck Track: potential geometry or navigation problem.
  Track stuck, not moving for 10 steps.
  Current  phys volume: 'Crystal'
   - at position : (27.90674639424579,-25.93884164119997,-23.31512963808121)
     in direction: (0.6740246629327838,0.7251609610066623,-0.1408273211782473)
    (local position: (27.90674639424579,-25.93884164119997,-23.31512963808121))
    (local direction: (0.6740246629327838,0.7251609610066623,-0.1408273211782473)).
  Previous phys volume: 'World'

  Likely geometry overlap - else navigation problem !
   *** Trying to get *unstuck* using a push - expanding step to 1e-07 (mm) ...       Potential overlap in geometry !

*** This is just a warning message. ***
-------- WWWW -------- G4Exception-END --------- WWWW -------


-------- WWWW ------- G4Exception-START -------- WWWW -------
*** G4Exception : GeomNav1002
      issued by : G4Navigator::ComputeStep()
Stuck Track: potential geometry or navigation problem.
  Track stuck, not moving for 10 steps.
  Current  phys volume: 'Crystal'
   - at position : (-8.655718412648399,-37.10375370176095,-20.48009393317692)
     in direction: (0.9376399382768179,-0.2187365554281364,-0.2701585931775611)
    (local position: (-8.655718412648399,-37.10375370176095,-20.48009393317692))
    (local direction: (0.9376399382768179,-0.2187365554281364,-0.2701585931775611)).
  Previous phys volume: 'World'

  Likely geometry overlap - else navigation problem !
   *** Trying to get *unstuck* using a push - expanding step to 1e-07 (mm) ...       Potential overlap in geometry !

*** This is just a warning message. ***
-------- WWWW -------- G4Exception-END --------- WWWW -------


-------- WWWW ------- G4Exception-START -------- WWWW -------
*** G4Exception : GeomNav1002
      issued by : G4Navigator::ComputeStep()
Stuck Track: potential geometry or navigation problem.
  Track stuck, not moving for 10 steps.
  Current  phys volume: 'Crystal'
   - at position : (-37.72262590982223,-5.349158295246864,-23.20756282084118)
     in direction: (-0.1277098189701275,0.9006182767673937,-0.4154237856588708)
    (local position: (-37.72262590982223,-5.349158295246864,-23.20756282084118))
    (local direction: (-0.1277098189701275,0.9006182767673937,-0.4154237856588708)).
  Previous phys volume: 'World'

  Likely geometry overlap - else navigation problem !
   *** Trying to get *unstuck* using a push - expanding step to 1e-07 (mm) ...       Potential overlap in geometry !

*** This is just a warning message. ***
-------- WWWW -------- G4Exception-END --------- WWWW -------


-------- WWWW ------- G4Exception-START -------- WWWW -------
*** G4Exception : GeomNav1002
      issued by : G4Navigator::ComputeStep()
Stuck Track: potential geometry or navigation problem.
  Track stuck, not moving for 10 steps.
  Current  phys volume: 'Crystal'
   - at position : (33.66890165853125,-17.83297678763003,35.45740268483008)
     in direction: (0.468007821031144,0.8836051035882723,0.01451552156967251)
    (local position: (33.66890165853125,-17.83297678763003,35.45740268483008))
    (local direction: (0.468007821031144,0.8836051035882723,0.01451552156967251)).
  Previous phys volume: 'World'

  Likely geometry overlap - else navigation problem !
   *** Trying to get *unstuck* using a push - expanding step to 1e-07 (mm) ...       Potential overlap in geometry !

*** This is just a warning message. ***
-------- WWWW -------- G4Exception-END --------- WWWW -------


-------- WWWW ------- G4Exception-START -------- WWWW -------
*** G4Exception : GeomNav1002
      issued by : G4Navigator::ComputeStep()
Stuck Track: potential geometry or navigation problem.
  Track stuck, not moving for 10 steps.
  Current  phys volume: 'Crystal'
   - at position : (-33.07088864602761,-18.91894088372925,-10.87580828400375)
     in direction: (0.4475987661559077,-0.7824163648807564,-0.4329895801315461)
    (local position: (-33.07088864602761,-18.91894088372925,-10.87580828400375))
    (local direction: (0.4475987661559077,-0.7824163648807564,-0.4329895801315461)).
  Previous phys volume: 'World'

  Likely geometry overlap - else navigation problem !
   *** Trying to get *unstuck* using a push - expanding step to 1e-07 (mm) ...       Potential overlap in geometry !

*** This is just a warning message. ***
-------- WWWW -------- G4Exception-END --------- WWWW -------


-------- WWWW ------- G4Exception-START -------- WWWW -------
*** G4Exception : GeomNav1002
      issued by : G4Navigator::ComputeStep()
Stuck Track: potential geometry or navigation problem.
  Track stuck, not moving for 10 steps.
  Current  phys volume: 'Crystal'
   - at position : (-29.71368250248732,-23.84758000597501,-14.91640989203533)
     in direction: (-0.586167974457394,0.7303554105611229,-0.3506965639760528)
    (local position: (-29.71368250248732,-23.84758000597501,-14.91640989203533))
    (local direction: (-0.586167974457394,0.7303554105611229,-0.3506965639760528)).
  Previous phys volume: 'World'

  Likely geometry overlap - else navigation problem !
   *** Trying to get *unstuck* using a push - expanding step to 1e-07 (mm) ...       Potential overlap in geometry !

*** This is just a warning message. ***
-------- WWWW -------- G4Exception-END --------- WWWW -------


-------- WWWW ------- G4Exception-START -------- WWWW -------
*** G4Exception : GeomNav1002
      issued by : G4Navigator::ComputeStep()
Stuck Track: potential geometry or navigation problem.
  Track stuck, not moving for 10 steps.
  Current  phys volume: 'Crystal'
   - at position : (17.9340472914095,33.61517436738188,6.063575852046445)
     in direction: (0.8173219566480965,-0.436049816747565,0.3766236536588513)
    (local position: (17.9340472914095,33.61517436738188,6.063575852046445))
    (local direction: (0.8173219566480965,-0.436049816747565,0.3766236536588513)).
  Previous phys volume: 'World'

  Likely geometry overlap - else navigation problem !
   *** Trying to get *unstuck* using a push - expanding step to 1e-07 (mm) ...       Potential overlap in geometry !

*** This is just a warning message. ***
-------- WWWW -------- G4Exception-END --------- WWWW -------


-------- WWWW ------- G4Exception-START -------- WWWW -------
*** G4Exception : GeomNav1002
      issued by : G4Navigator::ComputeStep()
Stuck Track: potential geometry or navigation problem.
  Track stuck, not moving for 10 steps.
  Current  phys volume: 'Crystal'
   - at position : (-23.05604187943806,30.331978716424,-2.791072722502516)
     in direction: (0.7935502439301662,0.6031959809989348,0.08020360880351095)
    (local position: (-23.05604187943806,30.331978716424,-2.791072722502516))
    (local direction: (0.7935502439301662,0.6031959809989348,0.08020360880351095)).
  Previous phys volume: 'World'

  Likely geometry overlap - else navigation problem !
   *** Trying to get *unstuck* using a push - expanding step to 1e-07 (mm) ...       Potential overlap in geometry !

*** This is just a warning message. ***
-------- WWWW -------- G4Exception-END --------- WWWW -------


-------- WWWW ------- G4Exception-START -------- WWWW -------
*** G4Exception : GeomNav1002
      issued by : G4Navigator::ComputeStep()
Stuck Track: potential geometry or navigation problem.
  Track stuck, not moving for 10 steps.
  Current  phys volume: 'Crystal'
   - at position : (-36.12865920345529,12.09669310847329,26.85658057977277)
     in direction: (-0.2509643765186942,-0.7495442225528925,-0.61253599090679)
    (local position: (-36.12865920345529,12.09669310847329,26.85658057977277))
    (local direction: (-0.2509643765186942,-0.7495442225528925,-0.61253599090679)).
  Previous phys volume: 'World'

  Likely geometry overlap - else navigation problem !
   *** Trying to get *unstuck* using a push - expanding step to 1e-07 (mm) ...       Potential overlap in geometry !

*** This is just a warning message. ***
-------- WWWW -------- G4Exception-END --------- WWWW -------


-------- WWWW ------- G4Exception-START -------- WWWW -------
*** G4Exception : GeomNav1002
      issued by : G4Navigator::ComputeStep()
Stuck Track: potential geometry or navigation problem.
  Track stuck, not moving for 10 steps.
  Current  phys volume: 'Crystal'
   - at position : (-37.99189185835496,-2.868127093254742,7.293339094340602)
     in direction: (-0.06631306579554105,0.8783986004055393,0.4733059011996221)
    (local position: (-37.99189185835496,-2.868127093254742,7.293339094340602))
    (local direction: (-0.06631306579554105,0.8783986004055393,0.4733059011996221)).
  Previous phys volume: 'World'

  Likely geometry overlap - else navigation problem !
   *** Trying to get *unstuck* using a push - expanding step to 1e-07 (mm) ...       Potential overlap in geometry !

*** This is just a warning message. ***
-------- WWWW -------- G4Exception-END --------- WWWW -------


-------- WWWW ------- G4Exception-START -------- WWWW -------
*** G4Exception : GeomNav1002
      issued by : G4Navigator::ComputeStep()
Stuck Track: potential geometry or navigation problem.
  Track stuck, not moving for 10 steps.
  Current  phys volume: 'Crystal'
   - at position : (-37.90501941540061,3.849610774883992,-13.25664684417968)
     in direction: (0.09992349370280264,0.9838921881585613,-0.1482277217216286)
    (local position: (-37.90501941540061,3.849610774883992,-13.25664684417968))
    (local direction: (0.09992349370280264,0.9838921881585613,-0.1482277217216286)).
  Previous phys volume: 'World'

  Likely geometry overlap - else navigation problem !
   *** Trying to get *unstuck* using a push - expanding step to 1e-07 (mm) ...       Potential overlap in geometry !

*** This is just a warning message. ***
-------- WWWW -------- G4Exception-END --------- WWWW -------


-------- WWWW ------- G4Exception-START -------- WWWW -------
*** G4Exception : GeomNav1002
      issued by : G4Navigator::ComputeStep()
Stuck Track: potential geometry or navigation problem.
  Track stuck, not moving for 10 steps.
  Current  phys volume: 'Crystal'
   - at position : (-36.73127920698788,-10.12043120713243,15.18593911488368)
     in direction: (-0.1522354392620103,0.5525261039065701,0.8194749999447994)
    (local position: (-36.73127920698788,-10.12043120713243,15.18593911488368))
    (local direction: (-0.1522354392620103,0.5525261039065701,0.8194749999447994)).
  Previous phys volume: 'World'

  Likely geometry overlap - else navigation problem !
   *** Trying to get *unstuck* using a push - expanding step to 1e-07 (mm) ...       Potential overlap in geometry !

*** This is just a warning message. ***
-------- WWWW -------- G4Exception-END --------- WWWW -------


-------- WWWW ------- G4Exception-START -------- WWWW -------
*** G4Exception : GeomNav1002
      issued by : G4Navigator::ComputeStep()
Stuck Track: potential geometry or navigation problem.
  Track stuck, not moving for 10 steps.
  Current  phys volume: 'Crystal'
   - at position : (1.573148486435927,38.06750850580616,29.95316658298788)
     in direction: (0.9375870481513067,-0.0387459989790557,0.3455854086937616)
    (local position: (1.573148486435927,38.06750850580616,29.95316658298788))
    (local direction: (0.9375870481513067,-0.0387459989790557,0.3455854086937616)).
  Previous phys volume: 'World'

  Likely geometry overlap - else navigation problem !
   *** Trying to get *unstuck* using a push - expanding step to 1e-07 (mm) ...       Potential overlap in geometry !

*** This is just a warning message. ***
-------- WWWW -------- G4Exception-END --------- WWWW -------


-------- WWWW ------- G4Exception-START -------- WWWW -------
*** G4Exception : GeomNav1002
      issued by : G4Navigator::ComputeStep()
Stuck Track: potential geometry or navigation problem.
  Track stuck, not moving for 10 steps.
  Current  phys volume: 'Crystal'
   - at position : (-32.62698646625425,-19.6745966700937,-18.36530024988631)
     in direction: (-0.4473705653114921,0.7418883154034719,-0.4994610142550417)
    (local position: (-32.62698646625425,-19.6745966700937,-18.36530024988631))
    (local direction: (-0.4473705653114921,0.7418883154034719,-0.4994610142550417)).
  Previous phys volume: 'World'

  Likely geometry overlap - else navigation problem !
   *** Trying to get *unstuck* using a push - expanding step to 1e-07 (mm) ...       Potential overlap in geometry !

*** This is just a warning message. ***
-------- WWWW -------- G4Exception-END --------- WWWW -------


-------- WWWW ------- G4Exception-START -------- WWWW -------
*** G4Exception : GeomNav1002
      issued by : G4Navigator::ComputeStep()
Stuck Track: potential geometry or navigation problem.
  Track stuck, not moving for 10 steps.
  Current  phys volume: 'Crystal'
   - at position : (29.51216450859346,24.09651730059172,-22.73814300514415)
     in direction: (0.581084140151758,-0.7116817141484656,0.3947788745751145)
    (local position: (29.51216450859346,24.09651730059172,-22.73814300514415))
    (local direction: (0.581084140151758,-0.7116817141484656,0.3947788745751145)).
  Previous phys volume: 'World'

  Likely geometry overlap - else navigation problem !
   *** Trying to get *unstuck* using a push - expanding step to 1e-07 (mm) ...       Potential overlap in geometry !

*** This is just a warning message. ***
-------- WWWW -------- G4Exception-END --------- WWWW -------


-------- WWWW ------- G4Exception-START -------- WWWW -------
*** G4Exception : GeomNav1002
      issued by : G4Navigator::ComputeStep()
Stuck Track: potential geometry or navigation problem.
  Track stuck, not moving for 10 steps.
  Current  phys volume: 'Crystal'
   - at position : (-36.32892399123823,11.48125784218938,-12.81589254460224)
     in direction: (0.2519453905832267,0.7972040233089542,-0.5486248858590738)
    (local position: (-36.32892399123823,11.48125784218938,-12.81589254460224))
    (local direction: (0.2519453905832267,0.7972040233089542,-0.5486248858590738)).
  Previous phys volume: 'World'

  Likely geometry overlap - else navigation problem !
   *** Trying to get *unstuck* using a push - expanding step to 1e-07 (mm) ...       Potential overlap in geometry !

*** This is just a warning message. ***
-------- WWWW -------- G4Exception-END --------- WWWW -------


-------- WWWW ------- G4Exception-START -------- WWWW -------
*** G4Exception : GeomNav1002
      issued by : G4Navigator::ComputeStep()
Stuck Track: potential geometry or navigation problem.
  Track stuck, not moving for 10 steps.
  Current  phys volume: 'Crystal'
   - at position : (-38.07546006020979,1.367238531994148,-5.481781065086022)
     in direction: (0.03362912125387699,0.9365185614644584,0.3490015275557311)
    (local position: (-38.07546006020979,1.367238531994148,-5.481781065086022))
    (local direction: (0.03362912125387699,0.9365185614644584,0.3490015275557311)).
  Previous phys volume: 'World'

  Likely geometry overlap - else navigation problem !
   *** Trying to get *unstuck* using a push - expanding step to 1e-07 (mm) ...       Potential overlap in geometry !

*** This is just a warning message. ***
-------- WWWW -------- G4Exception-END --------- WWWW -------


-------- WWWW ------- G4Exception-START -------- WWWW -------
*** G4Exception : GeomNav1002
      issued by : G4Navigator::ComputeStep()
Stuck Track: potential geometry or navigation problem.
  Track stuck, not moving for 10 steps.
  Current  phys volume: 'Crystal'
   - at position : (-8.825892447815475,37.0636428660162,-0.1336436682970989)
     in direction: (0.7231273049871403,0.1721968842341468,0.66890592301316)
    (local position: (-8.825892447815475,37.0636428660162,-0.1336436682970989))
    (local direction: (0.7231273049871403,0.1721968842341468,0.66890592301316)).
  Previous phys volume: 'World'

  Likely geometry overlap - else navigation problem !
   *** Trying to get *unstuck* using a push - expanding step to 1e-07 (mm) ...       Potential overlap in geometry !

*** This is just a warning message. ***
-------- WWWW -------- G4Exception-END --------- WWWW -------


-------- WWWW ------- G4Exception-START -------- WWWW -------
*** G4Exception : GeomNav1002
      issued by : G4Navigator::ComputeStep()
Stuck Track: potential geometry or navigation problem.
  Track stuck, not moving for 10 steps.
  Current  phys volume: 'Crystal'
   - at position : (27.94396008155294,25.89874697665074,2.878316063601058)
     in direction: (0.6440282055298262,-0.6948868407782328,0.3199374141848355)
    (local position: (27.94396008155294,25.89874697665074,2.878316063601058))
    (local direction: (0.6440282055298262,-0.6948868407782328,0.3199374141848355)).
  Previous phys volume: 'World'

  Likely geometry overlap - else navigation problem !
   *** Trying to get *unstuck* using a push - expanding step to 1e-07 (mm) ...       Potential overlap in geometry !

*** This is just a warning message. ***
-------- WWWW -------- G4Exception-END --------- WWWW -------


-------- WWWW ------- G4Exception-START -------- WWWW -------
*** G4Exception : GeomNav1002
      issued by : G4Navigator::ComputeStep()
Stuck Track: potential geometry or navigation problem.
  Track stuck, not moving for 10 steps.
  Current  phys volume: 'Crystal'
   - at position : (32.804079430112,19.37788359813587,-27.0496558338059)
     in direction: (0.4965702115065022,-0.840624755453369,0.2162592091989414)
    (local position: (32.804079430112,19.37788359813587,-27.0496558338059))
    (local direction: (0.4965702115065022,-0.840624755453369,0.2162592091989414)).
  Previous phys volume: 'World'

  Likely geometry overlap - else navigation problem !
   *** Trying to get *unstuck* using a push - expanding step to 1e-07 (mm) ...       Potential overlap in geometry !

*** This is just a warning message. ***
-------- WWWW -------- G4Exception-END --------- WWWW -------


-------- WWWW ------- G4Exception-START -------- WWWW -------
*** G4Exception : GeomNav1002
      issued by : G4Navigator::ComputeStep()
Stuck Track: potential geometry or navigation problem.
  Track stuck, not moving for 10 steps.
  Current  phys volume: 'Crystal'
   - at position : (-13.74725470420395,-35.53340664920466,-28.68532886720743)
     in direction: (-0.8751405853970743,0.3385766146266478,0.3456802450514415)
    (local position: (-13.74725470420395,-35.53340664920466,-28.68532886720743))
    (local direction: (-0.8751405853970743,0.3385766146266478,0.3456802450514415)).
  Previous phys volume: 'World'

  Likely geometry overlap - else navigation problem !
   *** Trying to get *unstuck* using a push - expanding step to 1e-07 (mm) ...       Potential overlap in geometry !

*** This is just a warning message. ***
-------- WWWW -------- G4Exception-END --------- WWWW -------


-------- WWWW ------- G4Exception-START -------- WWWW -------
*** G4Exception : GeomNav1002
      issued by : G4Navigator::ComputeStep()
Stuck Track: potential geometry or navigation problem.
  Track stuck, not moving for 10 steps.
  Current  phys volume: 'Crystal'
   - at position : (8.527639030083845,37.13339969047529,-35.96605321618928)
     in direction: (0.9740259477302921,-0.2236838468175533,0.03519928722301086)
    (local position: (8.527639030083845,37.13339969047529,-35.96605321618928))
    (local direction: (0.9740259477302921,-0.2236838468175533,0.03519928722301086)).
  Previous phys volume: 'World'

  Likely geometry overlap - else navigation problem !
   *** Trying to get *unstuck* using a push - expanding step to 1e-07 (mm) ...       Potential overlap in geometry !

*** This is just a warning message. ***
-------- WWWW -------- G4Exception-END --------- WWWW -------


-------- WWWW ------- G4Exception-START -------- WWWW -------
*** G4Exception : GeomNav1002
      issued by : G4Navigator::ComputeStep()
Stuck Track: potential geometry or navigation problem.
  Track stuck, not moving for 10 steps.
  Current  phys volume: 'Crystal'
   - at position : (-27.4866021895008,26.38364455635593,-22.02556525667334)
     in direction: (0.6924079967020583,0.721353834096957,-0.01482606274984893)
    (local position: (-27.4866021895008,26.38364455635593,-22.02556525667334))
    (local direction: (0.6924079967020583,0.721353834096957,-0.01482606274984893)).
  Previous phys volume: 'World'

  Likely geometry overlap - else navigation problem !
   *** Trying to get *unstuck* using a push - expanding step to 1e-07 (mm) ...       Potential overlap in geometry !

*** This is just a warning message. ***
-------- WWWW -------- G4Exception-END --------- WWWW -------


-------- WWWW ------- G4Exception-START -------- WWWW -------
*** G4Exception : GeomNav1002
      issued by : G4Navigator::ComputeStep()
Stuck Track: potential geometry or navigation problem.
  Track stuck, not moving for 10 steps.
  Current  phys volume: 'Crystal'
   - at position : (27.47160258158969,26.39926233058785,27.39148391829818)
     in direction: (-0.6928679217866275,0.7210122749073933,0.008679999536025464)
    (local position: (27.47160258158969,26.39926233058785,27.39148391829818))
    (local direction: (-0.6928679217866275,0.7210122749073933,0.008679999536025464)).
  Previous phys volume: 'World'

  Likely geometry overlap - else navigation problem !
   *** Trying to get *unstuck* using a push - expanding step to 1e-07 (mm) ...       Potential overlap in geometry !

*** This is just a warning message. ***
-------- WWWW -------- G4Exception-END --------- WWWW -------


-------- WWWW ------- G4Exception-START -------- WWWW -------
*** G4Exception : GeomNav1002
      issued by : G4Navigator::ComputeStep()
Stuck Track: potential geometry or navigation problem.
  Track stuck, not moving for 10 steps.
  Current  phys volume: 'Crystal'
   - at position : (37.66011387142552,5.772852257875957,-17.4022930181809)
     in direction: (-0.1265802312953178,0.8257661397707424,0.5496250789887146)
    (local position: (37.66011387142552,5.772852257875957,-17.4022930181809))
    (local direction: (-0.1265802312953178,0.8257661397707424,0.5496250789887146)).
  Previous phys volume: 'World'

  Likely geometry overlap - else navigation problem !
   *** Trying to get *unstuck* using a push - expanding step to 1e-07 (mm) ...       Potential overlap in geometry !

*** This is just a warning message. ***
-------- WWWW -------- G4Exception-END --------- WWWW -------


-------- WWWW ------- G4Exception-START -------- WWWW -------
*** G4Exception : GeomNav1002
      issued by : G4Navigator::ComputeStep()
Stuck Track: potential geometry or navigation problem.
  Track stuck, not moving for 10 steps.
  Current  phys volume: 'Crystal'
   - at position : (37.25559704919578,-7.976872100513765,10.90984917272548)
     in direction: (0.1959480931126407,0.9151661337396481,-0.3522432291209368)
    (local position: (37.25559704919578,-7.976872100513765,10.90984917272548))
    (local direction: (0.1959480931126407,0.9151661337396481,-0.3522432291209368)).
  Previous phys volume: 'World'

  Likely geometry overlap - else navigation problem !
   *** Trying to get *unstuck* using a push - expanding step to 1e-07 (mm) ...       Potential overlap in geometry !

*** This is just a warning message. ***
-------- WWWW -------- G4Exception-END --------- WWWW -------


-------- WWWW ------- G4Exception-START -------- WWWW -------
*** G4Exception : GeomNav1002
      issued by : G4Navigator::ComputeStep()
Stuck Track: potential geometry or navigation problem.
  Track stuck, not moving for 10 steps.
  Current  phys volume: 'Crystal'
   - at position : (-27.59109653118977,26.27434855912831,-35.0646906251366)
     in direction: (-0.6014617762420958,-0.6316042390459594,-0.4892032470649369)
    (local position: (-27.59109653118977,26.27434855912831,-35.0646906251366))
    (local direction: (-0.6014617762420958,-0.6316042390459594,-0.4892032470649369)).
  Previous phys volume: 'World'

  Likely geometry overlap - else navigation problem !
   *** Trying to get *unstuck* using a push - expanding step to 1e-07 (mm) ...       Potential overlap in geometry !

*** This is just a warning message. ***
-------- WWWW -------- G4Exception-END --------- WWWW -------


-------- WWWW ------- G4Exception-START -------- WWWW -------
*** G4Exception : GeomNav1002
      issued by : G4Navigator::ComputeStep()
Stuck Track: potential geometry or navigation problem.
  Track stuck, not moving for 10 steps.
  Current  phys volume: 'Crystal'
   - at position : (-8.12234963394099,-37.22415125189584,15.23101583915221)
     in direction: (0.8398334800783837,-0.1832525639960327,-0.5109777133381761)
    (local position: (-8.12234963394099,-37.22415125189584,15.23101583915221))
    (local direction: (0.8398334800783837,-0.1832525639960327,-0.5109777133381761)).
  Previous phys volume: 'World'

  Likely geometry overlap - else navigation problem !
   *** Trying to get *unstuck* using a push - expanding step to 1e-07 (mm) ...       Potential overlap in geometry !

*** This is just a warning message. ***
-------- WWWW -------- G4Exception-END --------- WWWW -------


-------- WWWW ------- G4Exception-START -------- WWWW -------
*** G4Exception : GeomNav1002
      issued by : G4Navigator::ComputeStep()
Stuck Track: potential geometry or navigation problem.
  Track stuck, not moving for 10 steps.
  Current  phys volume: 'Crystal'
   - at position : (31.11439100578628,21.98873967145562,-2.091025999451844)
     in direction: (-0.5566682944766045,0.7876938484725199,-0.2639295568955087)
    (local position: (31.11439100578628,21.98873967145562,-2.091025999451844))
    (local direction: (-0.5566682944766045,0.7876938484725199,-0.2639295568955087)).
  Previous phys volume: 'World'

  Likely geometry overlap - else navigation problem !
   *** Trying to get *unstuck* using a push - expanding step to 1e-07 (mm) ...       Potential overlap in geometry !

*** This is just a warning message. ***
-------- WWWW -------- G4Exception-END --------- WWWW -------


-------- WWWW ------- G4Exception-START -------- WWWW -------
*** G4Exception : GeomNav1002
      issued by : G4Navigator::ComputeStep()
Stuck Track: potential geometry or navigation problem.
  Track stuck, not moving for 10 steps.
  Current  phys volume: 'Crystal'
   - at position : (29.77503910419423,-23.77092859658,29.33188022636479)
     in direction: (-0.6183778334038551,-0.7745689906878821,-0.1328598277114247)
    (local position: (29.77503910419423,-23.77092859658,29.33188022636479))
    (local direction: (-0.6183778334038551,-0.7745689906878821,-0.1328598277114247)).
  Previous phys volume: 'World'

  Likely geometry overlap - else navigation problem !
   *** Trying to get *unstuck* using a push - expanding step to 1e-07 (mm) ...       Potential overlap in geometry !

*** This is just a warning message. ***
-------- WWWW -------- G4Exception-END --------- WWWW -------


-------- WWWW ------- G4Exception-START -------- WWWW -------
*** G4Exception : GeomNav1002
      issued by : G4Navigator::ComputeStep()
Stuck Track: potential geometry or navigation problem.
  Track stuck, not moving for 10 steps.
  Current  phys volume: 'Crystal'
   - at position : (-17.99630415326383,33.58188554597879,-3.132118806086168)
     in direction: (-0.7034073027640694,-0.3769511913450296,-0.6025993409901308)
    (local position: (-17.99630415326383,33.58188554597879,-3.132118806086168))
    (local direction: (-0.7034073027640694,-0.3769511913450296,-0.6025993409901308)).
  Previous phys volume: 'World'

  Likely geometry overlap - else navigation problem !
   *** Trying to get *unstuck* using a push - expanding step to 1e-07 (mm) ...       Potential overlap in geometry !

*** This is just a warning message. ***
-------- WWWW -------- G4Exception-END --------- WWWW -------


-------- WWWW ------- G4Exception-START -------- WWWW -------
*** G4Exception : GeomNav1002
      issued by : G4Navigator::ComputeStep()
Stuck Track: potential geometry or navigation problem.
  Track stuck, not moving for 10 steps.
  Current  phys volume: 'Crystal'
   - at position : (17.40620754104238,33.89150246061923,31.32778250924954)
     in direction: (0.8309311169630414,-0.4267547445255576,-0.3569788045353373)
    (local position: (17.40620754104238,33.89150246061923,31.32778250924954))
    (local direction: (0.8309311169630414,-0.4267547445255576,-0.3569788045353373)).
  Previous phys volume: 'World'

  Likely geometry overlap - else navigation problem !
   *** Trying to get *unstuck* using a push - expanding step to 1e-07 (mm) ...       Potential overlap in geometry !

*** This is just a warning message. ***
-------- WWWW -------- G4Exception-END --------- WWWW -------


-------- WWWW ------- G4Exception-START -------- WWWW -------
*** G4Exception : GeomNav1002
      issued by : G4Navigator::ComputeStep()
Stuck Track: potential geometry or navigation problem.
  Track stuck, not moving for 10 steps.
  Current  phys volume: 'Crystal'
   - at position : (-35.37648820000892,-14.14616847894261,31.20794931115843)
     in direction: (0.3711196160200057,-0.9280893788637326,-0.03033703092747654)
    (local position: (-35.37648820000892,-14.14616847894261,31.20794931115843))
    (local direction: (0.3711196160200057,-0.9280893788637326,-0.03033703092747654)).
  Previous phys volume: 'World'

  Likely geometry overlap - else navigation problem !
   *** Trying to get *unstuck* using a push - expanding step to 1e-07 (mm) ...       Potential overlap in geometry !

*** This is just a warning message. ***
-------- WWWW -------- G4Exception-END --------- WWWW -------


-------- WWWW ------- G4Exception-START -------- WWWW -------
*** G4Exception : GeomNav1002
      issued by : G4Navigator::ComputeStep()
Stuck Track: potential geometry or navigation problem.
  Track stuck, not moving for 10 steps.
  Current  phys volume: 'Crystal'
   - at position : (-0.2239404108133895,38.0993418669195,12.83640254610263)
     in direction: (0.8780717326748388,0.005161132316292239,-0.4785011964359339)
    (local position: (-0.2239404108133895,38.0993418669195,12.83640254610263))
    (local direction: (0.8780717326748388,0.005161132316292239,-0.4785011964359339)).
  Previous phys volume: 'World'

  Likely geometry overlap - else navigation problem !
   *** Trying to get *unstuck* using a push - expanding step to 1e-07 (mm) ...       Potential overlap in geometry !

*** This is just a warning message. ***
-------- WWWW -------- G4Exception-END --------- WWWW -------


-------- WWWW ------- G4Exception-START -------- WWWW -------
*** G4Exception : GeomNav1002
      issued by : G4Navigator::ComputeStep()
Stuck Track: potential geometry or navigation problem.
  Track stuck, not moving for 10 steps.
  Current  phys volume: 'Crystal'
   - at position : (37.6066518676825,6.111442980420603,5.328747573544348)
     in direction: (-0.1537305208211341,0.9459779296770962,-0.2854692339498215)
    (local position: (37.6066518676825,6.111442980420603,5.328747573544348))
    (local direction: (-0.1537305208211341,0.9459779296770962,-0.2854692339498215)).
  Previous phys volume: 'World'

  Likely geometry overlap - else navigation problem !
   *** Trying to get *unstuck* using a push - expanding step to 1e-07 (mm) ...       Potential overlap in geometry !

*** This is just a warning message. ***
-------- WWWW -------- G4Exception-END --------- WWWW -------


-------- WWWW ------- G4Exception-START -------- WWWW -------
*** G4Exception : GeomNav1002
      issued by : G4Navigator::ComputeStep()
Stuck Track: potential geometry or navigation problem.
  Track stuck, not moving for 10 steps.
  Current  phys volume: 'Crystal'
   - at position : (-6.342975716875309,-37.56829326779605,-22.92278766069382)
     in direction: (0.9286899797082849,-0.1567986585870433,-0.3360790119223886)
    (local position: (-6.342975716875309,-37.56829326779605,-22.92278766069382))
    (local direction: (0.9286899797082849,-0.1567986585870433,-0.3360790119223886)).
  Previous phys volume: 'World'

  Likely geometry overlap - else navigation problem !
   *** Trying to get *unstuck* using a push - expanding step to 1e-07 (mm) ...       Potential overlap in geometry !

*** This is just a warning message. ***
-------- WWWW -------- G4Exception-END --------- WWWW -------


-------- WWWW ------- G4Exception-START -------- WWWW -------
*** G4Exception : GeomNav1002
      issued by : G4Navigator::ComputeStep()
Stuck Track: potential geometry or navigation problem.
  Track stuck, not moving for 10 steps.
  Current  phys volume: 'Crystal'
   - at position : (-16.47434187139906,34.35412726157175,-12.19124213419473)
     in direction: (0.8427129735410669,0.404118594539538,-0.355700725010453)
    (local position: (-16.47434187139906,34.35412726157175,-12.19124213419473))
    (local direction: (0.8427129735410669,0.404118594539538,-0.355700725010453)).
  Previous phys volume: 'World'

  Likely geometry overlap - else navigation problem !
   *** Trying to get *unstuck* using a push - expanding step to 1e-07 (mm) ...       Potential overlap in geometry !

*** This is just a warning message. ***
-------- WWWW -------- G4Exception-END --------- WWWW -------


-------- WWWW ------- G4Exception-START -------- WWWW -------
*** G4Exception : GeomNav1002
      issued by : G4Navigator::ComputeStep()
Stuck Track: potential geometry or navigation problem.
  Track stuck, not moving for 10 steps.
  Current  phys volume: 'Crystal'
   - at position : (28.87454734240533,-24.8570013431064,-10.46378710453766)
     in direction: (0.6382511195860193,0.7414093081642246,0.2072383799266893)
    (local position: (28.87454734240533,-24.8570013431064,-10.46378710453766))
    (local direction: (0.6382511195860193,0.7414093081642246,0.2072383799266893)).
  Previous phys volume: 'World'

  Likely geometry overlap - else navigation problem !
   *** Trying to get *unstuck* using a push - expanding step to 1e-07 (mm) ...       Potential overlap in geometry !

*** This is just a warning message. ***
-------- WWWW -------- G4Exception-END --------- WWWW -------


-------- WWWW ------- G4Exception-START -------- WWWW -------
*** G4Exception : GeomNav1002
      issued by : G4Navigator::ComputeStep()
Stuck Track: potential geometry or navigation problem.
  Track stuck, not moving for 10 steps.
  Current  phys volume: 'Crystal'
   - at position : (-13.52088526289123,35.62015808089193,-37.5842555149781)
     in direction: (0.8687507638598386,0.3297649430281208,-0.3694958628220444)
    (local position: (-13.52088526289123,35.62015808089193,-37.5842555149781))
    (local direction: (0.8687507638598386,0.3297649430281208,-0.3694958628220444)).
  Previous phys volume: 'World'

  Likely geometry overlap - else navigation problem !
   *** Trying to get *unstuck* using a push - expanding step to 1e-07 (mm) ...       Potential overlap in geometry !

*** This is just a warning message. ***
-------- WWWW -------- G4Exception-END --------- WWWW -------


-------- WWWW ------- G4Exception-START -------- WWWW -------
*** G4Exception : GeomNav1002
      issued by : G4Navigator::ComputeStep()
Stuck Track: potential geometry or navigation problem.
  Track stuck, not moving for 10 steps.
  Current  phys volume: 'Crystal'
   - at position : (32.18968597092502,-20.38220098746043,22.21151696214434)
     in direction: (-0.5336482320545342,-0.8427926414494212,0.07014362368581799)
    (local position: (32.18968597092502,-20.38220098746043,22.21151696214434))
    (local direction: (-0.5336482320545342,-0.8427926414494212,0.07014362368581799)).
  Previous phys volume: 'World'

  Likely geometry overlap - else navigation problem !
   *** Trying to get *unstuck* using a push - expanding step to 1e-07 (mm) ...       Potential overlap in geometry !

*** This is just a warning message. ***
-------- WWWW -------- G4Exception-END --------- WWWW -------


-------- WWWW ------- G4Exception-START -------- WWWW -------
*** G4Exception : GeomNav1002
      issued by : G4Navigator::ComputeStep()
Stuck Track: potential geometry or navigation problem.
  Track stuck, not moving for 10 steps.
  Current  phys volume: 'Crystal'
   - at position : (8.977654290719883,37.02717547202755,-0.9173671151599559)
     in direction: (0.9631844632882526,-0.2335348840239529,0.1331808831027923)
    (local position: (8.977654290719883,37.02717547202755,-0.9173671151599559))
    (local direction: (0.9631844632882526,-0.2335348840239529,0.1331808831027923)).
  Previous phys volume: 'World'

  Likely geometry overlap - else navigation problem !
   *** Trying to get *unstuck* using a push - expanding step to 1e-07 (mm) ...       Potential overlap in geometry !

*** This is just a warning message. ***
-------- WWWW -------- G4Exception-END --------- WWWW -------


-------- WWWW ------- G4Exception-START -------- WWWW -------
*** G4Exception : GeomNav1002
      issued by : G4Navigator::ComputeStep()
Stuck Track: potential geometry or navigation problem.
  Track stuck, not moving for 10 steps.
  Current  phys volume: 'Crystal'
   - at position : (-34.71616749906845,-15.69706068589351,-9.380478563135158)
     in direction: (0.3668943712522245,-0.8114364021223509,-0.4549280005167513)
    (local position: (-34.71616749906845,-15.69706068589351,-9.380478563135158))
    (local direction: (0.3668943712522245,-0.8114364021223509,-0.4549280005167513)).
  Previous phys volume: 'World'

  Likely geometry overlap - else navigation problem !
   *** Trying to get *unstuck* using a push - expanding step to 1e-07 (mm) ...       Potential overlap in geometry !

*** This is just a warning message. ***
-------- WWWW -------- G4Exception-END --------- WWWW -------


-------- WWWW ------- G4Exception-START -------- WWWW -------
*** G4Exception : GeomNav1002
      issued by : G4Navigator::ComputeStep()
Stuck Track: potential geometry or navigation problem.
  Track stuck, not moving for 10 steps.
  Current  phys volume: 'Crystal'
   - at position : (28.45417976578821,25.33712007818191,29.24524652218043)
     in direction: (-0.5798763598307172,0.6512147447555557,-0.4895536370229855)
    (local position: (28.45417976578821,25.33712007818191,29.24524652218043))
    (local direction: (-0.5798763598307172,0.6512147447555557,-0.4895536370229855)).
  Previous phys volume: 'World'

  Likely geometry overlap - else navigation problem !
   *** Trying to get *unstuck* using a push - expanding step to 1e-07 (mm) ...       Potential overlap in geometry !

*** This is just a warning message. ***
-------- WWWW -------- G4Exception-END --------- WWWW -------


-------- WWWW ------- G4Exception-START -------- WWWW -------
*** G4Exception : GeomNav1002
      issued by : G4Navigator::ComputeStep()
Stuck Track: potential geometry or navigation problem.
  Track stuck, not moving for 10 steps.
  Current  phys volume: 'Crystal'
   - at position : (38.00891560867566,-2.632932633504337,-35.27390149749841)
     in direction: (-0.06097375710661423,-0.8802148443595431,0.4706421450671507)
    (local position: (38.00891560867566,-2.632932633504337,-35.27390149749841))
    (local direction: (-0.06097375710661423,-0.8802148443595431,0.4706421450671507)).
  Previous phys volume: 'World'

  Likely geometry overlap - else navigation problem !
   *** Trying to get *unstuck* using a push - expanding step to 1e-07 (mm) ...       Potential overlap in geometry !

*** This is just a warning message. ***
-------- WWWW -------- G4Exception-END --------- WWWW -------


-------- WWWW ------- G4Exception-START -------- WWWW -------
*** G4Exception : GeomNav1002
      issued by : G4Navigator::ComputeStep()
Stuck Track: potential geometry or navigation problem.
  Track stuck, not moving for 10 steps.
  Current  phys volume: 'Crystal'
   - at position : (-33.77777417605319,-17.62588924598003,30.55317331926404)
     in direction: (-0.4332706629468964,0.8303080999710091,0.3505210289727133)
    (local position: (-33.77777417605319,-17.62588924598003,30.55317331926404))
    (local direction: (-0.4332706629468964,0.8303080999710091,0.3505210289727133)).
  Previous phys volume: 'World'

  Likely geometry overlap - else navigation problem !
   *** Trying to get *unstuck* using a push - expanding step to 1e-07 (mm) ...       Potential overlap in geometry !

*** This is just a warning message. ***
-------- WWWW -------- G4Exception-END --------- WWWW -------


-------- WWWW ------- G4Exception-START -------- WWWW -------
*** G4Exception : GeomNav1002
      issued by : G4Navigator::ComputeStep()
Stuck Track: potential geometry or navigation problem.
  Track stuck, not moving for 10 steps.
  Current  phys volume: 'Crystal'
   - at position : (-34.04775040027941,-17.09855820472221,27.07296738786289)
     in direction: (-0.3671863179261569,0.7311650464010891,-0.5749538093178657)
    (local position: (-34.04775040027941,-17.09855820472221,27.07296738786289))
    (local direction: (-0.3671863179261569,0.7311650464010891,-0.5749538093178657)).
  Previous phys volume: 'World'

  Likely geometry overlap - else navigation problem !
   *** Trying to get *unstuck* using a push - expanding step to 1e-07 (mm) ...       Potential overlap in geometry !

*** This is just a warning message. ***
-------- WWWW -------- G4Exception-END --------- WWWW -------


-------- WWWW ------- G4Exception-START -------- WWWW -------
*** G4Exception : GeomNav1002
      issued by : G4Navigator::ComputeStep()
Stuck Track: potential geometry or navigation problem.
  Track stuck, not moving for 10 steps.
  Current  phys volume: 'Crystal'
   - at position : (-32.67523608222268,-19.5943600806715,18.58629849523831)
     in direction: (0.4368685946481632,-0.7285149608493042,-0.527647403887175)
    (local position: (-32.67523608222268,-19.5943600806715,18.58629849523831))
    (local direction: (0.4368685946481632,-0.7285149608493042,-0.527647403887175)).
  Previous phys volume: 'World'

  Likely geometry overlap - else navigation problem !
   *** Trying to get *unstuck* using a push - expanding step to 1e-07 (mm) ...       Potential overlap in geometry !

*** This is just a warning message. ***
-------- WWWW -------- G4Exception-END --------- WWWW -------


-------- WWWW ------- G4Exception-START -------- WWWW -------
*** G4Exception : GeomNav1002
      issued by : G4Navigator::ComputeStep()
Stuck Track: potential geometry or navigation problem.
  Track stuck, not moving for 10 steps.
  Current  phys volume: 'Crystal'
   - at position : (-25.31084275766126,-28.47755675785665,13.74411949226504)
     in direction: (0.7457505845773995,-0.6628228658508407,-0.06724517906694577)
    (local position: (-25.31084275766126,-28.47755675785665,13.74411949226504))
    (local direction: (0.7457505845773995,-0.6628228658508407,-0.06724517906694577)).
  Previous phys volume: 'World'

  Likely geometry overlap - else navigation problem !
   *** Trying to get *unstuck* using a push - expanding step to 1e-07 (mm) ...       Potential overlap in geometry !

*** This is just a warning message. ***
-------- WWWW -------- G4Exception-END --------- WWWW -------


-------- WWWW ------- G4Exception-START -------- WWWW -------
*** G4Exception : GeomNav1002
      issued by : G4Navigator::ComputeStep()
Stuck Track: potential geometry or navigation problem.
  Track stuck, not moving for 10 steps.
  Current  phys volume: 'Crystal'
   - at position : (-24.34261642615164,-29.30950401370266,9.33804092598016)
     in direction: (-0.6987628204268223,0.5803481117440169,0.4182422623125342)
    (local position: (-24.34261642615164,-29.30950401370266,9.33804092598016))
    (local direction: (-0.6987628204268223,0.5803481117440169,0.4182422623125342)).
  Previous phys volume: 'World'

  Likely geometry overlap - else navigation problem !
   *** Trying to get *unstuck* using a push - expanding step to 1e-07 (mm) ...       Potential overlap in geometry !

*** This is just a warning message. ***
-------- WWWW -------- G4Exception-END --------- WWWW -------


-------- WWWW ------- G4Exception-START -------- WWWW -------
*** G4Exception : GeomNav1002
      issued by : G4Navigator::ComputeStep()
Stuck Track: potential geometry or navigation problem.
  Track stuck, not moving for 10 steps.
  Current  phys volume: 'Crystal'
   - at position : (-33.7833891094073,17.61512475920566,29.42639298863051)
     in direction: (-0.4502072455652072,-0.8634356420811263,-0.2275792785482509)
    (local position: (-33.7833891094073,17.61512475920566,29.42639298863051))
    (local direction: (-0.4502072455652072,-0.8634356420811263,-0.2275792785482509)).
  Previous phys volume: 'World'

  Likely geometry overlap - else navigation problem !
   *** Trying to get *unstuck* using a push - expanding step to 1e-07 (mm) ...       Potential overlap in geometry !

*** This is just a warning message. ***
-------- WWWW -------- G4Exception-END --------- WWWW -------


-------- WWWW ------- G4Exception-START -------- WWWW -------
*** G4Exception : GeomNav1002
      issued by : G4Navigator::ComputeStep()
Stuck Track: potential geometry or navigation problem.
  Track stuck, not moving for 10 steps.
  Current  phys volume: 'Crystal'
   - at position : (-37.738739453683,-5.234266371424992,-1.804873769855099)
     in direction: (0.1279712186508251,-0.922664636366029,0.3637490013684801)
    (local position: (-37.738739453683,-5.234266371424992,-1.804873769855099))
    (local direction: (0.1279712186508251,-0.922664636366029,0.3637490013684801)).
  Previous phys volume: 'World'

  Likely geometry overlap - else navigation problem !
   *** Trying to get *unstuck* using a push - expanding step to 1e-07 (mm) ...       Potential overlap in geometry !

*** This is just a warning message. ***
-------- WWWW -------- G4Exception-END --------- WWWW -------


-------- WWWW ------- G4Exception-START -------- WWWW -------
*** G4Exception : GeomNav1002
      issued by : G4Navigator::ComputeStep()
Stuck Track: potential geometry or navigation problem.
  Track stuck, not moving for 10 steps.
  Current  phys volume: 'Crystal'
   - at position : (37.8238988270119,-4.578501668009712,22.37801978779573)
     in direction: (0.110950910769916,0.9165871999235077,0.3841325296505234)
    (local position: (37.8238988270119,-4.578501668009712,22.37801978779573))
    (local direction: (0.110950910769916,0.9165871999235077,0.3841325296505234)).
  Previous phys volume: 'World'

  Likely geometry overlap - else navigation problem !
   *** Trying to get *unstuck* using a push - expanding step to 1e-07 (mm) ...       Potential overlap in geometry !

*** This is just a warning message. ***
-------- WWWW -------- G4Exception-END --------- WWWW -------


-------- WWWW ------- G4Exception-START -------- WWWW -------
*** G4Exception : GeomNav1002
      issued by : G4Navigator::ComputeStep()
Stuck Track: potential geometry or navigation problem.
  Track stuck, not moving for 10 steps.
  Current  phys volume: 'Crystal'
   - at position : (35.86791009676481,-12.84924220685395,16.94784733565943)
     in direction: (0.3091923483599499,0.8630924045985126,-0.3993389448075624)
    (local position: (35.86791009676481,-12.84924220685395,16.94784733565943))
    (local direction: (0.3091923483599499,0.8630924045985126,-0.3993389448075624)).
  Previous phys volume: 'World'

  Likely geometry overlap - else navigation problem !
   *** Trying to get *unstuck* using a push - expanding step to 1e-07 (mm) ...       Potential overlap in geometry !

*** This is just a warning message. ***
-------- WWWW -------- G4Exception-END --------- WWWW -------


-------- WWWW ------- G4Exception-START -------- WWWW -------
*** G4Exception : GeomNav1002
      issued by : G4Navigator::ComputeStep()
Stuck Track: potential geometry or navigation problem.
  Track stuck, not moving for 10 steps.
  Current  phys volume: 'Crystal'
   - at position : (35.80646990564507,-13.0194743709619,-0.8254859107455212)
     in direction: (0.3411008542718962,0.9381037302486838,0.06009657651220742)
    (local position: (35.80646990564507,-13.0194743709619,-0.8254859107455212))
    (local direction: (0.3411008542718962,0.9381037302486838,0.06009657651220742)).
  Previous phys volume: 'World'

  Likely geometry overlap - else navigation problem !
   *** Trying to get *unstuck* using a push - expanding step to 1e-07 (mm) ...       Potential overlap in geometry !

*** This is just a warning message. ***
-------- WWWW -------- G4Exception-END --------- WWWW -------


-------- WWWW ------- G4Exception-START -------- WWWW -------
*** G4Exception : GeomNav1002
      issued by : G4Navigator::ComputeStep()
Stuck Track: potential geometry or navigation problem.
  Track stuck, not moving for 10 steps.
  Current  phys volume: 'Crystal'
   - at position : (32.66047845662743,-19.61894867173508,-16.45307823809276)
     in direction: (-0.5147505213733096,-0.8569265660025748,-0.02662256984104044)
    (local position: (32.66047845662743,-19.61894867173508,-16.45307823809276))
    (local direction: (-0.5147505213733096,-0.8569265660025748,-0.02662256984104044)).
  Previous phys volume: 'World'

  Likely geometry overlap - else navigation problem !
   *** Trying to get *unstuck* using a push - expanding step to 1e-07 (mm) ...       Potential overlap in geometry !

*** This is just a warning message. ***
-------- WWWW -------- G4Exception-END --------- WWWW -------


-------- WWWW ------- G4Exception-START -------- WWWW -------
*** G4Exception : GeomNav1002
      issued by : G4Navigator::ComputeStep()
Stuck Track: potential geometry or navigation problem.
  Track stuck, not moving for 10 steps.
  Current  phys volume: 'Crystal'
   - at position : (-26.61577130328082,27.26189131244297,-27.18708408153641)
     in direction: (0.6873717940515196,0.6710807500890755,0.2777960467722304)
    (local position: (-26.61577130328082,27.26189131244297,-27.18708408153641))
    (local direction: (0.6873717940515196,0.6710807500890755,0.2777960467722304)).
  Previous phys volume: 'World'

  Likely geometry overlap - else navigation problem !
   *** Trying to get *unstuck* using a push - expanding step to 1e-07 (mm) ...       Potential overlap in geometry !

*** This is just a warning message. ***
-------- WWWW -------- G4Exception-END --------- WWWW -------


-------- WWWW ------- G4Exception-START -------- WWWW -------
*** G4Exception : GeomNav1002
      issued by : G4Navigator::ComputeStep()
Stuck Track: potential geometry or navigation problem.
  Track stuck, not moving for 10 steps.
  Current  phys volume: 'Crystal'
   - at position : (-26.6580129804643,27.22058676688284,-8.591928694612374)
     in direction: (0.6592341863370502,0.6456096500432407,0.3854847173826372)
    (local position: (-26.6580129804643,27.22058676688284,-8.591928694612374))
    (local direction: (0.6592341863370502,0.6456096500432407,0.3854847173826372)).
  Previous phys volume: 'World'

  Likely geometry overlap - else navigation problem !
   *** Trying to get *unstuck* using a push - expanding step to 1e-07 (mm) ...       Potential overlap in geometry !

*** This is just a warning message. ***
-------- WWWW -------- G4Exception-END --------- WWWW -------


-------- WWWW ------- G4Exception-START -------- WWWW -------
*** G4Exception : GeomNav1002
      issued by : G4Navigator::ComputeStep()
Stuck Track: potential geometry or navigation problem.
  Track stuck, not moving for 10 steps.
  Current  phys volume: 'Crystal'
   - at position : (15.63845252977388,-34.74260788245478,-7.994227761401302)
     in direction: (0.8707801827051751,0.3919583295869887,0.2968341982914356)
    (local position: (15.63845252977388,-34.74260788245478,-7.994227761401302))
    (local direction: (0.8707801827051751,0.3919583295869887,0.2968341982914356)).
  Previous phys volume: 'World'

  Likely geometry overlap - else navigation problem !
   *** Trying to get *unstuck* using a push - expanding step to 1e-07 (mm) ...       Potential overlap in geometry !

*** This is just a warning message. ***
-------- WWWW -------- G4Exception-END --------- WWWW -------


-------- WWWW ------- G4Exception-START -------- WWWW -------
*** G4Exception : GeomNav1002
      issued by : G4Navigator::ComputeStep()
Stuck Track: potential geometry or navigation problem.
  Track stuck, not moving for 10 steps.
  Current  phys volume: 'Crystal'
   - at position : (35.97017858664377,12.56010559051771,5.581515932613369)
     in direction: (0.2741049968062005,-0.7849938533999269,-0.5555637684822572)
    (local position: (35.97017858664377,12.56010559051771,5.581515932613369))
    (local direction: (0.2741049968062005,-0.7849938533999269,-0.5555637684822572)).
  Previous phys volume: 'World'

  Likely geometry overlap - else navigation problem !
   *** Trying to get *unstuck* using a push - expanding step to 1e-07 (mm) ...       Potential overlap in geometry !

*** This is just a warning message. ***
-------- WWWW -------- G4Exception-END --------- WWWW -------


-------- WWWW ------- G4Exception-START -------- WWWW -------
*** G4Exception : GeomNav1002
      issued by : G4Navigator::ComputeStep()
Stuck Track: potential geometry or navigation problem.
  Track stuck, not moving for 10 steps.
  Current  phys volume: 'Crystal'
   - at position : (-27.54559197801211,26.32205088097953,12.64078561145017)
     in direction: (-0.6604856362937938,-0.6911873214952737,0.2932896364581806)
    (local position: (-27.54559197801211,26.32205088097953,12.64078561145017))
    (local direction: (-0.6604856362937938,-0.6911873214952737,0.2932896364581806)).
  Previous phys volume: 'World'

  Likely geometry overlap - else navigation problem !
   *** Trying to get *unstuck* using a push - expanding step to 1e-07 (mm) ...       Potential overlap in geometry !

*** This is just a warning message. ***
-------- WWWW -------- G4Exception-END --------- WWWW -------


-------- WWWW ------- G4Exception-START -------- WWWW -------
*** G4Exception : GeomNav1002
      issued by : G4Navigator::ComputeStep()
Stuck Track: potential geometry or navigation problem.
  Track stuck, not moving for 10 steps.
  Current  phys volume: 'Crystal'
   - at position : (-30.24736597797233,23.1669344410218,-5.442885898624632)
     in direction: (-0.6078480291996387,-0.7936225591261162,-0.02615352833231815)
    (local position: (-30.24736597797233,23.1669344410218,-5.442885898624632))
    (local direction: (-0.6078480291996387,-0.7936225591261162,-0.02615352833231815)).
  Previous phys volume: 'World'

  Likely geometry overlap - else navigation problem !
   *** Trying to get *unstuck* using a push - expanding step to 1e-07 (mm) ...       Potential overlap in geometry !

*** This is just a warning message. ***
-------- WWWW -------- G4Exception-END --------- WWWW -------


-------- WWWW ------- G4Exception-START -------- WWWW -------
*** G4Exception : GeomNav1002
      issued by : G4Navigator::ComputeStep()
Stuck Track: potential geometry or navigation problem.
  Track stuck, not moving for 10 steps.
  Current  phys volume: 'Crystal'
   - at position : (37.35699283973219,7.487662250141778,-1.218713570212174)
     in direction: (-0.1945351809438124,0.9705631903277157,0.1419970315043402)
    (local position: (37.35699283973219,7.487662250141778,-1.218713570212174))
    (local direction: (-0.1945351809438124,0.9705631903277157,0.1419970315043402)).
  Previous phys volume: 'World'

  Likely geometry overlap - else navigation problem !
   *** Trying to get *unstuck* using a push - expanding step to 1e-07 (mm) ...       Potential overlap in geometry !

*** This is just a warning message. ***
-------- WWWW -------- G4Exception-END --------- WWWW -------


-------- WWWW ------- G4Exception-START -------- WWWW -------
*** G4Exception : GeomNav1002
      issued by : G4Navigator::ComputeStep()
Stuck Track: potential geometry or navigation problem.
  Track stuck, not moving for 10 steps.
  Current  phys volume: 'Crystal'
   - at position : (-37.60436570953572,-6.125494231773801,-36.52946281170195)
     in direction: (-0.141849308994316,0.8708119033723358,0.4707073427118856)
    (local position: (-37.60436570953572,-6.125494231773801,-36.52946281170195))
    (local direction: (-0.141849308994316,0.8708119033723358,0.4707073427118856)).
  Previous phys volume: 'World'

  Likely geometry overlap - else navigation problem !
   *** Trying to get *unstuck* using a push - expanding step to 1e-07 (mm) ...       Potential overlap in geometry !

*** This is just a warning message. ***
-------- WWWW -------- G4Exception-END --------- WWWW -------


-------- WWWW ------- G4Exception-START -------- WWWW -------
*** G4Exception : GeomNav1002
      issued by : G4Navigator::ComputeStep()
Stuck Track: potential geometry or navigation problem.
  Track stuck, not moving for 10 steps.
  Current  phys volume: 'Crystal'
   - at position : (29.53942494367262,-24.06309153033192,-29.23337540560691)
     in direction: (0.6035560782372537,0.7409147511205444,0.2945596577857328)
    (local position: (29.53942494367262,-24.06309153033192,-29.23337540560691))
    (local direction: (0.6035560782372537,0.7409147511205444,0.2945596577857328)).
  Previous phys volume: 'World'

  Likely geometry overlap - else navigation problem !
   *** Trying to get *unstuck* using a push - expanding step to 1e-07 (mm) ...       Potential overlap in geometry !

*** This is just a warning message. ***
-------- WWWW -------- G4Exception-END --------- WWWW -------


-------- WWWW ------- G4Exception-START -------- WWWW -------
*** G4Exception : GeomNav1002
      issued by : G4Navigator::ComputeStep()
Stuck Track: potential geometry or navigation problem.
  Track stuck, not moving for 10 steps.
  Current  phys volume: 'Crystal'
   - at position : (3.112640965807532,37.9726410224253,31.76117512671377)
     in direction: (0.9831683917271999,-0.08059092362235004,0.1639665104167552)
    (local position: (3.112640965807532,37.9726410224253,31.76117512671377))
    (local direction: (0.9831683917271999,-0.08059092362235004,0.1639665104167552)).
  Previous phys volume: 'World'

  Likely geometry overlap - else navigation problem !
   *** Trying to get *unstuck* using a push - expanding step to 1e-07 (mm) ...       Potential overlap in geometry !

*** This is just a warning message. ***
-------- WWWW -------- G4Exception-END --------- WWWW -------


-------- WWWW ------- G4Exception-START -------- WWWW -------
*** G4Exception : GeomNav1002
      issued by : G4Navigator::ComputeStep()
Stuck Track: potential geometry or navigation problem.
  Track stuck, not moving for 10 steps.
  Current  phys volume: 'Crystal'
   - at position : (-17.50881312937903,33.83860905534512,-37.1760599562301)
     in direction: (0.7091873705529258,0.3669485682587613,0.6019983568923361)
    (local position: (-17.50881312937903,33.83860905534512,-37.1760599562301))
    (local direction: (0.7091873705529258,0.3669485682587613,0.6019983568923361)).
  Previous phys volume: 'World'

  Likely geometry overlap - else navigation problem !
   *** Trying to get *unstuck* using a push - expanding step to 1e-07 (mm) ...       Potential overlap in geometry !

*** This is just a warning message. ***
-------- WWWW -------- G4Exception-END --------- WWWW -------


-------- WWWW ------- G4Exception-START -------- WWWW -------
*** G4Exception : GeomNav1002
      issued by : G4Navigator::ComputeStep()
Stuck Track: potential geometry or navigation problem.
  Track stuck, not moving for 10 steps.
  Current  phys volume: 'Crystal'
   - at position : (37.12066981985559,8.582882506784228,-7.48691591762262)
     in direction: (-0.2124223267521922,0.9187192120480265,0.3329140497351206)
    (local position: (37.12066981985559,8.582882506784228,-7.48691591762262))
    (local direction: (-0.2124223267521922,0.9187192120480265,0.3329140497351206)).
  Previous phys volume: 'World'

  Likely geometry overlap - else navigation problem !
   *** Trying to get *unstuck* using a push - expanding step to 1e-07 (mm) ...       Potential overlap in geometry !

*** This is just a warning message. ***
-------- WWWW -------- G4Exception-END --------- WWWW -------


-------- WWWW ------- G4Exception-START -------- WWWW -------
*** G4Exception : GeomNav1002
      issued by : G4Navigator::ComputeStep()
Stuck Track: potential geometry or navigation problem.
  Track stuck, not moving for 10 steps.
  Current  phys volume: 'Crystal'
   - at position : (-38.0371659459555,-2.187237252755909,-23.00643072002144)
     in direction: (0.05452009356139313,-0.9481320984135397,-0.3131662232042191)
    (local position: (-38.0371659459555,-2.187237252755909,-23.00643072002144))
    (local direction: (0.05452009356139313,-0.9481320984135397,-0.3131662232042191)).
  Previous phys volume: 'World'

  Likely geometry overlap - else navigation problem !
   *** Trying to get *unstuck* using a push - expanding step to 1e-07 (mm) ...       Potential overlap in geometry !

*** This is just a warning message. ***
-------- WWWW -------- G4Exception-END --------- WWWW -------


-------- WWWW ------- G4Exception-START -------- WWWW -------
*** G4Exception : GeomNav1002
      issued by : G4Navigator::ComputeStep()
Stuck Track: potential geometry or navigation problem.
  Track stuck, not moving for 10 steps.
  Current  phys volume: 'Crystal'
   - at position : (11.48676524073164,-36.32718299434075,30.51390352890029)
     in direction: (0.9366430173449215,0.2961693577035066,-0.1870389521369647)
    (local position: (11.48676524073164,-36.32718299434075,30.51390352890029))
    (local direction: (0.9366430173449215,0.2961693577035066,-0.1870389521369647)).
  Previous phys volume: 'World'

  Likely geometry overlap - else navigation problem !
   *** Trying to get *unstuck* using a push - expanding step to 1e-07 (mm) ...       Potential overlap in geometry !

*** This is just a warning message. ***
-------- WWWW -------- G4Exception-END --------- WWWW -------


-------- WWWW ------- G4Exception-START -------- WWWW -------
*** G4Exception : GeomNav1002
      issued by : G4Navigator::ComputeStep()
Stuck Track: potential geometry or navigation problem.
  Track stuck, not moving for 10 steps.
  Current  phys volume: 'Crystal'
   - at position : (28.20200088134532,25.61751639579055,14.01625000570425)
     in direction: (0.6228144756874304,-0.6856486054650381,-0.3768131084477286)
    (local position: (28.20200088134532,25.61751639579055,14.01625000570425))
    (local direction: (0.6228144756874304,-0.6856486054650381,-0.3768131084477286)).
  Previous phys volume: 'World'

  Likely geometry overlap - else navigation problem !
   *** Trying to get *unstuck* using a push - expanding step to 1e-07 (mm) ...       Potential overlap in geometry !

*** This is just a warning message. ***
-------- WWWW -------- G4Exception-END --------- WWWW -------


-------- WWWW ------- G4Exception-START -------- WWWW -------
*** G4Exception : GeomNav1002
      issued by : G4Navigator::ComputeStep()
Stuck Track: potential geometry or navigation problem.
  Track stuck, not moving for 10 steps.
  Current  phys volume: 'Crystal'
   - at position : (37.47571910843567,6.868804648964021,9.093919516297934)
     in direction: (0.1523083040573122,-0.8309834843818045,-0.5350407733994306)
    (local position: (37.47571910843567,6.868804648964021,9.093919516297934))
    (local direction: (0.1523083040573122,-0.8309834843818045,-0.5350407733994306)).
  Previous phys volume: 'World'

  Likely geometry overlap - else navigation problem !
   *** Trying to get *unstuck* using a push - expanding step to 1e-07 (mm) ...       Potential overlap in geometry !

*** This is just a warning message. ***
-------- WWWW -------- G4Exception-END --------- WWWW -------


-------- WWWW ------- G4Exception-START -------- WWWW -------
*** G4Exception : GeomNav1002
      issued by : G4Navigator::ComputeStep()
Stuck Track: potential geometry or navigation problem.
  Track stuck, not moving for 10 steps.
  Current  phys volume: 'Crystal'
   - at position : (34.6648983280862,-15.80995964268875,34.261178998209)
     in direction: (0.3966662660663237,0.8697299736454117,0.2936420377053527)
    (local position: (34.6648983280862,-15.80995964268875,34.261178998209))
    (local direction: (0.3966662660663237,0.8697299736454117,0.2936420377053527)).
  Previous phys volume: 'World'

  Likely geometry overlap - else navigation problem !
   *** Trying to get *unstuck* using a push - expanding step to 1e-07 (mm) ...       Potential overlap in geometry !

*** This is just a warning message. ***
-------- WWWW -------- G4Exception-END --------- WWWW -------


-------- WWWW ------- G4Exception-START -------- WWWW -------
*** G4Exception : GeomNav1002
      issued by : G4Navigator::ComputeStep()
Stuck Track: potential geometry or navigation problem.
  Track stuck, not moving for 10 steps.
  Current  phys volume: 'Crystal'
   - at position : (22.52188138111683,-30.73068269750776,-36.17243830299179)
     in direction: (0.7851128097504229,0.5753929304482515,-0.2291742820561903)
    (local position: (22.52188138111683,-30.73068269750776,-36.17243830299179))
    (local direction: (0.7851128097504229,0.5753929304482515,-0.2291742820561903)).
  Previous phys volume: 'World'

  Likely geometry overlap - else navigation problem !
   *** Trying to get *unstuck* using a push - expanding step to 1e-07 (mm) ...       Potential overlap in geometry !

*** This is just a warning message. ***
-------- WWWW -------- G4Exception-END --------- WWWW -------


-------- WWWW ------- G4Exception-START -------- WWWW -------
*** G4Exception : GeomNav1002
      issued by : G4Navigator::ComputeStep()
Stuck Track: potential geometry or navigation problem.
  Track stuck, not moving for 10 steps.
  Current  phys volume: 'Crystal'
   - at position : (34.4013356589739,-16.37553372805329,3.601119622254206)
     in direction: (0.4120994220105308,0.8657287619985709,-0.2840559399607912)
    (local position: (34.4013356589739,-16.37553372805329,3.601119622254206))
    (local direction: (0.4120994220105308,0.8657287619985709,-0.2840559399607912)).
  Previous phys volume: 'World'

  Likely geometry overlap - else navigation problem !
   *** Trying to get *unstuck* using a push - expanding step to 1e-07 (mm) ...       Potential overlap in geometry !

*** This is just a warning message. ***
-------- WWWW -------- G4Exception-END --------- WWWW -------


-------- WWWW ------- G4Exception-START -------- WWWW -------
*** G4Exception : GeomNav1002
      issued by : G4Navigator::ComputeStep()
Stuck Track: potential geometry or navigation problem.
  Track stuck, not moving for 10 steps.
  Current  phys volume: 'Crystal'
   - at position : (36.51769432145852,10.86591006057551,-36.729329607684)
     in direction: (-0.284486002147977,0.9560886117460983,0.07044346010297728)
    (local position: (36.51769432145852,10.86591006057551,-36.729329607684))
    (local direction: (-0.284486002147977,0.9560886117460983,0.07044346010297728)).
  Previous phys volume: 'World'

  Likely geometry overlap - else navigation problem !
   *** Trying to get *unstuck* using a push - expanding step to 1e-07 (mm) ...       Potential overlap in geometry !

*** This is just a warning message. ***
-------- WWWW -------- G4Exception-END --------- WWWW -------


-------- WWWW ------- G4Exception-START -------- WWWW -------
*** G4Exception : GeomNav1002
      issued by : G4Navigator::ComputeStep()
Stuck Track: potential geometry or navigation problem.
  Track stuck, not moving for 10 steps.
  Current  phys volume: 'Crystal'
   - at position : (27.93486251833212,-25.9085595138341,-1.952850892929866)
     in direction: (-0.6375492661669204,-0.6874118605292092,0.3478446021052972)
    (local position: (27.93486251833212,-25.9085595138341,-1.952850892929866))
    (local direction: (-0.6375492661669204,-0.6874118605292092,0.3478446021052972)).
  Previous phys volume: 'World'

  Likely geometry overlap - else navigation problem !
   *** Trying to get *unstuck* using a push - expanding step to 1e-07 (mm) ...       Potential overlap in geometry !

*** This is just a warning message. ***
-------- WWWW -------- G4Exception-END --------- WWWW -------


-------- WWWW ------- G4Exception-START -------- WWWW -------
*** G4Exception : GeomNav1002
      issued by : G4Navigator::ComputeStep()
Stuck Track: potential geometry or navigation problem.
  Track stuck, not moving for 10 steps.
  Current  phys volume: 'Crystal'
   - at position : (-38.0153713438555,-2.538019225453235,32.36560147635895)
     in direction: (-0.06552105072675263,0.9813980324645859,-0.1804574569983245)
    (local position: (-38.0153713438555,-2.538019225453235,32.36560147635895))
    (local direction: (-0.06552105072675263,0.9813980324645859,-0.1804574569983245)).
  Previous phys volume: 'World'

  Likely geometry overlap - else navigation problem !
   *** Trying to get *unstuck* using a push - expanding step to 1e-07 (mm) ...       Potential overlap in geometry !

*** This is just a warning message. ***
-------- WWWW -------- G4Exception-END --------- WWWW -------


-------- WWWW ------- G4Exception-START -------- WWWW -------
*** G4Exception : GeomNav1002
      issued by : G4Navigator::ComputeStep()
Stuck Track: potential geometry or navigation problem.
  Track stuck, not moving for 10 steps.
  Current  phys volume: 'Crystal'
   - at position : (28.59570360219283,-25.17728610266675,-5.280475243941302)
     in direction: (-0.6597916028624139,-0.7493740603230034,0.05579926977356158)
    (local position: (28.59570360219283,-25.17728610266675,-5.280475243941302))
    (local direction: (-0.6597916028624139,-0.7493740603230034,0.05579926977356158)).
  Previous phys volume: 'World'

  Likely geometry overlap - else navigation problem !
   *** Trying to get *unstuck* using a push - expanding step to 1e-07 (mm) ...       Potential overlap in geometry !

*** This is just a warning message. ***
-------- WWWW -------- G4Exception-END --------- WWWW -------


-------- WWWW ------- G4Exception-START -------- WWWW -------
*** G4Exception : GeomNav1002
      issued by : G4Navigator::ComputeStep()
Stuck Track: potential geometry or navigation problem.
  Track stuck, not moving for 10 steps.
  Current  phys volume: 'Crystal'
   - at position : (-7.802650115351427,-37.29247445768927,-28.28214300316785)
     in direction: (-0.7082255104155554,0.1481809920338865,-0.6902601103906262)
    (local position: (-7.802650115351427,-37.29247445768927,-28.28214300316785))
    (local direction: (-0.7082255104155554,0.1481809920338865,-0.6902601103906262)).
  Previous phys volume: 'World'

  Likely geometry overlap - else navigation problem !
   *** Trying to get *unstuck* using a push - expanding step to 1e-07 (mm) ...       Potential overlap in geometry !

*** This is just a warning message. ***
-------- WWWW -------- G4Exception-END --------- WWWW -------


-------- WWWW ------- G4Exception-START -------- WWWW -------
*** G4Exception : GeomNav1002
      issued by : G4Navigator::ComputeStep()
Stuck Track: potential geometry or navigation problem.
  Track stuck, not moving for 10 steps.
  Current  phys volume: 'Crystal'
   - at position : (33.77892534317372,17.62368300498782,-11.33540020212711)
     in direction: (0.4174282940017767,-0.8000756241033026,0.430851035837768)
    (local position: (33.77892534317372,17.62368300498782,-11.33540020212711))
    (local direction: (0.4174282940017767,-0.8000756241033026,0.430851035837768)).
  Previous phys volume: 'World'

  Likely geometry overlap - else navigation problem !
   *** Trying to get *unstuck* using a push - expanding step to 1e-07 (mm) ...       Potential overlap in geometry !

*** This is just a warning message. ***
-------- WWWW -------- G4Exception-END --------- WWWW -------


-------- WWWW ------- G4Exception-START -------- WWWW -------
*** G4Exception : GeomNav1002
      issued by : G4Navigator::ComputeStep()
Stuck Track: potential geometry or navigation problem.
  Track stuck, not moving for 10 steps.
  Current  phys volume: 'Crystal'
   - at position : (37.88437248786124,-4.047755081644918,9.656490253850878)
     in direction: (-0.09437135108835605,-0.8832548770122544,0.4592982368002579)
    (local position: (37.88437248786124,-4.047755081644918,9.656490253850878))
    (local direction: (-0.09437135108835605,-0.8832548770122544,0.4592982368002579)).
  Previous phys volume: 'World'

  Likely geometry overlap - else navigation problem !
   *** Trying to get *unstuck* using a push - expanding step to 1e-07 (mm) ...       Potential overlap in geometry !

*** This is just a warning message. ***
-------- WWWW -------- G4Exception-END --------- WWWW -------


-------- WWWW ------- G4Exception-START -------- WWWW -------
*** G4Exception : GeomNav1002
      issued by : G4Navigator::ComputeStep()
Stuck Track: potential geometry or navigation problem.
  Track stuck, not moving for 10 steps.
  Current  phys volume: 'Crystal'
   - at position : (-26.60373196316013,-27.27364012434593,19.60467032323655)
     in direction: (0.6714900696224447,-0.6549966101595931,-0.3465263728461174)
    (local position: (-26.60373196316013,-27.27364012434593,19.60467032323655))
    (local direction: (0.6714900696224447,-0.6549966101595931,-0.3465263728461174)).
  Previous phys volume: 'World'

  Likely geometry overlap - else navigation problem !
   *** Trying to get *unstuck* using a push - expanding step to 1e-07 (mm) ...       Potential overlap in geometry !

*** This is just a warning message. ***
-------- WWWW -------- G4Exception-END --------- WWWW -------


-------- WWWW ------- G4Exception-START -------- WWWW -------
*** G4Exception : GeomNav1002
      issued by : G4Navigator::ComputeStep()
Stuck Track: potential geometry or navigation problem.
  Track stuck, not moving for 10 steps.
  Current  phys volume: 'Crystal'
   - at position : (12.52775363890511,35.98145895823153,8.770808373443622)
     in direction: (0.7875352080519435,-0.274198082959656,0.551909147758788)
    (local position: (12.52775363890511,35.98145895823153,8.770808373443622))
    (local direction: (0.7875352080519435,-0.274198082959656,0.551909147758788)).
  Previous phys volume: 'World'

  Likely geometry overlap - else navigation problem !
   *** Trying to get *unstuck* using a push - expanding step to 1e-07 (mm) ...       Potential overlap in geometry !

*** This is just a warning message. ***
-------- WWWW -------- G4Exception-END --------- WWWW -------


-------- WWWW ------- G4Exception-START -------- WWWW -------
*** G4Exception : GeomNav1002
      issued by : G4Navigator::ComputeStep()
Stuck Track: potential geometry or navigation problem.
  Track stuck, not moving for 10 steps.
  Current  phys volume: 'Crystal'
   - at position : (38.00465640827395,-2.693713290059315,-36.67041441879964)
     in direction: (-0.06794847404375899,-0.958661197919364,0.276318136355424)
    (local position: (38.00465640827395,-2.693713290059315,-36.67041441879964))
    (local direction: (-0.06794847404375899,-0.958661197919364,0.276318136355424)).
  Previous phys volume: 'World'

  Likely geometry overlap - else navigation problem !
   *** Trying to get *unstuck* using a push - expanding step to 1e-07 (mm) ...       Potential overlap in geometry !

*** This is just a warning message. ***
-------- WWWW -------- G4Exception-END --------- WWWW -------


-------- WWWW ------- G4Exception-START -------- WWWW -------
*** G4Exception : GeomNav1002
      issued by : G4Navigator::ComputeStep()
Stuck Track: potential geometry or navigation problem.
  Track stuck, not moving for 10 steps.
  Current  phys volume: 'Crystal'
   - at position : (36.77397944069453,9.964157570782209,-15.3074016285063)
     in direction: (-0.2596572835614408,0.9582979333159433,0.1193447363560102)
    (local position: (36.77397944069453,9.964157570782209,-15.3074016285063))
    (local direction: (-0.2596572835614408,0.9582979333159433,0.1193447363560102)).
  Previous phys volume: 'World'

  Likely geometry overlap - else navigation problem !
   *** Trying to get *unstuck* using a push - expanding step to 1e-07 (mm) ...       Potential overlap in geometry !

*** This is just a warning message. ***
-------- WWWW -------- G4Exception-END --------- WWWW -------


-------- WWWW ------- G4Exception-START -------- WWWW -------
*** G4Exception : GeomNav1002
      issued by : G4Navigator::ComputeStep()
Stuck Track: potential geometry or navigation problem.
  Track stuck, not moving for 10 steps.
  Current  phys volume: 'Crystal'
   - at position : (34.13044849477808,-16.93288178501524,15.44715548070508)
     in direction: (-0.4195919881706045,-0.8457427933945417,-0.3296387278282651)
    (local position: (34.13044849477808,-16.93288178501524,15.44715548070508))
    (local direction: (-0.4195919881706045,-0.8457427933945417,-0.3296387278282651)).
  Previous phys volume: 'World'

  Likely geometry overlap - else navigation problem !
   *** Trying to get *unstuck* using a push - expanding step to 1e-07 (mm) ...       Potential overlap in geometry !

*** This is just a warning message. ***
-------- WWWW -------- G4Exception-END --------- WWWW -------


-------- WWWW ------- G4Exception-START -------- WWWW -------
*** G4Exception : GeomNav1002
      issued by : G4Navigator::ComputeStep()
Stuck Track: potential geometry or navigation problem.
  Track stuck, not moving for 10 steps.
  Current  phys volume: 'Crystal'
   - at position : (-35.92090202985077,12.70034634810652,-29.21760162611582)
     in direction: (0.3016017086703481,0.8530322821312946,0.425878310047603)
    (local position: (-35.92090202985077,12.70034634810652,-29.21760162611582))
    (local direction: (0.3016017086703481,0.8530322821312946,0.425878310047603)).
  Previous phys volume: 'World'

  Likely geometry overlap - else navigation problem !
   *** Trying to get *unstuck* using a push - expanding step to 1e-07 (mm) ...       Potential overlap in geometry !

*** This is just a warning message. ***
-------- WWWW -------- G4Exception-END --------- WWWW -------


-------- WWWW ------- G4Exception-START -------- WWWW -------
*** G4Exception : GeomNav1002
      issued by : G4Navigator::ComputeStep()
Stuck Track: potential geometry or navigation problem.
  Track stuck, not moving for 10 steps.
  Current  phys volume: 'Crystal'
   - at position : (-19.22046439978656,-32.89656134395413,-7.983725962890835)
     in direction: (-0.8631748469254901,0.5043269186301048,0.02415663015035047)
    (local position: (-19.22046439978656,-32.89656134395413,-7.983725962890835))
    (local direction: (-0.8631748469254901,0.5043269186301048,0.02415663015035047)).
  Previous phys volume: 'World'

  Likely geometry overlap - else navigation problem !
   *** Trying to get *unstuck* using a push - expanding step to 1e-07 (mm) ...       Potential overlap in geometry !

*** This is just a warning message. ***
-------- WWWW -------- G4Exception-END --------- WWWW -------


-------- WWWW ------- G4Exception-START -------- WWWW -------
*** G4Exception : GeomNav1002
      issued by : G4Navigator::ComputeStep()
Stuck Track: potential geometry or navigation problem.
  Track stuck, not moving for 10 steps.
  Current  phys volume: 'Crystal'
   - at position : (34.6034757200306,-15.94394769476031,30.11583952651234)
     in direction: (0.2850035186048804,0.6185489644705917,0.7322364187441077)
    (local position: (34.6034757200306,-15.94394769476031,30.11583952651234))
    (local direction: (0.2850035186048804,0.6185489644705917,0.7322364187441077)).
  Previous phys volume: 'World'

  Likely geometry overlap - else navigation problem !
   *** Trying to get *unstuck* using a push - expanding step to 1e-07 (mm) ...       Potential overlap in geometry !

*** This is just a warning message. ***
-------- WWWW -------- G4Exception-END --------- WWWW -------


-------- WWWW ------- G4Exception-START -------- WWWW -------
*** G4Exception : GeomNav1002
      issued by : G4Navigator::ComputeStep()
Stuck Track: potential geometry or navigation problem.
  Track stuck, not moving for 10 steps.
  Current  phys volume: 'Crystal'
   - at position : (-5.063181881326811,-37.76207342343113,0.02269419971161138)
     in direction: (-0.9788060111233274,0.1312394265347284,0.15721006809895)
    (local position: (-5.063181881326811,-37.76207342343113,0.02269419971161138))
    (local direction: (-0.9788060111233274,0.1312394265347284,0.15721006809895)).
  Previous phys volume: 'World'

  Likely geometry overlap - else navigation problem !
   *** Trying to get *unstuck* using a push - expanding step to 1e-07 (mm) ...       Potential overlap in geometry !

*** This is just a warning message. ***
-------- WWWW -------- G4Exception-END --------- WWWW -------


-------- WWWW ------- G4Exception-START -------- WWWW -------
*** G4Exception : GeomNav1002
      issued by : G4Navigator::ComputeStep()
Stuck Track: potential geometry or navigation problem.
  Track stuck, not moving for 10 steps.
  Current  phys volume: 'Crystal'
   - at position : (14.71896818757645,35.14202577389517,-1.595942548376851)
     in direction: (-0.8924566838200222,0.3737986427548187,0.2525779922709507)
    (local position: (14.71896818757645,35.14202577389517,-1.595942548376851))
    (local direction: (-0.8924566838200222,0.3737986427548187,0.2525779922709507)).
  Previous phys volume: 'World'

  Likely geometry overlap - else navigation problem !
   *** Trying to get *unstuck* using a push - expanding step to 1e-07 (mm) ...       Potential overlap in geometry !

*** This is just a warning message. ***
-------- WWWW -------- G4Exception-END --------- WWWW -------


-------- WWWW ------- G4Exception-START -------- WWWW -------
*** G4Exception : GeomNav1002
      issued by : G4Navigator::ComputeStep()
Stuck Track: potential geometry or navigation problem.
  Track stuck, not moving for 10 steps.
  Current  phys volume: 'Crystal'
   - at position : (37.28062498098153,-7.859071257306177,9.629907773784872)
     in direction: (0.2046411230946089,0.9707443431925321,0.1256082437512638)
    (local position: (37.28062498098153,-7.859071257306177,9.629907773784872))
    (local direction: (0.2046411230946089,0.9707443431925321,0.1256082437512638)).
  Previous phys volume: 'World'

  Likely geometry overlap - else navigation problem !
   *** Trying to get *unstuck* using a push - expanding step to 1e-07 (mm) ...       Potential overlap in geometry !

*** This is just a warning message. ***
-------- WWWW -------- G4Exception-END --------- WWWW -------


-------- WWWW ------- G4Exception-START -------- WWWW -------
*** G4Exception : GeomNav1002
      issued by : G4Navigator::ComputeStep()
Stuck Track: potential geometry or navigation problem.
  Track stuck, not moving for 10 steps.
  Current  phys volume: 'Crystal'
   - at position : (37.9474606210906,-3.405911392091431,0.192432807406303)
     in direction: (-0.08808020842553545,-0.9813585428225173,0.1708136040044227)
    (local position: (37.9474606210906,-3.405911392091431,0.192432807406303))
    (local direction: (-0.08808020842553545,-0.9813585428225173,0.1708136040044227)).
  Previous phys volume: 'World'

  Likely geometry overlap - else navigation problem !
   *** Trying to get *unstuck* using a push - expanding step to 1e-07 (mm) ...       Potential overlap in geometry !

*** This is just a warning message. ***
-------- WWWW -------- G4Exception-END --------- WWWW -------


-------- WWWW ------- G4Exception-START -------- WWWW -------
*** G4Exception : GeomNav1002
      issued by : G4Navigator::ComputeStep()
Stuck Track: potential geometry or navigation problem.
  Track stuck, not moving for 10 steps.
  Current  phys volume: 'Crystal'
   - at position : (-16.67478608871581,-34.25728402683975,1.104982951657241)
     in direction: (0.7872537313041355,-0.3831969737225778,0.4831062428468235)
    (local position: (-16.67478608871581,-34.25728402683975,1.104982951657241))
    (local direction: (0.7872537313041355,-0.3831969737225778,0.4831062428468235)).
  Previous phys volume: 'World'

  Likely geometry overlap - else navigation problem !
   *** Trying to get *unstuck* using a push - expanding step to 1e-07 (mm) ...       Potential overlap in geometry !

*** This is just a warning message. ***
-------- WWWW -------- G4Exception-END --------- WWWW -------


-------- WWWW ------- G4Exception-START -------- WWWW -------
*** G4Exception : GeomNav1002
      issued by : G4Navigator::ComputeStep()
Stuck Track: potential geometry or navigation problem.
  Track stuck, not moving for 10 steps.
  Current  phys volume: 'Crystal'
   - at position : (-28.84078758116474,24.89616379481252,-28.13189339855284)
     in direction: (0.6529286844805424,0.7563806878020445,0.03965334919794799)
    (local position: (-28.84078758116474,24.89616379481252,-28.13189339855284))
    (local direction: (0.6529286844805424,0.7563806878020445,0.03965334919794799)).
  Previous phys volume: 'World'

  Likely geometry overlap - else navigation problem !
   *** Trying to get *unstuck* using a push - expanding step to 1e-07 (mm) ...       Potential overlap in geometry !

*** This is just a warning message. ***
-------- WWWW -------- G4Exception-END --------- WWWW -------


-------- WWWW ------- G4Exception-START -------- WWWW -------
*** G4Exception : GeomNav1002
      issued by : G4Navigator::ComputeStep()
Stuck Track: potential geometry or navigation problem.
  Track stuck, not moving for 10 steps.
  Current  phys volume: 'Crystal'
   - at position : (-20.20272824211768,32.30262793605407,0.04323166103949794)
     in direction: (-0.8417603767295904,-0.5264542615453803,-0.1195214569387705)
    (local position: (-20.20272824211768,32.30262793605407,0.04323166103949794))
    (local direction: (-0.8417603767295904,-0.5264542615453803,-0.1195214569387705)).
  Previous phys volume: 'World'

  Likely geometry overlap - else navigation problem !
   *** Trying to get *unstuck* using a push - expanding step to 1e-07 (mm) ...       Potential overlap in geometry !

*** This is just a warning message. ***
-------- WWWW -------- G4Exception-END --------- WWWW -------


-------- WWWW ------- G4Exception-START -------- WWWW -------
*** G4Exception : GeomNav1002
      issued by : G4Navigator::ComputeStep()
Stuck Track: potential geometry or navigation problem.
  Track stuck, not moving for 10 steps.
  Current  phys volume: 'Crystal'
   - at position : (34.32043557852732,16.54441602777676,26.60134633928132)
     in direction: (-0.4322983945249701,0.8967780533979219,-0.09437807496959891)
    (local position: (34.32043557852732,16.54441602777676,26.60134633928132))
    (local direction: (-0.4322983945249701,0.8967780533979219,-0.09437807496959891)).
  Previous phys volume: 'World'

  Likely geometry overlap - else navigation problem !
   *** Trying to get *unstuck* using a push - expanding step to 1e-07 (mm) ...       Potential overlap in geometry !

*** This is just a warning message. ***
-------- WWWW -------- G4Exception-END --------- WWWW -------


-------- WWWW ------- G4Exception-START -------- WWWW -------
*** G4Exception : GeomNav1002
      issued by : G4Navigator::ComputeStep()
Stuck Track: potential geometry or navigation problem.
  Track stuck, not moving for 10 steps.
  Current  phys volume: 'Crystal'
   - at position : (-37.32498913316619,7.645599139964491,35.75805700484447)
     in direction: (0.1852253033065166,0.9042499229347825,-0.3847384356773431)
    (local position: (-37.32498913316619,7.645599139964491,35.75805700484447))
    (local direction: (0.1852253033065166,0.9042499229347825,-0.3847384356773431)).
  Previous phys volume: 'World'

  Likely geometry overlap - else navigation problem !
   *** Trying to get *unstuck* using a push - expanding step to 1e-07 (mm) ...       Potential overlap in geometry !

*** This is just a warning message. ***
-------- WWWW -------- G4Exception-END --------- WWWW -------


-------- WWWW ------- G4Exception-START -------- WWWW -------
*** G4Exception : GeomNav1002
      issued by : G4Navigator::ComputeStep()
Stuck Track: potential geometry or navigation problem.
  Track stuck, not moving for 10 steps.
  Current  phys volume: 'Crystal'
   - at position : (38.05293416457512,1.893198739306478,-13.53370894791728)
     in direction: (-0.04866632830522442,0.9781839320834784,0.2019598561669943)
    (local position: (38.05293416457512,1.893198739306478,-13.53370894791728))
    (local direction: (-0.04866632830522442,0.9781839320834784,0.2019598561669943)).
  Previous phys volume: 'World'

  Likely geometry overlap - else navigation problem !
   *** Trying to get *unstuck* using a push - expanding step to 1e-07 (mm) ...       Potential overlap in geometry !

*** This is just a warning message. ***
-------- WWWW -------- G4Exception-END --------- WWWW -------


-------- WWWW ------- G4Exception-START -------- WWWW -------
*** G4Exception : GeomNav1002
      issued by : G4Navigator::ComputeStep()
Stuck Track: potential geometry or navigation problem.
  Track stuck, not moving for 10 steps.
  Current  phys volume: 'Crystal'
   - at position : (-33.74446247098499,-17.689580338275,19.15080962280041)
     in direction: (0.3832265309762911,-0.7310390096951425,0.5645523822107418)
    (local position: (-33.74446247098499,-17.689580338275,19.15080962280041))
    (local direction: (0.3832265309762911,-0.7310390096951425,0.5645523822107418)).
  Previous phys volume: 'World'

  Likely geometry overlap - else navigation problem !
   *** Trying to get *unstuck* using a push - expanding step to 1e-07 (mm) ...       Potential overlap in geometry !

*** This is just a warning message. ***
-------- WWWW -------- G4Exception-END --------- WWWW -------


-------- WWWW ------- G4Exception-START -------- WWWW -------
*** G4Exception : GeomNav1002
      issued by : G4Navigator::ComputeStep()
Stuck Track: potential geometry or navigation problem.
  Track stuck, not moving for 10 steps.
  Current  phys volume: 'Crystal'
   - at position : (37.65601811814634,-5.799508555544556,-9.982014401774094)
     in direction: (-0.1508925877431416,-0.9797406044892359,-0.1316805789752049)
    (local position: (37.65601811814634,-5.799508555544556,-9.982014401774094))
    (local direction: (-0.1508925877431416,-0.9797406044892359,-0.1316805789752049)).
  Previous phys volume: 'World'

  Likely geometry overlap - else navigation problem !
   *** Trying to get *unstuck* using a push - expanding step to 1e-07 (mm) ...       Potential overlap in geometry !

*** This is just a warning message. ***
-------- WWWW -------- G4Exception-END --------- WWWW -------


-------- WWWW ------- G4Exception-START -------- WWWW -------
*** G4Exception : GeomNav1002
      issued by : G4Navigator::ComputeStep()
Stuck Track: potential geometry or navigation problem.
  Track stuck, not moving for 10 steps.
  Current  phys volume: 'Crystal'
   - at position : (30.64831796815639,-22.63383762694214,-18.83094902658426)
     in direction: (-0.5184169416242601,-0.7019846801439681,-0.4883250797164932)
    (local position: (30.64831796815639,-22.63383762694214,-18.83094902658426))
    (local direction: (-0.5184169416242601,-0.7019846801439681,-0.4883250797164932)).
  Previous phys volume: 'World'

  Likely geometry overlap - else navigation problem !
   *** Trying to get *unstuck* using a push - expanding step to 1e-07 (mm) ...       Potential overlap in geometry !

*** This is just a warning message. ***
-------- WWWW -------- G4Exception-END --------- WWWW -------


-------- WWWW ------- G4Exception-START -------- WWWW -------
*** G4Exception : GeomNav1002
      issued by : G4Navigator::ComputeStep()
Stuck Track: potential geometry or navigation problem.
  Track stuck, not moving for 10 steps.
  Current  phys volume: 'Crystal'
   - at position : (-36.89100804940902,9.521739604633137,-27.89246294566427)
     in direction: (0.1284329499732312,0.497600353297454,0.8578454789526041)
    (local position: (-36.89100804940902,9.521739604633137,-27.89246294566427))
    (local direction: (0.1284329499732312,0.497600353297454,0.8578454789526041)).
  Previous phys volume: 'World'

  Likely geometry overlap - else navigation problem !
   *** Trying to get *unstuck* using a push - expanding step to 1e-07 (mm) ...       Potential overlap in geometry !

*** This is just a warning message. ***
-------- WWWW -------- G4Exception-END --------- WWWW -------


-------- WWWW ------- G4Exception-START -------- WWWW -------
*** G4Exception : GeomNav1002
      issued by : G4Navigator::ComputeStep()
Stuck Track: potential geometry or navigation problem.
  Track stuck, not moving for 10 steps.
  Current  phys volume: 'Crystal'
   - at position : (-26.19475280932127,-27.66667535607695,-28.83038773618712)
     in direction: (0.725130313643355,-0.6865519284832006,-0.05322102715551343)
    (local position: (-26.19475280932127,-27.66667535607695,-28.83038773618712))
    (local direction: (0.725130313643355,-0.6865519284832006,-0.05322102715551343)).
  Previous phys volume: 'World'

  Likely geometry overlap - else navigation problem !
   *** Trying to get *unstuck* using a push - expanding step to 1e-07 (mm) ...       Potential overlap in geometry !

*** This is just a warning message. ***
-------- WWWW -------- G4Exception-END --------- WWWW -------


-------- WWWW ------- G4Exception-START -------- WWWW -------
*** G4Exception : GeomNav1002
      issued by : G4Navigator::ComputeStep()
Stuck Track: potential geometry or navigation problem.
  Track stuck, not moving for 10 steps.
  Current  phys volume: 'Crystal'
   - at position : (-37.63178150058151,-5.954747777403444,16.02820528997609)
     in direction: (-0.1560731038957054,0.9863237140300487,0.05297846149456594)
    (local position: (-37.63178150058151,-5.954747777403444,16.02820528997609))
    (local direction: (-0.1560731038957054,0.9863237140300487,0.05297846149456594)).
  Previous phys volume: 'World'

  Likely geometry overlap - else navigation problem !
   *** Trying to get *unstuck* using a push - expanding step to 1e-07 (mm) ...       Potential overlap in geometry !

*** This is just a warning message. ***
-------- WWWW -------- G4Exception-END --------- WWWW -------


-------- WWWW ------- G4Exception-START -------- WWWW -------
*** G4Exception : GeomNav1002
      issued by : G4Navigator::ComputeStep()
Stuck Track: potential geometry or navigation problem.
  Track stuck, not moving for 10 steps.
  Current  phys volume: 'Crystal'
   - at position : (29.17553692585013,24.50302114206237,-2.987740842145449)
     in direction: (-0.6254278568183446,0.7446915800817486,-0.2329687671576624)
    (local position: (29.17553692585013,24.50302114206237,-2.987740842145449))
    (local direction: (-0.6254278568183446,0.7446915800817486,-0.2329687671576624)).
  Previous phys volume: 'World'

  Likely geometry overlap - else navigation problem !
   *** Trying to get *unstuck* using a push - expanding step to 1e-07 (mm) ...       Potential overlap in geometry !

*** This is just a warning message. ***
-------- WWWW -------- G4Exception-END --------- WWWW -------


-------- WWWW ------- G4Exception-START -------- WWWW -------
*** G4Exception : GeomNav1002
      issued by : G4Navigator::ComputeStep()
Stuck Track: potential geometry or navigation problem.
  Track stuck, not moving for 10 steps.
  Current  phys volume: 'Crystal'
   - at position : (3.878499788065688,-37.90207434157099,34.51447352327975)
     in direction: (-0.9578875637058578,-0.09802014209942919,-0.269895289029772)
    (local position: (3.878499788065688,-37.90207434157099,34.51447352327975))
    (local direction: (-0.9578875637058578,-0.09802014209942919,-0.269895289029772)).
  Previous phys volume: 'World'

  Likely geometry overlap - else navigation problem !
   *** Trying to get *unstuck* using a push - expanding step to 1e-07 (mm) ...       Potential overlap in geometry !

*** This is just a warning message. ***
-------- WWWW -------- G4Exception-END --------- WWWW -------


-------- WWWW ------- G4Exception-START -------- WWWW -------
*** G4Exception : GeomNav1002
      issued by : G4Navigator::ComputeStep()
Stuck Track: potential geometry or navigation problem.
  Track stuck, not moving for 10 steps.
  Current  phys volume: 'Crystal'
   - at position : (12.36401895876227,-36.03804982497481,3.454875445323371)
     in direction: (0.8527380388956961,0.2925593735224132,0.4327202907011593)
    (local position: (12.36401895876227,-36.03804982497481,3.454875445323371))
    (local direction: (0.8527380388956961,0.2925593735224132,0.4327202907011593)).
  Previous phys volume: 'World'

  Likely geometry overlap - else navigation problem !
   *** Trying to get *unstuck* using a push - expanding step to 1e-07 (mm) ...       Potential overlap in geometry !

*** This is just a warning message. ***
-------- WWWW -------- G4Exception-END --------- WWWW -------


-------- WWWW ------- G4Exception-START -------- WWWW -------
*** G4Exception : GeomNav1002
      issued by : G4Navigator::ComputeStep()
Stuck Track: potential geometry or navigation problem.
  Track stuck, not moving for 10 steps.
  Current  phys volume: 'Crystal'
   - at position : (29.86585782660684,23.65672285590096,-15.08841657066301)
     in direction: (-0.619836876704668,0.7825242806499716,-0.05880473169947176)
    (local position: (29.86585782660684,23.65672285590096,-15.08841657066301))
    (local direction: (-0.619836876704668,0.7825242806499716,-0.05880473169947176)).
  Previous phys volume: 'World'

  Likely geometry overlap - else navigation problem !
   *** Trying to get *unstuck* using a push - expanding step to 1e-07 (mm) ...       Potential overlap in geometry !

*** This is just a warning message. ***
-------- WWWW -------- G4Exception-END --------- WWWW -------


-------- WWWW ------- G4Exception-START -------- WWWW -------
*** G4Exception : GeomNav1002
      issued by : G4Navigator::ComputeStep()
Stuck Track: potential geometry or navigation problem.
  Track stuck, not moving for 10 steps.
  Current  phys volume: 'Crystal'
   - at position : (-5.864919758115977,-37.64588578093044,3.274552578113698)
     in direction: (0.7038829735948561,-0.1096591851566697,0.7018002725804817)
    (local position: (-5.864919758115977,-37.64588578093044,3.274552578113698))
    (local direction: (0.7038829735948561,-0.1096591851566697,0.7018002725804817)).
  Previous phys volume: 'World'

  Likely geometry overlap - else navigation problem !
   *** Trying to get *unstuck* using a push - expanding step to 1e-07 (mm) ...       Potential overlap in geometry !

*** This is just a warning message. ***
-------- WWWW -------- G4Exception-END --------- WWWW -------


-------- WWWW ------- G4Exception-START -------- WWWW -------
*** G4Exception : GeomNav1002
      issued by : G4Navigator::ComputeStep()
Stuck Track: potential geometry or navigation problem.
  Track stuck, not moving for 10 steps.
  Current  phys volume: 'Crystal'
   - at position : (-5.555724793799619,37.69275689062237,-29.65428791677259)
     in direction: (0.9575039554913676,0.1411313181766248,-0.2515315611371932)
    (local position: (-5.555724793799619,37.69275689062237,-29.65428791677259))
    (local direction: (0.9575039554913676,0.1411313181766248,-0.2515315611371932)).
  Previous phys volume: 'World'

  Likely geometry overlap - else navigation problem !
   *** Trying to get *unstuck* using a push - expanding step to 1e-07 (mm) ...       Potential overlap in geometry !

*** This is just a warning message. ***
-------- WWWW -------- G4Exception-END --------- WWWW -------


-------- WWWW ------- G4Exception-START -------- WWWW -------
*** G4Exception : GeomNav1002
      issued by : G4Navigator::ComputeStep()
Stuck Track: potential geometry or navigation problem.
  Track stuck, not moving for 10 steps.
  Current  phys volume: 'Crystal'
   - at position : (-37.41750077784206,7.179180701179562,-20.67046855482434)
     in direction: (-0.1814487089265603,-0.9457008382979548,0.2696781238280744)
    (local position: (-37.41750077784206,7.179180701179562,-20.67046855482434))
    (local direction: (-0.1814487089265603,-0.9457008382979548,0.2696781238280744)).
  Previous phys volume: 'World'

  Likely geometry overlap - else navigation problem !
   *** Trying to get *unstuck* using a push - expanding step to 1e-07 (mm) ...       Potential overlap in geometry !

*** This is just a warning message. ***
-------- WWWW -------- G4Exception-END --------- WWWW -------


-------- WWWW ------- G4Exception-START -------- WWWW -------
*** G4Exception : GeomNav1002
      issued by : G4Navigator::ComputeStep()
Stuck Track: potential geometry or navigation problem.
  Track stuck, not moving for 10 steps.
  Current  phys volume: 'Crystal'
   - at position : (31.25786206361708,21.78430763673448,-21.47694147620795)
     in direction: (-0.4884863774903628,0.7009192149766482,-0.5197050250698583)
    (local position: (31.25786206361708,21.78430763673448,-21.47694147620795))
    (local direction: (-0.4884863774903628,0.7009192149766482,-0.5197050250698583)).
  Previous phys volume: 'World'

  Likely geometry overlap - else navigation problem !
   *** Trying to get *unstuck* using a push - expanding step to 1e-07 (mm) ...       Potential overlap in geometry !

*** This is just a warning message. ***
-------- WWWW -------- G4Exception-END --------- WWWW -------


-------- WWWW ------- G4Exception-START -------- WWWW -------
*** G4Exception : GeomNav1002
      issued by : G4Navigator::ComputeStep()
Stuck Track: potential geometry or navigation problem.
  Track stuck, not moving for 10 steps.
  Current  phys volume: 'Crystal'
   - at position : (38.03825657949079,2.1681873518738,-18.04361672914647)
     in direction: (0.04222263998737849,-0.7407457717689211,0.6704572695399474)
    (local position: (38.03825657949079,2.1681873518738,-18.04361672914647))
    (local direction: (0.04222263998737849,-0.7407457717689211,0.6704572695399474)).
  Previous phys volume: 'World'

  Likely geometry overlap - else navigation problem !
   *** Trying to get *unstuck* using a push - expanding step to 1e-07 (mm) ...       Potential overlap in geometry !

*** This is just a warning message. ***
-------- WWWW -------- G4Exception-END --------- WWWW -------


-------- WWWW ------- G4Exception-START -------- WWWW -------
*** G4Exception : GeomNav1002
      issued by : G4Navigator::ComputeStep()
Stuck Track: potential geometry or navigation problem.
  Track stuck, not moving for 10 steps.
  Current  phys volume: 'Crystal'
   - at position : (6.550470217154153,-37.53267030114133,-15.26754286081828)
     in direction: (0.9383808674856946,0.1637729443573698,-0.3043349638692759)
    (local position: (6.550470217154153,-37.53267030114133,-15.26754286081828))
    (local direction: (0.9383808674856946,0.1637729443573698,-0.3043349638692759)).
  Previous phys volume: 'World'

  Likely geometry overlap - else navigation problem !
   *** Trying to get *unstuck* using a push - expanding step to 1e-07 (mm) ...       Potential overlap in geometry !

*** This is just a warning message. ***
-------- WWWW -------- G4Exception-END --------- WWWW -------


-------- WWWW ------- G4Exception-START -------- WWWW -------
*** G4Exception : GeomNav1002
      issued by : G4Navigator::ComputeStep()
Stuck Track: potential geometry or navigation problem.
  Track stuck, not moving for 10 steps.
  Current  phys volume: 'Crystal'
   - at position : (-26.54213177785467,-27.33359179996286,25.26062158847498)
     in direction: (-0.7118975896840265,0.6912841816038326,0.1238063086696025)
    (local position: (-26.54213177785467,-27.33359179996286,25.26062158847498))
    (local direction: (-0.7118975896840265,0.6912841816038326,0.1238063086696025)).
  Previous phys volume: 'World'

  Likely geometry overlap - else navigation problem !
   *** Trying to get *unstuck* using a push - expanding step to 1e-07 (mm) ...       Potential overlap in geometry !

*** This is just a warning message. ***
-------- WWWW -------- G4Exception-END --------- WWWW -------


-------- WWWW ------- G4Exception-START -------- WWWW -------
*** G4Exception : GeomNav1002
      issued by : G4Navigator::ComputeStep()
Stuck Track: potential geometry or navigation problem.
  Track stuck, not moving for 10 steps.
  Current  phys volume: 'Crystal'
   - at position : (4.264501678151251,-37.8605867022296,-37.68097766768319)
     in direction: (0.8527877346511588,0.09605542444783401,0.513348259043207)
    (local position: (4.264501678151251,-37.8605867022296,-37.68097766768319))
    (local direction: (0.8527877346511588,0.09605542444783401,0.513348259043207)).
  Previous phys volume: 'World'

  Likely geometry overlap - else navigation problem !
   *** Trying to get *unstuck* using a push - expanding step to 1e-07 (mm) ...       Potential overlap in geometry !

*** This is just a warning message. ***
-------- WWWW -------- G4Exception-END --------- WWWW -------


-------- WWWW ------- G4Exception-START -------- WWWW -------
*** G4Exception : GeomNav1002
      issued by : G4Navigator::ComputeStep()
Stuck Track: potential geometry or navigation problem.
  Track stuck, not moving for 10 steps.
  Current  phys volume: 'Crystal'
   - at position : (-17.73678991917998,33.71967205301492,14.05250026639428)
     in direction: (-0.4546728146460384,-0.2391611692622616,0.85794788113204)
    (local position: (-17.73678991917998,33.71967205301492,14.05250026639428))
    (local direction: (-0.4546728146460384,-0.2391611692622616,0.85794788113204)).
  Previous phys volume: 'World'

  Likely geometry overlap - else navigation problem !
   *** Trying to get *unstuck* using a push - expanding step to 1e-07 (mm) ...       Potential overlap in geometry !

*** This is just a warning message. ***
-------- WWWW -------- G4Exception-END --------- WWWW -------


-------- WWWW ------- G4Exception-START -------- WWWW -------
*** G4Exception : GeomNav1002
      issued by : G4Navigator::ComputeStep()
Stuck Track: potential geometry or navigation problem.
  Track stuck, not moving for 10 steps.
  Current  phys volume: 'Crystal'
   - at position : (-18.64006889327133,33.22887045408102,-1.576124172464933)
     in direction: (-0.8431040751740461,-0.4729477057355687,0.2559218358491099)
    (local position: (-18.64006889327133,33.22887045408102,-1.576124172464933))
    (local direction: (-0.8431040751740461,-0.4729477057355687,0.2559218358491099)).
  Previous phys volume: 'World'

  Likely geometry overlap - else navigation problem !
   *** Trying to get *unstuck* using a push - expanding step to 1e-07 (mm) ...       Potential overlap in geometry !

*** This is just a warning message. ***
-------- WWWW -------- G4Exception-END --------- WWWW -------


-------- WWWW ------- G4Exception-START -------- WWWW -------
*** G4Exception : GeomNav1002
      issued by : G4Navigator::ComputeStep()
Stuck Track: potential geometry or navigation problem.
  Track stuck, not moving for 10 steps.
  Current  phys volume: 'Crystal'
   - at position : (16.92698753758649,-34.133372129082,14.95922641805276)
     in direction: (-0.7265563999504232,-0.3603046039754194,-0.5850610139508502)
    (local position: (16.92698753758649,-34.133372129082,14.95922641805276))
    (local direction: (-0.7265563999504232,-0.3603046039754194,-0.5850610139508502)).
  Previous phys volume: 'World'

  Likely geometry overlap - else navigation problem !
   *** Trying to get *unstuck* using a push - expanding step to 1e-07 (mm) ...       Potential overlap in geometry !

*** This is just a warning message. ***
-------- WWWW -------- G4Exception-END --------- WWWW -------


-------- WWWW ------- G4Exception-START -------- WWWW -------
*** G4Exception : GeomNav1002
      issued by : G4Navigator::ComputeStep()
Stuck Track: potential geometry or navigation problem.
  Track stuck, not moving for 10 steps.
  Current  phys volume: 'Crystal'
   - at position : (-32.84761386161169,-19.30399605259117,17.36123729815828)
     in direction: (-0.5066524886245656,0.8621181470937179,-0.007453604646692504)
    (local position: (-32.84761386161169,-19.30399605259117,17.36123729815828))
    (local direction: (-0.5066524886245656,0.8621181470937179,-0.007453604646692504)).
  Previous phys volume: 'World'

  Likely geometry overlap - else navigation problem !
   *** Trying to get *unstuck* using a push - expanding step to 1e-07 (mm) ...       Potential overlap in geometry !

*** This is just a warning message. ***
-------- WWWW -------- G4Exception-END --------- WWWW -------


-------- WWWW ------- G4Exception-START -------- WWWW -------
*** G4Exception : GeomNav1002
      issued by : G4Navigator::ComputeStep()
Stuck Track: potential geometry or navigation problem.
  Track stuck, not moving for 10 steps.
  Current  phys volume: 'Crystal'
   - at position : (-33.2035687227233,-18.6851016608257,-28.17733708513053)
     in direction: (-0.4794162557655758,0.8519263573757595,0.2106692557450797)
    (local position: (-33.2035687227233,-18.6851016608257,-28.17733708513053))
    (local direction: (-0.4794162557655758,0.8519263573757595,0.2106692557450797)).
  Previous phys volume: 'World'

  Likely geometry overlap - else navigation problem !
   *** Trying to get *unstuck* using a push - expanding step to 1e-07 (mm) ...       Potential overlap in geometry !

*** This is just a warning message. ***
-------- WWWW -------- G4Exception-END --------- WWWW -------


-------- WWWW ------- G4Exception-START -------- WWWW -------
*** G4Exception : GeomNav1002
      issued by : G4Navigator::ComputeStep()
Stuck Track: potential geometry or navigation problem.
  Track stuck, not moving for 10 steps.
  Current  phys volume: 'Crystal'
   - at position : (-23.16772885002604,-30.24675751104027,-33.6963101169536)
     in direction: (-0.7604168075714978,0.5824469087104137,-0.2872662132873534)
    (local position: (-23.16772885002604,-30.24675751104027,-33.6963101169536))
    (local direction: (-0.7604168075714978,0.5824469087104137,-0.2872662132873534)).
  Previous phys volume: 'World'

  Likely geometry overlap - else navigation problem !
   *** Trying to get *unstuck* using a push - expanding step to 1e-07 (mm) ...       Potential overlap in geometry !

*** This is just a warning message. ***
-------- WWWW -------- G4Exception-END --------- WWWW -------


-------- WWWW ------- G4Exception-START -------- WWWW -------
*** G4Exception : GeomNav1002
      issued by : G4Navigator::ComputeStep()
Stuck Track: potential geometry or navigation problem.
  Track stuck, not moving for 10 steps.
  Current  phys volume: 'Crystal'
   - at position : (31.71040401179468,-21.12013914274136,-8.287379608496733)
     in direction: (0.5540430211488484,0.8318566426956253,0.03241692026426242)
    (local position: (31.71040401179468,-21.12013914274136,-8.287379608496733))
    (local direction: (0.5540430211488484,0.8318566426956253,0.03241692026426242)).
  Previous phys volume: 'World'

  Likely geometry overlap - else navigation problem !
   *** Trying to get *unstuck* using a push - expanding step to 1e-07 (mm) ...       Potential overlap in geometry !

*** This is just a warning message. ***
-------- WWWW -------- G4Exception-END --------- WWWW -------


-------- WWWW ------- G4Exception-START -------- WWWW -------
*** G4Exception : GeomNav1002
      issued by : G4Navigator::ComputeStep()
Stuck Track: potential geometry or navigation problem.
  Track stuck, not moving for 10 steps.
  Current  phys volume: 'Crystal'
   - at position : (12.34233779757714,-36.04548096073208,36.83693061015612)
     in direction: (0.8372188569207815,0.2866722170769399,0.4657076610626585)
    (local position: (12.34233779757714,-36.04548096073208,36.83693061015612))
    (local direction: (0.8372188569207815,0.2866722170769399,0.4657076610626585)).
  Previous phys volume: 'World'

  Likely geometry overlap - else navigation problem !
   *** Trying to get *unstuck* using a push - expanding step to 1e-07 (mm) ...       Potential overlap in geometry !

*** This is just a warning message. ***
-------- WWWW -------- G4Exception-END --------- WWWW -------


-------- WWWW ------- G4Exception-START -------- WWWW -------
*** G4Exception : GeomNav1002
      issued by : G4Navigator::ComputeStep()
Stuck Track: potential geometry or navigation problem.
  Track stuck, not moving for 10 steps.
  Current  phys volume: 'Crystal'
   - at position : (-36.8617071735484,-9.634549509529247,-20.67520152549899)
     in direction: (-0.105124264015249,0.4022045694126339,0.9094945703295046)
    (local position: (-36.8617071735484,-9.634549509529247,-20.67520152549899))
    (local direction: (-0.105124264015249,0.4022045694126339,0.9094945703295046)).
  Previous phys volume: 'World'

  Likely geometry overlap - else navigation problem !
   *** Trying to get *unstuck* using a push - expanding step to 1e-07 (mm) ...       Potential overlap in geometry !

*** This is just a warning message. ***
-------- WWWW -------- G4Exception-END --------- WWWW -------


-------- WWWW ------- G4Exception-START -------- WWWW -------
*** G4Exception : GeomNav1002
      issued by : G4Navigator::ComputeStep()
Stuck Track: potential geometry or navigation problem.
  Track stuck, not moving for 10 steps.
  Current  phys volume: 'Crystal'
   - at position : (-36.42117472833424,11.18517015552946,10.57417247980576)
     in direction: (-0.2934586537316646,-0.9555606892416345,0.02803190550161213)
    (local position: (-36.42117472833424,11.18517015552946,10.57417247980576))
    (local direction: (-0.2934586537316646,-0.9555606892416345,0.02803190550161213)).
  Previous phys volume: 'World'

  Likely geometry overlap - else navigation problem !
   *** Trying to get *unstuck* using a push - expanding step to 1e-07 (mm) ...       Potential overlap in geometry !

*** This is just a warning message. ***
-------- WWWW -------- G4Exception-END --------- WWWW -------


-------- WWWW ------- G4Exception-START -------- WWWW -------
*** G4Exception : GeomNav1002
      issued by : G4Navigator::ComputeStep()
Stuck Track: potential geometry or navigation problem.
  Track stuck, not moving for 10 steps.
  Current  phys volume: 'Crystal'
   - at position : (37.77136416192669,4.993400579476882,17.48424601200463)
     in direction: (-0.1290105005366797,0.9758685526875664,-0.1761728089880779)
    (local position: (37.77136416192669,4.993400579476882,17.48424601200463))
    (local direction: (-0.1290105005366797,0.9758685526875664,-0.1761728089880779)).
  Previous phys volume: 'World'

  Likely geometry overlap - else navigation problem !
   *** Trying to get *unstuck* using a push - expanding step to 1e-07 (mm) ...       Potential overlap in geometry !

*** This is just a warning message. ***
-------- WWWW -------- G4Exception-END --------- WWWW -------


-------- WWWW ------- G4Exception-START -------- WWWW -------
*** G4Exception : GeomNav1002
      issued by : G4Navigator::ComputeStep()
Stuck Track: potential geometry or navigation problem.
  Track stuck, not moving for 10 steps.
  Current  phys volume: 'Crystal'
   - at position : (12.97298230167947,35.82334057845961,13.77066318439319)
     in direction: (-0.8138654361897965,0.2947313603128203,-0.5007559056304248)
    (local position: (12.97298230167947,35.82334057845961,13.77066318439319))
    (local direction: (-0.8138654361897965,0.2947313603128203,-0.5007559056304248)).
  Previous phys volume: 'World'

  Likely geometry overlap - else navigation problem !
   *** Trying to get *unstuck* using a push - expanding step to 1e-07 (mm) ...       Potential overlap in geometry !

*** This is just a warning message. ***
-------- WWWW -------- G4Exception-END --------- WWWW -------


-------- WWWW ------- G4Exception-START -------- WWWW -------
*** G4Exception : GeomNav1002
      issued by : G4Navigator::ComputeStep()
Stuck Track: potential geometry or navigation problem.
  Track stuck, not moving for 10 steps.
  Current  phys volume: 'Crystal'
   - at position : (37.31205778959018,7.708459217397667,29.13459850173616)
     in direction: (0.2015020086234051,-0.9753511536399078,-0.08992812471098417)
    (local position: (37.31205778959018,7.708459217397667,29.13459850173616))
    (local direction: (0.2015020086234051,-0.9753511536399078,-0.08992812471098417)).
  Previous phys volume: 'World'

  Likely geometry overlap - else navigation problem !
   *** Trying to get *unstuck* using a push - expanding step to 1e-07 (mm) ...       Potential overlap in geometry !

*** This is just a warning message. ***
-------- WWWW -------- G4Exception-END --------- WWWW -------


-------- WWWW ------- G4Exception-START -------- WWWW -------
*** G4Exception : GeomNav1002
      issued by : G4Navigator::ComputeStep()
Stuck Track: potential geometry or navigation problem.
  Track stuck, not moving for 10 steps.
  Current  phys volume: 'Crystal'
   - at position : (16.41589463658924,-34.38209422476183,-15.29869081506762)
     in direction: (-0.9014805760781125,-0.4304161944612486,0.04554855101286218)
    (local position: (16.41589463658924,-34.38209422476183,-15.29869081506762))
    (local direction: (-0.9014805760781125,-0.4304161944612486,0.04554855101286218)).
  Previous phys volume: 'World'

  Likely geometry overlap - else navigation problem !
   *** Trying to get *unstuck* using a push - expanding step to 1e-07 (mm) ...       Potential overlap in geometry !

*** This is just a warning message. ***
-------- WWWW -------- G4Exception-END --------- WWWW -------


-------- WWWW ------- G4Exception-START -------- WWWW -------
*** G4Exception : GeomNav1002
      issued by : G4Navigator::ComputeStep()
Stuck Track: potential geometry or navigation problem.
  Track stuck, not moving for 10 steps.
  Current  phys volume: 'Crystal'
   - at position : (7.902938848249575,-37.27135035869814,36.40321890866586)
     in direction: (-0.9429538387001931,-0.1999419514520137,-0.2661978101527715)
    (local position: (7.902938848249575,-37.27135035869814,36.40321890866586))
    (local direction: (-0.9429538387001931,-0.1999419514520137,-0.2661978101527715)).
  Previous phys volume: 'World'

  Likely geometry overlap - else navigation problem !
   *** Trying to get *unstuck* using a push - expanding step to 1e-07 (mm) ...       Potential overlap in geometry !

*** This is just a warning message. ***
-------- WWWW -------- G4Exception-END --------- WWWW -------


-------- WWWW ------- G4Exception-START -------- WWWW -------
*** G4Exception : GeomNav1002
      issued by : G4Navigator::ComputeStep()
Stuck Track: potential geometry or navigation problem.
  Track stuck, not moving for 10 steps.
  Current  phys volume: 'Crystal'
   - at position : (24.06003782591279,-29.54191225725995,-9.663515994466733)
     in direction: (0.7679199261802988,0.6254226981068097,0.1383670324464717)
    (local position: (24.06003782591279,-29.54191225725995,-9.663515994466733))
    (local direction: (0.7679199261802988,0.6254226981068097,0.1383670324464717)).
  Previous phys volume: 'World'

  Likely geometry overlap - else navigation problem !
   *** Trying to get *unstuck* using a push - expanding step to 1e-07 (mm) ...       Potential overlap in geometry !

*** This is just a warning message. ***
-------- WWWW -------- G4Exception-END --------- WWWW -------


-------- WWWW ------- G4Exception-START -------- WWWW -------
*** G4Exception : GeomNav1002
      issued by : G4Navigator::ComputeStep()
Stuck Track: potential geometry or navigation problem.
  Track stuck, not moving for 10 steps.
  Current  phys volume: 'Crystal'
   - at position : (-28.88751668861602,-24.84192785523963,-23.72531573620543)
     in direction: (-0.648278780763899,0.7538530909243778,0.1069585887857278)
    (local position: (-28.88751668861602,-24.84192785523963,-23.72531573620543))
    (local direction: (-0.648278780763899,0.7538530909243778,0.1069585887857278)).
  Previous phys volume: 'World'

  Likely geometry overlap - else navigation problem !
   *** Trying to get *unstuck* using a push - expanding step to 1e-07 (mm) ...       Potential overlap in geometry !

*** This is just a warning message. ***
-------- WWWW -------- G4Exception-END --------- WWWW -------


-------- WWWW ------- G4Exception-START -------- WWWW -------
*** G4Exception : GeomNav1002
      issued by : G4Navigator::ComputeStep()
Stuck Track: potential geometry or navigation problem.
  Track stuck, not moving for 10 steps.
  Current  phys volume: 'Crystal'
   - at position : (17.77685708293771,-33.69856602665472,13.14748599447215)
     in direction: (0.8844760376694004,0.4665837739948731,0.001311729140697708)
    (local position: (17.77685708293771,-33.69856602665472,13.14748599447215))
    (local direction: (0.8844760376694004,0.4665837739948731,0.001311729140697708)).
  Previous phys volume: 'World'

  Likely geometry overlap - else navigation problem !
   *** Trying to get *unstuck* using a push - expanding step to 1e-07 (mm) ...       Potential overlap in geometry !

*** This is just a warning message. ***
-------- WWWW -------- G4Exception-END --------- WWWW -------


-------- WWWW ------- G4Exception-START -------- WWWW -------
*** G4Exception : GeomNav1002
      issued by : G4Navigator::ComputeStep()
Stuck Track: potential geometry or navigation problem.
  Track stuck, not moving for 10 steps.
  Current  phys volume: 'Crystal'
   - at position : (-11.42693516227589,-36.34604727886023,-25.25129876371206)
     in direction: (0.953857723770877,-0.2998859898007504,-0.01496114714404256)
    (local position: (-11.42693516227589,-36.34604727886023,-25.25129876371206))
    (local direction: (0.953857723770877,-0.2998859898007504,-0.01496114714404256)).
  Previous phys volume: 'World'

  Likely geometry overlap - else navigation problem !
   *** Trying to get *unstuck* using a push - expanding step to 1e-07 (mm) ...       Potential overlap in geometry !

*** This is just a warning message. ***
-------- WWWW -------- G4Exception-END --------- WWWW -------


-------- WWWW ------- G4Exception-START -------- WWWW -------
*** G4Exception : GeomNav1002
      issued by : G4Navigator::ComputeStep()
Stuck Track: potential geometry or navigation problem.
  Track stuck, not moving for 10 steps.
  Current  phys volume: 'Crystal'
   - at position : (37.21447983517771,-8.166547042486894,4.793845808994292)
     in direction: (0.205754129297218,0.9376095987569482,0.2802739349207816)
    (local position: (37.21447983517771,-8.166547042486894,4.793845808994292))
    (local direction: (0.205754129297218,0.9376095987569482,0.2802739349207816)).
  Previous phys volume: 'World'

  Likely geometry overlap - else navigation problem !
   *** Trying to get *unstuck* using a push - expanding step to 1e-07 (mm) ...       Potential overlap in geometry !

*** This is just a warning message. ***
-------- WWWW -------- G4Exception-END --------- WWWW -------


-------- WWWW ------- G4Exception-START -------- WWWW -------
*** G4Exception : GeomNav1002
      issued by : G4Navigator::ComputeStep()
Stuck Track: potential geometry or navigation problem.
  Track stuck, not moving for 10 steps.
  Current  phys volume: 'Crystal'
   - at position : (27.57561010407197,26.29060150297448,30.61506549758901)
     in direction: (0.6820407266473359,-0.7153769057355726,0.1518431096051829)
    (local position: (27.57561010407197,26.29060150297448,30.61506549758901))
    (local direction: (0.6820407266473359,-0.7153769057355726,0.1518431096051829)).
  Previous phys volume: 'World'

  Likely geometry overlap - else navigation problem !
   *** Trying to get *unstuck* using a push - expanding step to 1e-07 (mm) ...       Potential overlap in geometry !

*** This is just a warning message. ***
-------- WWWW -------- G4Exception-END --------- WWWW -------


-------- WWWW ------- G4Exception-START -------- WWWW -------
*** G4Exception : GeomNav1002
      issued by : G4Navigator::ComputeStep()
Stuck Track: potential geometry or navigation problem.
  Track stuck, not moving for 10 steps.
  Current  phys volume: 'Crystal'
   - at position : (-23.12435587944847,30.27993007192416,-10.50438806496899)
     in direction: (-0.7650158483950729,-0.5842318225202464,0.2709685023375195)
    (local position: (-23.12435587944847,30.27993007192416,-10.50438806496899))
    (local direction: (-0.7650158483950729,-0.5842318225202464,0.2709685023375195)).
  Previous phys volume: 'World'

  Likely geometry overlap - else navigation problem !
   *** Trying to get *unstuck* using a push - expanding step to 1e-07 (mm) ...       Potential overlap in geometry !

*** This is just a warning message. ***
-------- WWWW -------- G4Exception-END --------- WWWW -------


-------- WWWW ------- G4Exception-START -------- WWWW -------
*** G4Exception : GeomNav1002
      issued by : G4Navigator::ComputeStep()
Stuck Track: potential geometry or navigation problem.
  Track stuck, not moving for 10 steps.
  Current  phys volume: 'Crystal'
   - at position : (37.68319150078332,-5.620238279227321,-1.514846445735902)
     in direction: (0.1459548311466492,0.9786139980740871,0.1449545792253697)
    (local position: (37.68319150078332,-5.620238279227321,-1.514846445735902))
    (local direction: (0.1459548311466492,0.9786139980740871,0.1449545792253697)).
  Previous phys volume: 'World'

  Likely geometry overlap - else navigation problem !
   *** Trying to get *unstuck* using a push - expanding step to 1e-07 (mm) ...       Potential overlap in geometry !

*** This is just a warning message. ***
-------- WWWW -------- G4Exception-END --------- WWWW -------


-------- WWWW ------- G4Exception-START -------- WWWW -------
*** G4Exception : GeomNav1002
      issued by : G4Navigator::ComputeStep()
Stuck Track: potential geometry or navigation problem.
  Track stuck, not moving for 10 steps.
  Current  phys volume: 'Crystal'
   - at position : (-24.63428929980026,29.06478609406487,-28.56131146941146)
     in direction: (0.7331526044519627,0.6213943326649745,0.2763265132359814)
    (local position: (-24.63428929980026,29.06478609406487,-28.56131146941146))
    (local direction: (0.7331526044519627,0.6213943326649745,0.2763265132359814)).
  Previous phys volume: 'World'

  Likely geometry overlap - else navigation problem !
   *** Trying to get *unstuck* using a push - expanding step to 1e-07 (mm) ...       Potential overlap in geometry !

*** This is just a warning message. ***
-------- WWWW -------- G4Exception-END --------- WWWW -------


-------- WWWW ------- G4Exception-START -------- WWWW -------
*** G4Exception : GeomNav1002
      issued by : G4Navigator::ComputeStep()
Stuck Track: potential geometry or navigation problem.
  Track stuck, not moving for 10 steps.
  Current  phys volume: 'Crystal'
   - at position : (-37.7936187932287,-4.822072014405244,8.698368582185077)
     in direction: (0.1235374088680255,-0.9682405661951208,0.2173676944357798)
    (local position: (-37.7936187932287,-4.822072014405244,8.698368582185077))
    (local direction: (0.1235374088680255,-0.9682405661951208,0.2173676944357798)).
  Previous phys volume: 'World'

  Likely geometry overlap - else navigation problem !
   *** Trying to get *unstuck* using a push - expanding step to 1e-07 (mm) ...       Potential overlap in geometry !

*** This is just a warning message. ***
-------- WWWW -------- G4Exception-END --------- WWWW -------


-------- WWWW ------- G4Exception-START -------- WWWW -------
*** G4Exception : GeomNav1002
      issued by : G4Navigator::ComputeStep()
Stuck Track: potential geometry or navigation problem.
  Track stuck, not moving for 10 steps.
  Current  phys volume: 'Crystal'
   - at position : (-28.83662980314068,-24.90097953086622,-15.78676014903543)
     in direction: (0.6312986353152741,-0.7310766638416332,0.2588222259298079)
    (local position: (-28.83662980314068,-24.90097953086622,-15.78676014903543))
    (local direction: (0.6312986353152741,-0.7310766638416332,0.2588222259298079)).
  Previous phys volume: 'World'

  Likely geometry overlap - else navigation problem !
   *** Trying to get *unstuck* using a push - expanding step to 1e-07 (mm) ...       Potential overlap in geometry !

*** This is just a warning message. ***
-------- WWWW -------- G4Exception-END --------- WWWW -------


-------- WWWW ------- G4Exception-START -------- WWWW -------
*** G4Exception : GeomNav1002
      issued by : G4Navigator::ComputeStep()
Stuck Track: potential geometry or navigation problem.
  Track stuck, not moving for 10 steps.
  Current  phys volume: 'Crystal'
   - at position : (-12.90097191499976,-35.84933644641679,32.71837156373241)
     in direction: (0.8650027551467371,-0.3112854338942964,0.3935373072960092)
    (local position: (-12.90097191499976,-35.84933644641679,32.71837156373241))
    (local direction: (0.8650027551467371,-0.3112854338942964,0.3935373072960092)).
  Previous phys volume: 'World'

  Likely geometry overlap - else navigation problem !
   *** Trying to get *unstuck* using a push - expanding step to 1e-07 (mm) ...       Potential overlap in geometry !

*** This is just a warning message. ***
-------- WWWW -------- G4Exception-END --------- WWWW -------


-------- WWWW ------- G4Exception-START -------- WWWW -------
*** G4Exception : GeomNav1002
      issued by : G4Navigator::ComputeStep()
Stuck Track: potential geometry or navigation problem.
  Track stuck, not moving for 10 steps.
  Current  phys volume: 'Crystal'
   - at position : (-15.12167813099214,34.97062839730899,13.55550462627346)
     in direction: (-0.8838119207592672,-0.3821698381343355,0.2698568204514955)
    (local position: (-15.12167813099214,34.97062839730899,13.55550462627346))
    (local direction: (-0.8838119207592672,-0.3821698381343355,0.2698568204514955)).
  Previous phys volume: 'World'

  Likely geometry overlap - else navigation problem !
   *** Trying to get *unstuck* using a push - expanding step to 1e-07 (mm) ...       Potential overlap in geometry !

*** This is just a warning message. ***
-------- WWWW -------- G4Exception-END --------- WWWW -------


-------- WWWW ------- G4Exception-START -------- WWWW -------
*** G4Exception : GeomNav1002
      issued by : G4Navigator::ComputeStep()
Stuck Track: potential geometry or navigation problem.
  Track stuck, not moving for 10 steps.
  Current  phys volume: 'Crystal'
   - at position : (-9.050015862217546,-37.00955569705763,36.60523540694724)
     in direction: (-0.9709529761081871,0.2374289469231603,-0.02962791503992872)
    (local position: (-9.050015862217546,-37.00955569705763,36.60523540694724))
    (local direction: (-0.9709529761081871,0.2374289469231603,-0.02962791503992872)).
  Previous phys volume: 'World'

  Likely geometry overlap - else navigation problem !
   *** Trying to get *unstuck* using a push - expanding step to 1e-07 (mm) ...       Potential overlap in geometry !

*** This is just a warning message. ***
-------- WWWW -------- G4Exception-END --------- WWWW -------


-------- WWWW ------- G4Exception-START -------- WWWW -------
*** G4Exception : GeomNav1002
      issued by : G4Navigator::ComputeStep()
Stuck Track: potential geometry or navigation problem.
  Track stuck, not moving for 10 steps.
  Current  phys volume: 'Crystal'
   - at position : (2.138384121153203,38.03994365598351,-29.57376360214844)
     in direction: (-0.9982906605192221,0.05611808776730557,0.01632535896807564)
    (local position: (2.138384121153203,38.03994365598351,-29.57376360214844))
    (local direction: (-0.9982906605192221,0.05611808776730557,0.01632535896807564)).
  Previous phys volume: 'World'

  Likely geometry overlap - else navigation problem !
   *** Trying to get *unstuck* using a push - expanding step to 1e-07 (mm) ...       Potential overlap in geometry !

*** This is just a warning message. ***
-------- WWWW -------- G4Exception-END --------- WWWW -------


-------- WWWW ------- G4Exception-START -------- WWWW -------
*** G4Exception : GeomNav1002
      issued by : G4Navigator::ComputeStep()
Stuck Track: potential geometry or navigation problem.
  Track stuck, not moving for 10 steps.
  Current  phys volume: 'Crystal'
   - at position : (-26.37098960776703,27.49874373688812,26.62020234426583)
     in direction: (0.6744967389237413,0.6468348759063564,-0.3558915459693404)
    (local position: (-26.37098960776703,27.49874373688812,26.62020234426583))
    (local direction: (0.6744967389237413,0.6468348759063564,-0.3558915459693404)).
  Previous phys volume: 'World'

  Likely geometry overlap - else navigation problem !
   *** Trying to get *unstuck* using a push - expanding step to 1e-07 (mm) ...       Potential overlap in geometry !

*** This is just a warning message. ***
-------- WWWW -------- G4Exception-END --------- WWWW -------


-------- WWWW ------- G4Exception-START -------- WWWW -------
*** G4Exception : GeomNav1002
      issued by : G4Navigator::ComputeStep()
Stuck Track: potential geometry or navigation problem.
  Track stuck, not moving for 10 steps.
  Current  phys volume: 'Crystal'
   - at position : (33.91701242868023,17.35644744504908,7.85987390940863)
     in direction: (0.4001566569417049,-0.7819640712698024,0.4779192830890946)
    (local position: (33.91701242868023,17.35644744504908,7.85987390940863))
    (local direction: (0.4001566569417049,-0.7819640712698024,0.4779192830890946)).
  Previous phys volume: 'World'

  Likely geometry overlap - else navigation problem !
   *** Trying to get *unstuck* using a push - expanding step to 1e-07 (mm) ...       Potential overlap in geometry !

*** This is just a warning message. ***
-------- WWWW -------- G4Exception-END --------- WWWW -------


-------- WWWW ------- G4Exception-START -------- WWWW -------
*** G4Exception : GeomNav1002
      issued by : G4Navigator::ComputeStep()
Stuck Track: potential geometry or navigation problem.
  Track stuck, not moving for 10 steps.
  Current  phys volume: 'Crystal'
   - at position : (2.333903026171109,38.02844851771407,-29.2792163600608)
     in direction: (0.9923722936418234,-0.06090442259668202,-0.1071815381501479)
    (local position: (2.333903026171109,38.02844851771407,-29.2792163600608))
    (local direction: (0.9923722936418234,-0.06090442259668202,-0.1071815381501479)).
  Previous phys volume: 'World'

  Likely geometry overlap - else navigation problem !
   *** Trying to get *unstuck* using a push - expanding step to 1e-07 (mm) ...       Potential overlap in geometry !

*** This is just a warning message. ***
-------- WWWW -------- G4Exception-END --------- WWWW -------


-------- WWWW ------- G4Exception-START -------- WWWW -------
*** G4Exception : GeomNav1002
      issued by : G4Navigator::ComputeStep()
Stuck Track: potential geometry or navigation problem.
  Track stuck, not moving for 10 steps.
  Current  phys volume: 'Crystal'
   - at position : (-38.08116194576657,-1.197958622115275,-18.98609775662717)
     in direction: (-0.03141568759996088,0.9986537640334326,0.04127607242069931)
    (local position: (-38.08116194576657,-1.197958622115275,-18.98609775662717))
    (local direction: (-0.03141568759996088,0.9986537640334326,0.04127607242069931)).
  Previous phys volume: 'World'

  Likely geometry overlap - else navigation problem !
   *** Trying to get *unstuck* using a push - expanding step to 1e-07 (mm) ...       Potential overlap in geometry !

*** This is just a warning message. ***
-------- WWWW -------- G4Exception-END --------- WWWW -------


-------- WWWW ------- G4Exception-START -------- WWWW -------
*** G4Exception : GeomNav1002
      issued by : G4Navigator::ComputeStep()
Stuck Track: potential geometry or navigation problem.
  Track stuck, not moving for 10 steps.
  Current  phys volume: 'Crystal'
   - at position : (37.61069417450784,-6.086516549853619,26.68757917893506)
     in direction: (-0.1512390449341739,-0.934558448937539,-0.3220671619505167)
    (local position: (37.61069417450784,-6.086516549853619,26.68757917893506))
    (local direction: (-0.1512390449341739,-0.934558448937539,-0.3220671619505167)).
  Previous phys volume: 'World'

  Likely geometry overlap - else navigation problem !
   *** Trying to get *unstuck* using a push - expanding step to 1e-07 (mm) ...       Potential overlap in geometry !

*** This is just a warning message. ***
-------- WWWW -------- G4Exception-END --------- WWWW -------


-------- WWWW ------- G4Exception-START -------- WWWW -------
*** G4Exception : GeomNav1002
      issued by : G4Navigator::ComputeStep()
Stuck Track: potential geometry or navigation problem.
  Track stuck, not moving for 10 steps.
  Current  phys volume: 'Crystal'
   - at position : (-27.06566033273545,26.81529471687735,15.09311924968588)
     in direction: (-0.6963620089273382,-0.702863712714899,-0.1451294383345771)
    (local position: (-27.06566033273545,26.81529471687735,15.09311924968588))
    (local direction: (-0.6963620089273382,-0.702863712714899,-0.1451294383345771)).
  Previous phys volume: 'World'

  Likely geometry overlap - else navigation problem !
   *** Trying to get *unstuck* using a push - expanding step to 1e-07 (mm) ...       Potential overlap in geometry !

*** This is just a warning message. ***
-------- WWWW -------- G4Exception-END --------- WWWW -------


-------- WWWW ------- G4Exception-START -------- WWWW -------
*** G4Exception : GeomNav1002
      issued by : G4Navigator::ComputeStep()
Stuck Track: potential geometry or navigation problem.
  Track stuck, not moving for 10 steps.
  Current  phys volume: 'Crystal'
   - at position : (36.05761433764865,-12.30684558598971,-6.732438127132656)
     in direction: (-0.3122318296905071,-0.914802645426489,-0.2562174944238109)
    (local position: (36.05761433764865,-12.30684558598971,-6.732438127132656))
    (local direction: (-0.3122318296905071,-0.914802645426489,-0.2562174944238109)).
  Previous phys volume: 'World'

  Likely geometry overlap - else navigation problem !
   *** Trying to get *unstuck* using a push - expanding step to 1e-07 (mm) ...       Potential overlap in geometry !

*** This is just a warning message. ***
-------- WWWW -------- G4Exception-END --------- WWWW -------


-------- WWWW ------- G4Exception-START -------- WWWW -------
*** G4Exception : GeomNav1002
      issued by : G4Navigator::ComputeStep()
Stuck Track: potential geometry or navigation problem.
  Track stuck, not moving for 10 steps.
  Current  phys volume: 'Crystal'
   - at position : (18.58277130046886,33.26094723236954,-27.03004163381689)
     in direction: (0.807135726904745,-0.4509438205930507,0.381027018757058)
    (local position: (18.58277130046886,33.26094723236954,-27.03004163381689))
    (local direction: (0.807135726904745,-0.4509438205930507,0.381027018757058)).
  Previous phys volume: 'World'

  Likely geometry overlap - else navigation problem !
   *** Trying to get *unstuck* using a push - expanding step to 1e-07 (mm) ...       Potential overlap in geometry !

*** This is just a warning message. ***
-------- WWWW -------- G4Exception-END --------- WWWW -------


-------- WWWW ------- G4Exception-START -------- WWWW -------
*** G4Exception : GeomNav1002
      issued by : G4Navigator::ComputeStep()
Stuck Track: potential geometry or navigation problem.
  Track stuck, not moving for 10 steps.
  Current  phys volume: 'Crystal'
   - at position : (-38.09677044423491,-0.4960662448395573,29.09605686634398)
     in direction: (0.01276327425337116,-0.9801907192954754,0.1976442577899797)
    (local position: (-38.09677044423491,-0.4960662448395573,29.09605686634398))
    (local direction: (0.01276327425337116,-0.9801907192954754,0.1976442577899797)).
  Previous phys volume: 'World'

  Likely geometry overlap - else navigation problem !
   *** Trying to get *unstuck* using a push - expanding step to 1e-07 (mm) ...       Potential overlap in geometry !

*** This is just a warning message. ***
-------- WWWW -------- G4Exception-END --------- WWWW -------


-------- WWWW ------- G4Exception-START -------- WWWW -------
*** G4Exception : GeomNav1002
      issued by : G4Navigator::ComputeStep()
Stuck Track: potential geometry or navigation problem.
  Track stuck, not moving for 10 steps.
  Current  phys volume: 'Crystal'
   - at position : (-25.94233160726802,-27.90350212390091,5.461793409877081)
     in direction: (-0.7235305577922312,0.6726779160154254,-0.1549450007131798)
    (local position: (-25.94233160726802,-27.90350212390091,5.461793409877081))
    (local direction: (-0.7235305577922312,0.6726779160154254,-0.1549450007131798)).
  Previous phys volume: 'World'

  Likely geometry overlap - else navigation problem !
   *** Trying to get *unstuck* using a push - expanding step to 1e-07 (mm) ...       Potential overlap in geometry !

*** This is just a warning message. ***
-------- WWWW -------- G4Exception-END --------- WWWW -------


-------- WWWW ------- G4Exception-START -------- WWWW -------
*** G4Exception : GeomNav1002
      issued by : G4Navigator::ComputeStep()
Stuck Track: potential geometry or navigation problem.
  Track stuck, not moving for 10 steps.
  Current  phys volume: 'Crystal'
   - at position : (19.26488941704806,-32.87056488332547,-28.92539493594786)
     in direction: (0.7844795985260835,0.4597703985063463,0.4161765732879136)
    (local position: (19.26488941704806,-32.87056488332547,-28.92539493594786))
    (local direction: (0.7844795985260835,0.4597703985063463,0.4161765732879136)).
  Previous phys volume: 'World'

  Likely geometry overlap - else navigation problem !
   *** Trying to get *unstuck* using a push - expanding step to 1e-07 (mm) ...       Potential overlap in geometry !

*** This is just a warning message. ***
-------- WWWW -------- G4Exception-END --------- WWWW -------


-------- WWWW ------- G4Exception-START -------- WWWW -------
*** G4Exception : GeomNav1002
      issued by : G4Navigator::ComputeStep()
Stuck Track: potential geometry or navigation problem.
  Track stuck, not moving for 10 steps.
  Current  phys volume: 'Crystal'
   - at position : (-28.82770927394111,-24.91130622864104,-20.36822210200788)
     in direction: (0.6506877835992683,-0.7529849330878735,-0.09807700452869933)
    (local position: (-28.82770927394111,-24.91130622864104,-20.36822210200788))
    (local direction: (0.6506877835992683,-0.7529849330878735,-0.09807700452869933)).
  Previous phys volume: 'World'

  Likely geometry overlap - else navigation problem !
   *** Trying to get *unstuck* using a push - expanding step to 1e-07 (mm) ...       Potential overlap in geometry !

*** This is just a warning message. ***
-------- WWWW -------- G4Exception-END --------- WWWW -------


-------- WWWW ------- G4Exception-START -------- WWWW -------
*** G4Exception : GeomNav1002
      issued by : G4Navigator::ComputeStep()
Stuck Track: potential geometry or navigation problem.
  Track stuck, not moving for 10 steps.
  Current  phys volume: 'Crystal'
   - at position : (9.867713679959538,-36.79997590665433,-15.09107749030995)
     in direction: (-0.7865352954792088,-0.2109051678364757,-0.5804147130675634)
    (local position: (9.867713679959538,-36.79997590665433,-15.09107749030995))
    (local direction: (-0.7865352954792088,-0.2109051678364757,-0.5804147130675634)).
  Previous phys volume: 'World'

  Likely geometry overlap - else navigation problem !
   *** Trying to get *unstuck* using a push - expanding step to 1e-07 (mm) ...       Potential overlap in geometry !

*** This is just a warning message. ***
-------- WWWW -------- G4Exception-END --------- WWWW -------


-------- WWWW ------- G4Exception-START -------- WWWW -------
*** G4Exception : GeomNav1002
      issued by : G4Navigator::ComputeStep()
Stuck Track: potential geometry or navigation problem.
  Track stuck, not moving for 10 steps.
  Current  phys volume: 'Crystal'
   - at position : (-14.32465682408714,-35.30459186666989,16.74628910579161)
     in direction: (-0.7821518068295382,0.3173540784577173,0.5362135208660278)
    (local position: (-14.32465682408714,-35.30459186666989,16.74628910579161))
    (local direction: (-0.7821518068295382,0.3173540784577173,0.5362135208660278)).
  Previous phys volume: 'World'

  Likely geometry overlap - else navigation problem !
   *** Trying to get *unstuck* using a push - expanding step to 1e-07 (mm) ...       Potential overlap in geometry !

*** This is just a warning message. ***
-------- WWWW -------- G4Exception-END --------- WWWW -------


-------- WWWW ------- G4Exception-START -------- WWWW -------
*** G4Exception : GeomNav1002
      issued by : G4Navigator::ComputeStep()
Stuck Track: potential geometry or navigation problem.
  Track stuck, not moving for 10 steps.
  Current  phys volume: 'Crystal'
   - at position : (37.5050843908339,-6.706612023699249,-17.6532979567224)
     in direction: (0.1705464588482287,0.9537392813327797,-0.2475788533319482)
    (local position: (37.5050843908339,-6.706612023699249,-17.6532979567224))
    (local direction: (0.1705464588482287,0.9537392813327797,-0.2475788533319482)).
  Previous phys volume: 'World'

  Likely geometry overlap - else navigation problem !
   *** Trying to get *unstuck* using a push - expanding step to 1e-07 (mm) ...       Potential overlap in geometry !

*** This is just a warning message. ***
-------- WWWW -------- G4Exception-END --------- WWWW -------


-------- WWWW ------- G4Exception-START -------- WWWW -------
*** G4Exception : GeomNav1002
      issued by : G4Navigator::ComputeStep()
Stuck Track: potential geometry or navigation problem.
  Track stuck, not moving for 10 steps.
  Current  phys volume: 'Crystal'
   - at position : (-36.67852616879968,10.30998147838672,-32.58156637681206)
     in direction: (0.2358113151011013,0.838916297761207,-0.4905226488358301)
    (local position: (-36.67852616879968,10.30998147838672,-32.58156637681206))
    (local direction: (0.2358113151011013,0.838916297761207,-0.4905226488358301)).
  Previous phys volume: 'World'

  Likely geometry overlap - else navigation problem !
   *** Trying to get *unstuck* using a push - expanding step to 1e-07 (mm) ...       Potential overlap in geometry !

*** This is just a warning message. ***
-------- WWWW -------- G4Exception-END --------- WWWW -------


-------- WWWW ------- G4Exception-START -------- WWWW -------
*** G4Exception : GeomNav1002
      issued by : G4Navigator::ComputeStep()
Stuck Track: potential geometry or navigation problem.
  Track stuck, not moving for 10 steps.
  Current  phys volume: 'Crystal'
   - at position : (-20.48108687278863,-32.12685917591829,12.34194384981365)
     in direction: (-0.801291491967279,0.5108286673012181,0.3114257817909649)
    (local position: (-20.48108687278863,-32.12685917591829,12.34194384981365))
    (local direction: (-0.801291491967279,0.5108286673012181,0.3114257817909649)).
  Previous phys volume: 'World'

  Likely geometry overlap - else navigation problem !
   *** Trying to get *unstuck* using a push - expanding step to 1e-07 (mm) ...       Potential overlap in geometry !

*** This is just a warning message. ***
-------- WWWW -------- G4Exception-END --------- WWWW -------


-------- WWWW ------- G4Exception-START -------- WWWW -------
*** G4Exception : GeomNav1002
      issued by : G4Navigator::ComputeStep()
Stuck Track: potential geometry or navigation problem.
  Track stuck, not moving for 10 steps.
  Current  phys volume: 'Crystal'
   - at position : (-38.08799927743866,0.956196131467043,25.13609583958599)
     in direction: (0.02384894896244734,0.9499711627735974,0.3114257817393511)
    (local position: (-38.08799927743866,0.956196131467043,25.13609583958599))
    (local direction: (0.02384894896244734,0.9499711627735974,0.3114257817393511)).
  Previous phys volume: 'World'

  Likely geometry overlap - else navigation problem !
   *** Trying to get *unstuck* using a push - expanding step to 1e-07 (mm) ...       Potential overlap in geometry !

*** This is just a warning message. ***
-------- WWWW -------- G4Exception-END --------- WWWW -------


-------- WWWW ------- G4Exception-START -------- WWWW -------
*** G4Exception : GeomNav1002
      issued by : G4Navigator::ComputeStep()
Stuck Track: potential geometry or navigation problem.
  Track stuck, not moving for 10 steps.
  Current  phys volume: 'Crystal'
   - at position : (-34.17271083265703,16.84742812264248,-27.32828457422679)
     in direction: (0.4121777039863587,0.8360462729064366,-0.3621272841084886)
    (local position: (-34.17271083265703,16.84742812264248,-27.32828457422679))
    (local direction: (0.4121777039863587,0.8360462729064366,-0.3621272841084886)).
  Previous phys volume: 'World'

  Likely geometry overlap - else navigation problem !
   *** Trying to get *unstuck* using a push - expanding step to 1e-07 (mm) ...       Potential overlap in geometry !

*** This is just a warning message. ***
-------- WWWW -------- G4Exception-END --------- WWWW -------


-------- WWWW ------- G4Exception-START -------- WWWW -------
*** G4Exception : GeomNav1002
      issued by : G4Navigator::ComputeStep()
Stuck Track: potential geometry or navigation problem.
  Track stuck, not moving for 10 steps.
  Current  phys volume: 'Crystal'
   - at position : (-0.778917888149751,38.09203705400277,25.16517489995525)
     in direction: (0.9576862541941256,0.01958306807192763,-0.2871472478929845)
    (local position: (-0.778917888149751,38.09203705400277,25.16517489995525))
    (local direction: (0.9576862541941256,0.01958306807192763,-0.2871472478929845)).
  Previous phys volume: 'World'

  Likely geometry overlap - else navigation problem !
   *** Trying to get *unstuck* using a push - expanding step to 1e-07 (mm) ...       Potential overlap in geometry !

*** This is just a warning message. ***
-------- WWWW -------- G4Exception-END --------- WWWW -------


-------- WWWW ------- G4Exception-START -------- WWWW -------
*** G4Exception : GeomNav1002
      issued by : G4Navigator::ComputeStep()
Stuck Track: potential geometry or navigation problem.
  Track stuck, not moving for 10 steps.
  Current  phys volume: 'Crystal'
   - at position : (30.5411227442419,-22.77827520953134,-17.56293646161929)
     in direction: (-0.4478977641841917,-0.6005415452657691,0.6623725879356759)
    (local position: (30.5411227442419,-22.77827520953134,-17.56293646161929))
    (local direction: (-0.4478977641841917,-0.6005415452657691,0.6623725879356759)).
  Previous phys volume: 'World'

  Likely geometry overlap - else navigation problem !
   *** Trying to get *unstuck* using a push - expanding step to 1e-07 (mm) ...       Potential overlap in geometry !

*** This is just a warning message. ***
-------- WWWW -------- G4Exception-END --------- WWWW -------


-------- WWWW ------- G4Exception-START -------- WWWW -------
*** G4Exception : GeomNav1002
      issued by : G4Navigator::ComputeStep()
Stuck Track: potential geometry or navigation problem.
  Track stuck, not moving for 10 steps.
  Current  phys volume: 'Crystal'
   - at position : (-33.87909917473244,-17.43033674685156,37.87313054863157)
     in direction: (0.4574438546581056,-0.8891271547942531,0.01407204473452375)
    (local position: (-33.87909917473244,-17.43033674685156,37.87313054863157))
    (local direction: (0.4574438546581056,-0.8891271547942531,0.01407204473452375)).
  Previous phys volume: 'World'

  Likely geometry overlap - else navigation problem !
   *** Trying to get *unstuck* using a push - expanding step to 1e-07 (mm) ...       Potential overlap in geometry !

*** This is just a warning message. ***
-------- WWWW -------- G4Exception-END --------- WWWW -------


-------- WWWW ------- G4Exception-START -------- WWWW -------
*** G4Exception : GeomNav1002
      issued by : G4Navigator::ComputeStep()
Stuck Track: potential geometry or navigation problem.
  Track stuck, not moving for 10 steps.
  Current  phys volume: 'Crystal'
   - at position : (-37.90955822059495,-3.804654454654414,-22.16149374725927)
     in direction: (-0.09032483484518579,0.8999962088909937,-0.4264366872022493)
    (local position: (-37.90955822059495,-3.804654454654414,-22.16149374725927))
    (local direction: (-0.09032483484518579,0.8999962088909937,-0.4264366872022493)).
  Previous phys volume: 'World'

  Likely geometry overlap - else navigation problem !
   *** Trying to get *unstuck* using a push - expanding step to 1e-07 (mm) ...       Potential overlap in geometry !

*** This is just a warning message. ***
-------- WWWW -------- G4Exception-END --------- WWWW -------


-------- WWWW ------- G4Exception-START -------- WWWW -------
*** G4Exception : GeomNav1002
      issued by : G4Navigator::ComputeStep()
Stuck Track: potential geometry or navigation problem.
  Track stuck, not moving for 10 steps.
  Current  phys volume: 'Crystal'
   - at position : (-26.57706970875539,27.29962207972771,-32.05556616618516)
     in direction: (-0.6813851993940976,-0.6633506460244654,-0.3093220497565448)
    (local position: (-26.57706970875539,27.29962207972771,-32.05556616618516))
    (local direction: (-0.6813851993940976,-0.6633506460244654,-0.3093220497565448)).
  Previous phys volume: 'World'

  Likely geometry overlap - else navigation problem !
   *** Trying to get *unstuck* using a push - expanding step to 1e-07 (mm) ...       Potential overlap in geometry !

*** This is just a warning message. ***
-------- WWWW -------- G4Exception-END --------- WWWW -------


-------- WWWW ------- G4Exception-START -------- WWWW -------
*** G4Exception : GeomNav1002
      issued by : G4Navigator::ComputeStep()
Stuck Track: potential geometry or navigation problem.
  Track stuck, not moving for 10 steps.
  Current  phys volume: 'Crystal'
   - at position : (22.81971494251749,-30.51017223717762,35.61764339383036)
     in direction: (-0.7779642606131977,-0.581868975522434,-0.2370656122954862)
    (local position: (22.81971494251749,-30.51017223717762,35.61764339383036))
    (local direction: (-0.7779642606131977,-0.581868975522434,-0.2370656122954862)).
  Previous phys volume: 'World'

  Likely geometry overlap - else navigation problem !
   *** Trying to get *unstuck* using a push - expanding step to 1e-07 (mm) ...       Potential overlap in geometry !

*** This is just a warning message. ***
-------- WWWW -------- G4Exception-END --------- WWWW -------


-------- WWWW ------- G4Exception-START -------- WWWW -------
*** G4Exception : GeomNav1002
      issued by : G4Navigator::ComputeStep()
Stuck Track: potential geometry or navigation problem.
  Track stuck, not moving for 10 steps.
  Current  phys volume: 'Crystal'
   - at position : (-18.18459375839869,-33.48030092221406,-2.336182902166651)
     in direction: (0.8769058407520991,-0.4762853391160456,0.0647180206586075)
    (local position: (-18.18459375839869,-33.48030092221406,-2.336182902166651))
    (local direction: (0.8769058407520991,-0.4762853391160456,0.0647180206586075)).
  Previous phys volume: 'World'

  Likely geometry overlap - else navigation problem !
   *** Trying to get *unstuck* using a push - expanding step to 1e-07 (mm) ...       Potential overlap in geometry !

*** This is just a warning message. ***
-------- WWWW -------- G4Exception-END --------- WWWW -------


-------- WWWW ------- G4Exception-START -------- WWWW -------
*** G4Exception : GeomNav1002
      issued by : G4Navigator::ComputeStep()
Stuck Track: potential geometry or navigation problem.
  Track stuck, not moving for 10 steps.
  Current  phys volume: 'Crystal'
   - at position : (37.1396834065227,8.500230377069933,23.6082713073499)
     in direction: (0.2228304962411497,-0.9736035044461203,-0.04942454931667657)
    (local position: (37.1396834065227,8.500230377069933,23.6082713073499))
    (local direction: (0.2228304962411497,-0.9736035044461203,-0.04942454931667657)).
  Previous phys volume: 'World'

  Likely geometry overlap - else navigation problem !
   *** Trying to get *unstuck* using a push - expanding step to 1e-07 (mm) ...       Potential overlap in geometry !

*** This is just a warning message. ***
-------- WWWW -------- G4Exception-END --------- WWWW -------


-------- WWWW ------- G4Exception-START -------- WWWW -------
*** G4Exception : GeomNav1002
      issued by : G4Navigator::ComputeStep()
Stuck Track: potential geometry or navigation problem.
  Track stuck, not moving for 10 steps.
  Current  phys volume: 'Crystal'
   - at position : (25.18586266786625,28.58815002191259,-1.981858837869384)
     in direction: (0.7235195548608536,-0.637413198555129,-0.2649978642209633)
    (local position: (25.18586266786625,28.58815002191259,-1.981858837869384))
    (local direction: (0.7235195548608536,-0.637413198555129,-0.2649978642209633)).
  Previous phys volume: 'World'

  Likely geometry overlap - else navigation problem !
   *** Trying to get *unstuck* using a push - expanding step to 1e-07 (mm) ...       Potential overlap in geometry !

*** This is just a warning message. ***
-------- WWWW -------- G4Exception-END --------- WWWW -------


-------- WWWW ------- G4Exception-START -------- WWWW -------
*** G4Exception : GeomNav1002
      issued by : G4Navigator::ComputeStep()
Stuck Track: potential geometry or navigation problem.
  Track stuck, not moving for 10 steps.
  Current  phys volume: 'Crystal'
   - at position : (38.07771874554726,1.302818151162683,22.59739665465849)
     in direction: (-0.02983072744346371,0.8718684557423267,0.4888307719259136)
    (local position: (38.07771874554726,1.302818151162683,22.59739665465849))
    (local direction: (-0.02983072744346371,0.8718684557423267,0.4888307719259136)).
  Previous phys volume: 'World'

  Likely geometry overlap - else navigation problem !
   *** Trying to get *unstuck* using a push - expanding step to 1e-07 (mm) ...       Potential overlap in geometry !

*** This is just a warning message. ***
-------- WWWW -------- G4Exception-END --------- WWWW -------


-------- WWWW ------- G4Exception-START -------- WWWW -------
*** G4Exception : GeomNav1002
      issued by : G4Navigator::ComputeStep()
Stuck Track: potential geometry or navigation problem.
  Track stuck, not moving for 10 steps.
  Current  phys volume: 'Crystal'
   - at position : (32.16740018189047,-20.41735451859797,-20.46719476346355)
     in direction: (-0.5299585499568029,-0.8349460132431248,0.1483546099623957)
    (local position: (32.16740018189047,-20.41735451859797,-20.46719476346355))
    (local direction: (-0.5299585499568029,-0.8349460132431248,0.1483546099623957)).
  Previous phys volume: 'World'

  Likely geometry overlap - else navigation problem !
   *** Trying to get *unstuck* using a push - expanding step to 1e-07 (mm) ...       Potential overlap in geometry !

*** This is just a warning message. ***
-------- WWWW -------- G4Exception-END --------- WWWW -------


-------- WWWW ------- G4Exception-START -------- WWWW -------
*** G4Exception : GeomNav1002
      issued by : G4Navigator::ComputeStep()
Stuck Track: potential geometry or navigation problem.
  Track stuck, not moving for 10 steps.
  Current  phys volume: 'Crystal'
   - at position : (32.93553558323371,-19.1536026858016,11.94007949527182)
     in direction: (-0.4714360927122099,-0.8106569015474924,-0.347251203686415)
    (local position: (32.93553558323371,-19.1536026858016,11.94007949527182))
    (local direction: (-0.4714360927122099,-0.8106569015474924,-0.347251203686415)).
  Previous phys volume: 'World'

  Likely geometry overlap - else navigation problem !
   *** Trying to get *unstuck* using a push - expanding step to 1e-07 (mm) ...       Potential overlap in geometry !

*** This is just a warning message. ***
-------- WWWW -------- G4Exception-END --------- WWWW -------


-------- WWWW ------- G4Exception-START -------- WWWW -------
*** G4Exception : GeomNav1002
      issued by : G4Navigator::ComputeStep()
Stuck Track: potential geometry or navigation problem.
  Track stuck, not moving for 10 steps.
  Current  phys volume: 'Crystal'
   - at position : (16.07059709476284,34.54483910829229,0.4657272074998584)
     in direction: (0.8691717074111369,-0.4043471811283824,-0.2846821036692333)
    (local position: (16.07059709476284,34.54483910829229,0.4657272074998584))
    (local direction: (0.8691717074111369,-0.4043471811283824,-0.2846821036692333)).
  Previous phys volume: 'World'

  Likely geometry overlap - else navigation problem !
   *** Trying to get *unstuck* using a push - expanding step to 1e-07 (mm) ...       Potential overlap in geometry !

*** This is just a warning message. ***
-------- WWWW -------- G4Exception-END --------- WWWW -------


-------- WWWW ------- G4Exception-START -------- WWWW -------
*** G4Exception : GeomNav1002
      issued by : G4Navigator::ComputeStep()
Stuck Track: potential geometry or navigation problem.
  Track stuck, not moving for 10 steps.
  Current  phys volume: 'Crystal'
   - at position : (-38.0900603526543,0.8702311940819195,-26.03620710929578)
     in direction: (0.02102379325172634,0.9202124208438729,-0.3908543215086252)
    (local position: (-38.0900603526543,0.8702311940819195,-26.03620710929578))
    (local direction: (0.02102379325172634,0.9202124208438729,-0.3908543215086252)).
  Previous phys volume: 'World'

  Likely geometry overlap - else navigation problem !
   *** Trying to get *unstuck* using a push - expanding step to 1e-07 (mm) ...       Potential overlap in geometry !

*** This is just a warning message. ***
-------- WWWW -------- G4Exception-END --------- WWWW -------


-------- WWWW ------- G4Exception-START -------- WWWW -------
*** G4Exception : GeomNav1002
      issued by : G4Navigator::ComputeStep()
Stuck Track: potential geometry or navigation problem.
  Track stuck, not moving for 10 steps.
  Current  phys volume: 'Crystal'
   - at position : (-0.7932255173112368,38.09174179896065,23.42273771442522)
     in direction: (-0.906469104741443,-0.01887638607680593,0.4218500257175841)
    (local position: (-0.7932255173112368,38.09174179896065,23.42273771442522))
    (local direction: (-0.906469104741443,-0.01887638607680593,0.4218500257175841)).
  Previous phys volume: 'World'

  Likely geometry overlap - else navigation problem !
   *** Trying to get *unstuck* using a push - expanding step to 1e-07 (mm) ...       Potential overlap in geometry !

*** This is just a warning message. ***
-------- WWWW -------- G4Exception-END --------- WWWW -------


-------- WWWW ------- G4Exception-START -------- WWWW -------
*** G4Exception : GeomNav1002
      issued by : G4Navigator::ComputeStep()
Stuck Track: potential geometry or navigation problem.
  Track stuck, not moving for 10 steps.
  Current  phys volume: 'Crystal'
   - at position : (-17.97844897850561,33.59144790459725,10.26939435834867)
     in direction: (0.8279575625016646,0.4431304311764085,-0.3436883699832052)
    (local position: (-17.97844897850561,33.59144790459725,10.26939435834867))
    (local direction: (0.8279575625016646,0.4431304311764085,-0.3436883699832052)).
  Previous phys volume: 'World'

  Likely geometry overlap - else navigation problem !
   *** Trying to get *unstuck* using a push - expanding step to 1e-07 (mm) ...       Potential overlap in geometry !

*** This is just a warning message. ***
-------- WWWW -------- G4Exception-END --------- WWWW -------


-------- WWWW ------- G4Exception-START -------- WWWW -------
*** G4Exception : GeomNav1002
      issued by : G4Navigator::ComputeStep()
Stuck Track: potential geometry or navigation problem.
  Track stuck, not moving for 10 steps.
  Current  phys volume: 'Crystal'
   - at position : (-24.34447533752848,29.30796002011173,10.06830181897206)
     in direction: (0.7535865104906364,0.6259619641470872,-0.2006962646579825)
    (local position: (-24.34447533752848,29.30796002011173,10.06830181897206))
    (local direction: (0.7535865104906364,0.6259619641470872,-0.2006962646579825)).
  Previous phys volume: 'World'

  Likely geometry overlap - else navigation problem !
   *** Trying to get *unstuck* using a push - expanding step to 1e-07 (mm) ...       Potential overlap in geometry !

*** This is just a warning message. ***
-------- WWWW -------- G4Exception-END --------- WWWW -------


-------- WWWW ------- G4Exception-START -------- WWWW -------
*** G4Exception : GeomNav1002
      issued by : G4Navigator::ComputeStep()
Stuck Track: potential geometry or navigation problem.
  Track stuck, not moving for 10 steps.
  Current  phys volume: 'Crystal'
   - at position : (-24.1612839181102,-29.45916426900922,-20.47483825200803)
     in direction: (-0.7577803834369838,0.6215025933731675,0.1987546651239289)
    (local position: (-24.1612839181102,-29.45916426900922,-20.47483825200803))
    (local direction: (-0.7577803834369838,0.6215025933731675,0.1987546651239289)).
  Previous phys volume: 'World'

  Likely geometry overlap - else navigation problem !
   *** Trying to get *unstuck* using a push - expanding step to 1e-07 (mm) ...       Potential overlap in geometry !

*** This is just a warning message. ***
-------- WWWW -------- G4Exception-END --------- WWWW -------


-------- WWWW ------- G4Exception-START -------- WWWW -------
*** G4Exception : GeomNav1002
      issued by : G4Navigator::ComputeStep()
Stuck Track: potential geometry or navigation problem.
  Track stuck, not moving for 10 steps.
  Current  phys volume: 'Crystal'
   - at position : (25.72475214479867,28.10421902648562,-18.36899833080961)
     in direction: (-0.7094616010517081,0.6493944494991166,0.273771959106272)
    (local position: (25.72475214479867,28.10421902648562,-18.36899833080961))
    (local direction: (-0.7094616010517081,0.6493944494991166,0.273771959106272)).
  Previous phys volume: 'World'

  Likely geometry overlap - else navigation problem !
   *** Trying to get *unstuck* using a push - expanding step to 1e-07 (mm) ...       Potential overlap in geometry !

*** This is just a warning message. ***
-------- WWWW -------- G4Exception-END --------- WWWW -------


-------- WWWW ------- G4Exception-START -------- WWWW -------
*** G4Exception : GeomNav1002
      issued by : G4Navigator::ComputeStep()
Stuck Track: potential geometry or navigation problem.
  Track stuck, not moving for 10 steps.
  Current  phys volume: 'Crystal'
   - at position : (-28.44011595756231,-25.35290524418079,33.11601197926131)
     in direction: (-0.6569144297259418,0.7369065744404153,-0.1594745514630264)
    (local position: (-28.44011595756231,-25.35290524418079,33.11601197926131))
    (local direction: (-0.6569144297259418,0.7369065744404153,-0.1594745514630264)).
  Previous phys volume: 'World'

  Likely geometry overlap - else navigation problem !
   *** Trying to get *unstuck* using a push - expanding step to 1e-07 (mm) ...       Potential overlap in geometry !

*** This is just a warning message. ***
-------- WWWW -------- G4Exception-END --------- WWWW -------


-------- WWWW ------- G4Exception-START -------- WWWW -------
*** G4Exception : GeomNav1002
      issued by : G4Navigator::ComputeStep()
Stuck Track: potential geometry or navigation problem.
  Track stuck, not moving for 10 steps.
  Current  phys volume: 'Crystal'
   - at position : (-37.56014851675381,6.391028352260451,-25.08736800122233)
     in direction: (0.1632416796846163,0.9593732643839582,-0.2301197375259524)
    (local position: (-37.56014851675381,6.391028352260451,-25.08736800122233))
    (local direction: (0.1632416796846163,0.9593732643839582,-0.2301197375259524)).
  Previous phys volume: 'World'

  Likely geometry overlap - else navigation problem !
   *** Trying to get *unstuck* using a push - expanding step to 1e-07 (mm) ...       Potential overlap in geometry !

*** This is just a warning message. ***
-------- WWWW -------- G4Exception-END --------- WWWW -------


-------- WWWW ------- G4Exception-START -------- WWWW -------
*** G4Exception : GeomNav1002
      issued by : G4Navigator::ComputeStep()
Stuck Track: potential geometry or navigation problem.
  Track stuck, not moving for 10 steps.
  Current  phys volume: 'Crystal'
   - at position : (-9.901861227752548,-36.79080244064175,-24.41766284164845)
     in direction: (0.9476472382920224,-0.2550493825615746,-0.192131528418588)
    (local position: (-9.901861227752548,-36.79080244064175,-24.41766284164845))
    (local direction: (0.9476472382920224,-0.2550493825615746,-0.192131528418588)).
  Previous phys volume: 'World'

  Likely geometry overlap - else navigation problem !
   *** Trying to get *unstuck* using a push - expanding step to 1e-07 (mm) ...       Potential overlap in geometry !

*** This is just a warning message. ***
-------- WWWW -------- G4Exception-END --------- WWWW -------


-------- WWWW ------- G4Exception-START -------- WWWW -------
*** G4Exception : GeomNav1002
      issued by : G4Navigator::ComputeStep()
Stuck Track: potential geometry or navigation problem.
  Track stuck, not moving for 10 steps.
  Current  phys volume: 'Crystal'
   - at position : (37.36420491467732,7.451589836672677,-0.3914739555138676)
     in direction: (-0.1954314963657962,0.9799442316398632,0.03893370139075143)
    (local position: (37.36420491467732,7.451589836672677,-0.3914739555138676))
    (local direction: (-0.1954314963657962,0.9799442316398632,0.03893370139075143)).
  Previous phys volume: 'World'

  Likely geometry overlap - else navigation problem !
   *** Trying to get *unstuck* using a push - expanding step to 1e-07 (mm) ...       Potential overlap in geometry !

*** This is just a warning message. ***
-------- WWWW -------- G4Exception-END --------- WWWW -------


-------- WWWW ------- G4Exception-START -------- WWWW -------
*** G4Exception : GeomNav1002
      issued by : G4Navigator::ComputeStep()
Stuck Track: potential geometry or navigation problem.
  Track stuck, not moving for 10 steps.
  Current  phys volume: 'Crystal'
   - at position : (3.097366275359605,37.97389000558496,28.15673674264473)
     in direction: (-0.9060555165741835,0.07390303706645936,0.4166554235790565)
    (local position: (3.097366275359605,37.97389000558496,28.15673674264473))
    (local direction: (-0.9060555165741835,0.07390303706645936,0.4166554235790565)).
  Previous phys volume: 'World'

  Likely geometry overlap - else navigation problem !
   *** Trying to get *unstuck* using a push - expanding step to 1e-07 (mm) ...       Potential overlap in geometry !

*** This is just a warning message. ***
-------- WWWW -------- G4Exception-END --------- WWWW -------


-------- WWWW ------- G4Exception-START -------- WWWW -------
*** G4Exception : GeomNav1002
      issued by : G4Navigator::ComputeStep()
Stuck Track: potential geometry or navigation problem.
  Track stuck, not moving for 10 steps.
  Current  phys volume: 'Crystal'
   - at position : (-25.69469669424177,-28.13170030038926,34.0521609887043)
     in direction: (0.7040511453537006,-0.6430603356330563,-0.3013061391038083)
    (local position: (-25.69469669424177,-28.13170030038926,34.0521609887043))
    (local direction: (0.7040511453537006,-0.6430603356330563,-0.3013061391038083)).
  Previous phys volume: 'World'

  Likely geometry overlap - else navigation problem !
   *** Trying to get *unstuck* using a push - expanding step to 1e-07 (mm) ...       Potential overlap in geometry !

*** This is just a warning message. ***
-------- WWWW -------- G4Exception-END --------- WWWW -------


-------- WWWW ------- G4Exception-START -------- WWWW -------
*** G4Exception : GeomNav1002
      issued by : G4Navigator::ComputeStep()
Stuck Track: potential geometry or navigation problem.
  Track stuck, not moving for 10 steps.
  Current  phys volume: 'Crystal'
   - at position : (24.49702293608649,-29.18057345681973,14.50614486905364)
     in direction: (-0.6247978619283375,-0.5245163388144183,0.5783686039598764)
    (local position: (24.49702293608649,-29.18057345681973,14.50614486905364))
    (local direction: (-0.6247978619283375,-0.5245163388144183,0.5783686039598764)).
  Previous phys volume: 'World'

  Likely geometry overlap - else navigation problem !
   *** Trying to get *unstuck* using a push - expanding step to 1e-07 (mm) ...       Potential overlap in geometry !

*** This is just a warning message. ***
-------- WWWW -------- G4Exception-END --------- WWWW -------


-------- WWWW ------- G4Exception-START -------- WWWW -------
*** G4Exception : GeomNav1002
      issued by : G4Navigator::ComputeStep()
Stuck Track: potential geometry or navigation problem.
  Track stuck, not moving for 10 steps.
  Current  phys volume: 'Crystal'
   - at position : (37.1954740091487,8.252679154961937,31.37228291834413)
     in direction: (0.2165865346550557,-0.9761725458150174,0.01332042803899642)
    (local position: (37.1954740091487,8.252679154961937,31.37228291834413))
    (local direction: (0.2165865346550557,-0.9761725458150174,0.01332042803899642)).
  Previous phys volume: 'World'

  Likely geometry overlap - else navigation problem !
   *** Trying to get *unstuck* using a push - expanding step to 1e-07 (mm) ...       Potential overlap in geometry !

*** This is just a warning message. ***
-------- WWWW -------- G4Exception-END --------- WWWW -------


-------- WWWW ------- G4Exception-START -------- WWWW -------
*** G4Exception : GeomNav1002
      issued by : G4Navigator::ComputeStep()
Stuck Track: potential geometry or navigation problem.
  Track stuck, not moving for 10 steps.
  Current  phys volume: 'Crystal'
   - at position : (-37.91455902811089,-3.754492469548353,-22.55542525095689)
     in direction: (-0.09055508213695072,0.9144660789238086,-0.3944002631805472)
    (local position: (-37.91455902811089,-3.754492469548353,-22.55542525095689))
    (local direction: (-0.09055508213695072,0.9144660789238086,-0.3944002631805472)).
  Previous phys volume: 'World'

  Likely geometry overlap - else navigation problem !
   *** Trying to get *unstuck* using a push - expanding step to 1e-07 (mm) ...       Potential overlap in geometry !

*** This is just a warning message. ***
-------- WWWW -------- G4Exception-END --------- WWWW -------


-------- WWWW ------- G4Exception-START -------- WWWW -------
*** G4Exception : GeomNav1002
      issued by : G4Navigator::ComputeStep()
Stuck Track: potential geometry or navigation problem.
  Track stuck, not moving for 10 steps.
  Current  phys volume: 'Crystal'
   - at position : (29.60622569477697,23.98085486612035,9.72213384448054)
     in direction: (0.6242127235584163,-0.7706390317774237,0.1283509191589181)
    (local position: (29.60622569477697,23.98085486612035,9.72213384448054))
    (local direction: (0.6242127235584163,-0.7706390317774237,0.1283509191589181)).
  Previous phys volume: 'World'

  Likely geometry overlap - else navigation problem !
   *** Trying to get *unstuck* using a push - expanding step to 1e-07 (mm) ...       Potential overlap in geometry !

*** This is just a warning message. ***
-------- WWWW -------- G4Exception-END --------- WWWW -------


-------- WWWW ------- G4Exception-START -------- WWWW -------
*** G4Exception : GeomNav1002
      issued by : G4Navigator::ComputeStep()
Stuck Track: potential geometry or navigation problem.
  Track stuck, not moving for 10 steps.
  Current  phys volume: 'Crystal'
   - at position : (15.45754416501351,34.82347381274098,-12.01736275034868)
     in direction: (-0.9051550346830813,0.4017828318919451,0.1387981238517252)
    (local position: (15.45754416501351,34.82347381274098,-12.01736275034868))
    (local direction: (-0.9051550346830813,0.4017828318919451,0.1387981238517252)).
  Previous phys volume: 'World'

  Likely geometry overlap - else navigation problem !
   *** Trying to get *unstuck* using a push - expanding step to 1e-07 (mm) ...       Potential overlap in geometry !

*** This is just a warning message. ***
-------- WWWW -------- G4Exception-END --------- WWWW -------


-------- WWWW ------- G4Exception-START -------- WWWW -------
*** G4Exception : GeomNav1002
      issued by : G4Navigator::ComputeStep()
Stuck Track: potential geometry or navigation problem.
  Track stuck, not moving for 10 steps.
  Current  phys volume: 'Crystal'
   - at position : (24.06574122136708,29.53726628288734,3.935399698854376)
     in direction: (-0.584299406581345,0.4760629565347316,0.6572353192609922)
    (local position: (24.06574122136708,29.53726628288734,3.935399698854376))
    (local direction: (-0.584299406581345,0.4760629565347316,0.6572353192609922)).
  Previous phys volume: 'World'

  Likely geometry overlap - else navigation problem !
   *** Trying to get *unstuck* using a push - expanding step to 1e-07 (mm) ...       Potential overlap in geometry !

*** This is just a warning message. ***
-------- WWWW -------- G4Exception-END --------- WWWW -------


-------- WWWW ------- G4Exception-START -------- WWWW -------
*** G4Exception : GeomNav1002
      issued by : G4Navigator::ComputeStep()
Stuck Track: potential geometry or navigation problem.
  Track stuck, not moving for 10 steps.
  Current  phys volume: 'Crystal'
   - at position : (8.170539791161424,-37.21360342026888,-17.24202398586616)
     in direction: (-0.9532118122776118,-0.2092851625698072,0.2181443596854174)
    (local position: (8.170539791161424,-37.21360342026888,-17.24202398586616))
    (local direction: (-0.9532118122776118,-0.2092851625698072,0.2181443596854174)).
  Previous phys volume: 'World'

  Likely geometry overlap - else navigation problem !
   *** Trying to get *unstuck* using a push - expanding step to 1e-07 (mm) ...       Potential overlap in geometry !

*** This is just a warning message. ***
-------- WWWW -------- G4Exception-END --------- WWWW -------


-------- WWWW ------- G4Exception-START -------- WWWW -------
*** G4Exception : GeomNav1002
      issued by : G4Navigator::ComputeStep()
Stuck Track: potential geometry or navigation problem.
  Track stuck, not moving for 10 steps.
  Current  phys volume: 'Crystal'
   - at position : (19.64599858565456,-32.64421448851939,11.31951318636074)
     in direction: (-0.8529294570288879,-0.513311506158182,-0.09498757275573057)
    (local position: (19.64599858565456,-32.64421448851939,11.31951318636074))
    (local direction: (-0.8529294570288879,-0.513311506158182,-0.09498757275573057)).
  Previous phys volume: 'World'

  Likely geometry overlap - else navigation problem !
   *** Trying to get *unstuck* using a push - expanding step to 1e-07 (mm) ...       Potential overlap in geometry !

*** This is just a warning message. ***
-------- WWWW -------- G4Exception-END --------- WWWW -------


-------- WWWW ------- G4Exception-START -------- WWWW -------
*** G4Exception : GeomNav1002
      issued by : G4Navigator::ComputeStep()
Stuck Track: potential geometry or navigation problem.
  Track stuck, not moving for 10 steps.
  Current  phys volume: 'Crystal'
   - at position : (-26.57167819388407,27.30486985796976,-36.46882795577591)
     in direction: (-0.6887171832070771,-0.6702237166472059,-0.276529946296808)
    (local position: (-26.57167819388407,27.30486985796976,-36.46882795577591))
    (local direction: (-0.6887171832070771,-0.6702237166472059,-0.276529946296808)).
  Previous phys volume: 'World'

  Likely geometry overlap - else navigation problem !
   *** Trying to get *unstuck* using a push - expanding step to 1e-07 (mm) ...       Potential overlap in geometry !

*** This is just a warning message. ***
-------- WWWW -------- G4Exception-END --------- WWWW -------


-------- WWWW ------- G4Exception-START -------- WWWW -------
*** G4Exception : GeomNav1002
      issued by : G4Navigator::ComputeStep()
Stuck Track: potential geometry or navigation problem.
  Track stuck, not moving for 10 steps.
  Current  phys volume: 'Crystal'
   - at position : (15.15017281703492,34.95829320224281,16.2309330653605)
     in direction: (0.8644591544950813,-0.3746380153087145,-0.3351965508402445)
    (local position: (15.15017281703492,34.95829320224281,16.2309330653605))
    (local direction: (0.8644591544950813,-0.3746380153087145,-0.3351965508402445)).
  Previous phys volume: 'World'

  Likely geometry overlap - else navigation problem !
   *** Trying to get *unstuck* using a push - expanding step to 1e-07 (mm) ...       Potential overlap in geometry !

*** This is just a warning message. ***
-------- WWWW -------- G4Exception-END --------- WWWW -------


-------- WWWW ------- G4Exception-START -------- WWWW -------
*** G4Exception : GeomNav1002
      issued by : G4Navigator::ComputeStep()
Stuck Track: potential geometry or navigation problem.
  Track stuck, not moving for 10 steps.
  Current  phys volume: 'Crystal'
   - at position : (33.1619672884154,18.75883593302278,18.78681391160794)
     in direction: (0.3933816679574021,-0.6954221493936564,0.6013641970118934)
    (local position: (33.1619672884154,18.75883593302278,18.78681391160794))
    (local direction: (0.3933816679574021,-0.6954221493936564,0.6013641970118934)).
  Previous phys volume: 'World'

  Likely geometry overlap - else navigation problem !
   *** Trying to get *unstuck* using a push - expanding step to 1e-07 (mm) ...       Potential overlap in geometry !

*** This is just a warning message. ***
-------- WWWW -------- G4Exception-END --------- WWWW -------


-------- WWWW ------- G4Exception-START -------- WWWW -------
*** G4Exception : GeomNav1002
      issued by : G4Navigator::ComputeStep()
Stuck Track: potential geometry or navigation problem.
  Track stuck, not moving for 10 steps.
  Current  phys volume: 'Crystal'
   - at position : (19.0145206860549,33.01602645806413,27.87891488080723)
     in direction: (0.8600303040862934,-0.4953068482803056,0.1225520383342029)
    (local position: (19.0145206860549,33.01602645806413,27.87891488080723))
    (local direction: (0.8600303040862934,-0.4953068482803056,0.1225520383342029)).
  Previous phys volume: 'World'

  Likely geometry overlap - else navigation problem !
   *** Trying to get *unstuck* using a push - expanding step to 1e-07 (mm) ...       Potential overlap in geometry !

*** This is just a warning message. ***
-------- WWWW -------- G4Exception-END --------- WWWW -------


-------- WWWW ------- G4Exception-START -------- WWWW -------
*** G4Exception : GeomNav1002
      issued by : G4Navigator::ComputeStep()
Stuck Track: potential geometry or navigation problem.
  Track stuck, not moving for 10 steps.
  Current  phys volume: 'Crystal'
   - at position : (-34.70341331183629,-15.72523782039126,-16.97273299939416)
     in direction: (-0.384671623021498,0.8489167843133953,0.3624472868611528)
    (local position: (-34.70341331183629,-15.72523782039126,-16.97273299939416))
    (local direction: (-0.384671623021498,0.8489167843133953,0.3624472868611528)).
  Previous phys volume: 'World'

  Likely geometry overlap - else navigation problem !
   *** Trying to get *unstuck* using a push - expanding step to 1e-07 (mm) ...       Potential overlap in geometry !

*** This is just a warning message. ***
-------- WWWW -------- G4Exception-END --------- WWWW -------


-------- WWWW ------- G4Exception-START -------- WWWW -------
*** G4Exception : GeomNav1002
      issued by : G4Navigator::ComputeStep()
Stuck Track: potential geometry or navigation problem.
  Track stuck, not moving for 10 steps.
  Current  phys volume: 'Crystal'
   - at position : (-30.60857000367116,22.68756140113701,29.03589064796976)
     in direction: (0.5926777782189142,0.7996019908655662,-0.09679724897596288)
    (local position: (-30.60857000367116,22.68756140113701,29.03589064796976))
    (local direction: (0.5926777782189142,0.7996019908655662,-0.09679724897596288)).
  Previous phys volume: 'World'

  Likely geometry overlap - else navigation problem !
   *** Trying to get *unstuck* using a push - expanding step to 1e-07 (mm) ...       Potential overlap in geometry !

*** This is just a warning message. ***
-------- WWWW -------- G4Exception-END --------- WWWW -------


-------- WWWW ------- G4Exception-START -------- WWWW -------
*** G4Exception : GeomNav1002
      issued by : G4Navigator::ComputeStep()
Stuck Track: potential geometry or navigation problem.
  Track stuck, not moving for 10 steps.
  Current  phys volume: 'Crystal'
   - at position : (10.40558305197467,-36.65151895008524,20.60372309920196)
     in direction: (0.9547492366906433,0.2710589563756897,0.1223966388719727)
    (local position: (10.40558305197467,-36.65151895008524,20.60372309920196))
    (local direction: (0.9547492366906433,0.2710589563756897,0.1223966388719727)).
  Previous phys volume: 'World'

  Likely geometry overlap - else navigation problem !
   *** Trying to get *unstuck* using a push - expanding step to 1e-07 (mm) ...       Potential overlap in geometry !

*** This is just a warning message. ***
-------- WWWW -------- G4Exception-END --------- WWWW -------


-------- WWWW ------- G4Exception-START -------- WWWW -------
*** G4Exception : GeomNav1002
      issued by : G4Navigator::ComputeStep()
Stuck Track: potential geometry or navigation problem.
  Track stuck, not moving for 10 steps.
  Current  phys volume: 'Crystal'
   - at position : (26.59675516673217,-27.28044381238886,34.40284842808845)
     in direction: (-0.7106516187089449,-0.6928416282971241,0.1222487420178476)
    (local position: (26.59675516673217,-27.28044381238886,34.40284842808845))
    (local direction: (-0.7106516187089449,-0.6928416282971241,0.1222487420178476)).
  Previous phys volume: 'World'

  Likely geometry overlap - else navigation problem !
   *** Trying to get *unstuck* using a push - expanding step to 1e-07 (mm) ...       Potential overlap in geometry !

*** This is just a warning message. ***
-------- WWWW -------- G4Exception-END --------- WWWW -------


-------- WWWW ------- G4Exception-START -------- WWWW -------
*** G4Exception : GeomNav1002
      issued by : G4Navigator::ComputeStep()
Stuck Track: potential geometry or navigation problem.
  Track stuck, not moving for 10 steps.
  Current  phys volume: 'Crystal'
   - at position : (38.08715943898002,0.9890833482146228,-14.83073846592309)
     in direction: (0.02533080544086212,-0.9754268204852649,-0.2188626696669033)
    (local position: (38.08715943898002,0.9890833482146228,-14.83073846592309))
    (local direction: (0.02533080544086212,-0.9754268204852649,-0.2188626696669033)).
  Previous phys volume: 'World'

  Likely geometry overlap - else navigation problem !
   *** Trying to get *unstuck* using a push - expanding step to 1e-07 (mm) ...       Potential overlap in geometry !

*** This is just a warning message. ***
-------- WWWW -------- G4Exception-END --------- WWWW -------


-------- WWWW ------- G4Exception-START -------- WWWW -------
*** G4Exception : GeomNav1002
      issued by : G4Navigator::ComputeStep()
Stuck Track: potential geometry or navigation problem.
  Track stuck, not moving for 10 steps.
  Current  phys volume: 'Crystal'
   - at position : (-24.51638569785237,29.16430750616479,-9.304462870727729)
     in direction: (0.7620538055711613,0.6406051306361238,0.09433485049113979)
    (local position: (-24.51638569785237,29.16430750616479,-9.304462870727729))
    (local direction: (0.7620538055711613,0.6406051306361238,0.09433485049113979)).
  Previous phys volume: 'World'

  Likely geometry overlap - else navigation problem !
   *** Trying to get *unstuck* using a push - expanding step to 1e-07 (mm) ...       Potential overlap in geometry !

*** This is just a warning message. ***
-------- WWWW -------- G4Exception-END --------- WWWW -------


-------- WWWW ------- G4Exception-START -------- WWWW -------
*** G4Exception : GeomNav1002
      issued by : G4Navigator::ComputeStep()
Stuck Track: potential geometry or navigation problem.
  Track stuck, not moving for 10 steps.
  Current  phys volume: 'Crystal'
   - at position : (-14.66494095148935,35.16460588275277,-0.06548873435840248)
     in direction: (0.9118488202522325,0.380274675913342,0.1546702940567928)
    (local position: (-14.66494095148935,35.16460588275277,-0.06548873435840248))
    (local direction: (0.9118488202522325,0.380274675913342,0.1546702940567928)).
  Previous phys volume: 'World'

  Likely geometry overlap - else navigation problem !
   *** Trying to get *unstuck* using a push - expanding step to 1e-07 (mm) ...       Potential overlap in geometry !

*** This is just a warning message. ***
-------- WWWW -------- G4Exception-END --------- WWWW -------


-------- WWWW ------- G4Exception-START -------- WWWW -------
*** G4Exception : GeomNav1002
      issued by : G4Navigator::ComputeStep()
Stuck Track: potential geometry or navigation problem.
  Track stuck, not moving for 10 steps.
  Current  phys volume: 'Crystal'
   - at position : (37.25267722460075,7.990496830592726,-21.0413402667688)
     in direction: (-0.2031943988304358,0.9473172337039156,0.2475925988625247)
    (local position: (37.25267722460075,7.990496830592726,-21.0413402667688))
    (local direction: (-0.2031943988304358,0.9473172337039156,0.2475925988625247)).
  Previous phys volume: 'World'

  Likely geometry overlap - else navigation problem !
   *** Trying to get *unstuck* using a push - expanding step to 1e-07 (mm) ...       Potential overlap in geometry !

*** This is just a warning message. ***
-------- WWWW -------- G4Exception-END --------- WWWW -------


-------- WWWW ------- G4Exception-START -------- WWWW -------
*** G4Exception : GeomNav1002
      issued by : G4Navigator::ComputeStep()
Stuck Track: potential geometry or navigation problem.
  Track stuck, not moving for 10 steps.
  Current  phys volume: 'Crystal'
   - at position : (-38.01681084017117,2.516365144934948,2.397210020845189)
     in direction: (-0.06369484905504506,-0.9622907998439608,0.2644605504409411)
    (local position: (-38.01681084017117,2.516365144934948,2.397210020845189))
    (local direction: (-0.06369484905504506,-0.9622907998439608,0.2644605504409411)).
  Previous phys volume: 'World'

  Likely geometry overlap - else navigation problem !
   *** Trying to get *unstuck* using a push - expanding step to 1e-07 (mm) ...       Potential overlap in geometry !

*** This is just a warning message. ***
-------- WWWW -------- G4Exception-END --------- WWWW -------


-------- WWWW ------- G4Exception-START -------- WWWW -------
*** G4Exception : GeomNav1002
      issued by : G4Navigator::ComputeStep()
Stuck Track: potential geometry or navigation problem.
  Track stuck, not moving for 10 steps.
  Current  phys volume: 'Crystal'
   - at position : (-25.03597785679984,-28.71950230686159,2.220549236551849)
     in direction: (-0.7536710647683599,0.6570062352488369,0.0179647703875354)
    (local position: (-25.03597785679984,-28.71950230686159,2.220549236551849))
    (local direction: (-0.7536710647683599,0.6570062352488369,0.0179647703875354)).
  Previous phys volume: 'World'

  Likely geometry overlap - else navigation problem !
   *** Trying to get *unstuck* using a push - expanding step to 1e-07 (mm) ...       Potential overlap in geometry !

*** This is just a warning message. ***
-------- WWWW -------- G4Exception-END --------- WWWW -------


-------- WWWW ------- G4Exception-START -------- WWWW -------
*** G4Exception : GeomNav1002
      issued by : G4Navigator::ComputeStep()
Stuck Track: potential geometry or navigation problem.
  Track stuck, not moving for 10 steps.
  Current  phys volume: 'Crystal'
   - at position : (37.96970946321702,3.148200006176193,13.79123652574486)
     in direction: (0.07453268758651269,-0.8989214432439837,0.4317234269266434)
    (local position: (37.96970946321702,3.148200006176193,13.79123652574486))
    (local direction: (0.07453268758651269,-0.8989214432439837,0.4317234269266434)).
  Previous phys volume: 'World'

  Likely geometry overlap - else navigation problem !
   *** Trying to get *unstuck* using a push - expanding step to 1e-07 (mm) ...       Potential overlap in geometry !

*** This is just a warning message. ***
-------- WWWW -------- G4Exception-END --------- WWWW -------


-------- WWWW ------- G4Exception-START -------- WWWW -------
*** G4Exception : GeomNav1002
      issued by : G4Navigator::ComputeStep()
Stuck Track: potential geometry or navigation problem.
  Track stuck, not moving for 10 steps.
  Current  phys volume: 'Crystal'
   - at position : (-32.14293887085557,20.45584221547581,-4.115184075191327)
     in direction: (0.5250808346064006,0.8250768162575389,0.2086584874942049)
    (local position: (-32.14293887085557,20.45584221547581,-4.115184075191327))
    (local direction: (0.5250808346064006,0.8250768162575389,0.2086584874942049)).
  Previous phys volume: 'World'

  Likely geometry overlap - else navigation problem !
   *** Trying to get *unstuck* using a push - expanding step to 1e-07 (mm) ...       Potential overlap in geometry !

*** This is just a warning message. ***
-------- WWWW -------- G4Exception-END --------- WWWW -------


-------- WWWW ------- G4Exception-START -------- WWWW -------
*** G4Exception : GeomNav1002
      issued by : G4Navigator::ComputeStep()
Stuck Track: potential geometry or navigation problem.
  Track stuck, not moving for 10 steps.
  Current  phys volume: 'Crystal'
   - at position : (-35.36040521228436,-14.18632239951755,31.38035166303176)
     in direction: (-0.3617237812486774,0.9016219369375069,-0.2371366460760916)
    (local position: (-35.36040521228436,-14.18632239951755,31.38035166303176))
    (local direction: (-0.3617237812486774,0.9016219369375069,-0.2371366460760916)).
  Previous phys volume: 'World'

  Likely geometry overlap - else navigation problem !
   *** Trying to get *unstuck* using a push - expanding step to 1e-07 (mm) ...       Potential overlap in geometry !

*** This is just a warning message. ***
-------- WWWW -------- G4Exception-END --------- WWWW -------


-------- WWWW ------- G4Exception-START -------- WWWW -------
*** G4Exception : GeomNav1002
      issued by : G4Navigator::ComputeStep()
Stuck Track: potential geometry or navigation problem.
  Track stuck, not moving for 10 steps.
  Current  phys volume: 'Crystal'
   - at position : (35.61360202578126,-13.53814428750369,22.40840709738835)
     in direction: (0.3143166238964867,0.8268450177377095,-0.4664036627050023)
    (local position: (35.61360202578126,-13.53814428750369,22.40840709738835))
    (local direction: (0.3143166238964867,0.8268450177377095,-0.4664036627050023)).
  Previous phys volume: 'World'

  Likely geometry overlap - else navigation problem !
   *** Trying to get *unstuck* using a push - expanding step to 1e-07 (mm) ...       Potential overlap in geometry !

*** This is just a warning message. ***
-------- WWWW -------- G4Exception-END --------- WWWW -------


-------- WWWW ------- G4Exception-START -------- WWWW -------
*** G4Exception : GeomNav1002
      issued by : G4Navigator::ComputeStep()
Stuck Track: potential geometry or navigation problem.
  Track stuck, not moving for 10 steps.
  Current  phys volume: 'Crystal'
   - at position : (36.92641282268295,9.383498071017886,17.91823374266056)
     in direction: (-0.2363823527627288,0.9302237050672424,0.280726275637549)
    (local position: (36.92641282268295,9.383498071017886,17.91823374266056))
    (local direction: (-0.2363823527627288,0.9302237050672424,0.280726275637549)).
  Previous phys volume: 'World'

  Likely geometry overlap - else navigation problem !
   *** Trying to get *unstuck* using a push - expanding step to 1e-07 (mm) ...       Potential overlap in geometry !

*** This is just a warning message. ***
-------- WWWW -------- G4Exception-END --------- WWWW -------


-------- WWWW ------- G4Exception-START -------- WWWW -------
*** G4Exception : GeomNav1002
      issued by : G4Navigator::ComputeStep()
Stuck Track: potential geometry or navigation problem.
  Track stuck, not moving for 10 steps.
  Current  phys volume: 'Crystal'
   - at position : (33.35524976569379,18.41296589548203,-26.86518686199781)
     in direction: (-0.4138398421599528,0.7496745161314573,0.5164539717187689)
    (local position: (33.35524976569379,18.41296589548203,-26.86518686199781))
    (local direction: (-0.4138398421599528,0.7496745161314573,0.5164539717187689)).
  Previous phys volume: 'World'

  Likely geometry overlap - else navigation problem !
   *** Trying to get *unstuck* using a push - expanding step to 1e-07 (mm) ...       Potential overlap in geometry !

*** This is just a warning message. ***
-------- WWWW -------- G4Exception-END --------- WWWW -------


-------- WWWW ------- G4Exception-START -------- WWWW -------
*** G4Exception : GeomNav1002
      issued by : G4Navigator::ComputeStep()
Stuck Track: potential geometry or navigation problem.
  Track stuck, not moving for 10 steps.
  Current  phys volume: 'Crystal'
   - at position : (-5.314236566133316,37.72756140700286,-6.916806332899181)
     in direction: (0.9055145863648127,0.1275491589322217,0.4046906793295901)
    (local position: (-5.314236566133316,37.72756140700286,-6.916806332899181))
    (local direction: (0.9055145863648127,0.1275491589322217,0.4046906793295901)).
  Previous phys volume: 'World'

  Likely geometry overlap - else navigation problem !
   *** Trying to get *unstuck* using a push - expanding step to 1e-07 (mm) ...       Potential overlap in geometry !

*** This is just a warning message. ***
-------- WWWW -------- G4Exception-END --------- WWWW -------


-------- WWWW ------- G4Exception-START -------- WWWW -------
*** G4Exception : GeomNav1002
      issued by : G4Navigator::ComputeStep()
Stuck Track: potential geometry or navigation problem.
  Track stuck, not moving for 10 steps.
  Current  phys volume: 'Crystal'
   - at position : (37.59442731387618,6.18619713084546,-27.95399821799956)
     in direction: (0.1591956338294671,-0.9674552165249886,-0.1966905035537352)
    (local position: (37.59442731387618,6.18619713084546,-27.95399821799956))
    (local direction: (0.1591956338294671,-0.9674552165249886,-0.1966905035537352)).
  Previous phys volume: 'World'

  Likely geometry overlap - else navigation problem !
   *** Trying to get *unstuck* using a push - expanding step to 1e-07 (mm) ...       Potential overlap in geometry !

*** This is just a warning message. ***
-------- WWWW -------- G4Exception-END --------- WWWW -------


-------- WWWW ------- G4Exception-START -------- WWWW -------
*** G4Exception : GeomNav1002
      issued by : G4Navigator::ComputeStep()
Stuck Track: potential geometry or navigation problem.
  Track stuck, not moving for 10 steps.
  Current  phys volume: 'Crystal'
   - at position : (28.46293786914027,-25.32728109879663,-33.47573100443507)
     in direction: (0.5371446213674554,0.6036460812783881,0.589140954520443)
    (local position: (28.46293786914027,-25.32728109879663,-33.47573100443507))
    (local direction: (0.5371446213674554,0.6036460812783881,0.589140954520443)).
  Previous phys volume: 'World'

  Likely geometry overlap - else navigation problem !
   *** Trying to get *unstuck* using a push - expanding step to 1e-07 (mm) ...       Potential overlap in geometry !

*** This is just a warning message. ***
-------- WWWW -------- G4Exception-END --------- WWWW -------


-------- WWWW ------- G4Exception-START -------- WWWW -------
*** G4Exception : GeomNav1002
      issued by : G4Navigator::ComputeStep()
Stuck Track: potential geometry or navigation problem.
  Track stuck, not moving for 10 steps.
  Current  phys volume: 'Crystal'
   - at position : (-37.98644722857228,2.939358254941591,-13.91850651031517)
     in direction: (-0.06461100393884239,-0.8349926339811502,-0.5464546818970771)
    (local position: (-37.98644722857228,2.939358254941591,-13.91850651031517))
    (local direction: (-0.06461100393884239,-0.8349926339811502,-0.5464546818970771)).
  Previous phys volume: 'World'

  Likely geometry overlap - else navigation problem !
   *** Trying to get *unstuck* using a push - expanding step to 1e-07 (mm) ...       Potential overlap in geometry !

*** This is just a warning message. ***
-------- WWWW -------- G4Exception-END --------- WWWW -------


-------- WWWW ------- G4Exception-START -------- WWWW -------
*** G4Exception : GeomNav1002
      issued by : G4Navigator::ComputeStep()
Stuck Track: potential geometry or navigation problem.
  Track stuck, not moving for 10 steps.
  Current  phys volume: 'Crystal'
   - at position : (-37.38978130016192,7.322175518659874,-18.13187181081348)
     in direction: (0.1905872689526422,0.9732102551454077,0.1286012915680999)
    (local position: (-37.38978130016192,7.322175518659874,-18.13187181081348))
    (local direction: (0.1905872689526422,0.9732102551454077,0.1286012915680999)).
  Previous phys volume: 'World'

  Likely geometry overlap - else navigation problem !
   *** Trying to get *unstuck* using a push - expanding step to 1e-07 (mm) ...       Potential overlap in geometry !

*** This is just a warning message. ***
-------- WWWW -------- G4Exception-END --------- WWWW -------


-------- WWWW ------- G4Exception-START -------- WWWW -------
*** G4Exception : GeomNav1002
      issued by : G4Navigator::ComputeStep()
Stuck Track: potential geometry or navigation problem.
  Track stuck, not moving for 10 steps.
  Current  phys volume: 'Crystal'
   - at position : (2.619217009316158,-38.00986322335439,-0.7306584911468414)
     in direction: (0.9886267495496518,0.06812515959527009,0.134075026403164)
    (local position: (2.619217009316158,-38.00986322335439,-0.7306584911468414))
    (local direction: (0.9886267495496518,0.06812515959527009,0.134075026403164)).
  Previous phys volume: 'World'

  Likely geometry overlap - else navigation problem !
   *** Trying to get *unstuck* using a push - expanding step to 1e-07 (mm) ...       Potential overlap in geometry !

*** This is just a warning message. ***
-------- WWWW -------- G4Exception-END --------- WWWW -------


-------- WWWW ------- G4Exception-START -------- WWWW -------
*** G4Exception : GeomNav1002
      issued by : G4Navigator::ComputeStep()
Stuck Track: potential geometry or navigation problem.
  Track stuck, not moving for 10 steps.
  Current  phys volume: 'Crystal'
   - at position : (-33.9075195588361,-17.37498539185421,-12.36451759774348)
     in direction: (0.4113516501244852,-0.8027583222426526,0.4317046397828321)
    (local position: (-33.9075195588361,-17.37498539185421,-12.36451759774348))
    (local direction: (0.4113516501244852,-0.8027583222426526,0.4317046397828321)).
  Previous phys volume: 'World'

  Likely geometry overlap - else navigation problem !
   *** Trying to get *unstuck* using a push - expanding step to 1e-07 (mm) ...       Potential overlap in geometry !

*** This is just a warning message. ***
-------- WWWW -------- G4Exception-END --------- WWWW -------


-------- WWWW ------- G4Exception-START -------- WWWW -------
*** G4Exception : GeomNav1002
      issued by : G4Navigator::ComputeStep()
Stuck Track: potential geometry or navigation problem.
  Track stuck, not moving for 10 steps.
  Current  phys volume: 'Crystal'
   - at position : (34.08477891340857,17.02462470728969,-26.28298611926323)
     in direction: (-0.3803308220000727,0.7614553744774565,-0.5249134962221353)
    (local position: (34.08477891340857,17.02462470728969,-26.28298611926323))
    (local direction: (-0.3803308220000727,0.7614553744774565,-0.5249134962221353)).
  Previous phys volume: 'World'

  Likely geometry overlap - else navigation problem !
   *** Trying to get *unstuck* using a push - expanding step to 1e-07 (mm) ...       Potential overlap in geometry !

*** This is just a warning message. ***
-------- WWWW -------- G4Exception-END --------- WWWW -------


-------- WWWW ------- G4Exception-START -------- WWWW -------
*** G4Exception : GeomNav1002
      issued by : G4Navigator::ComputeStep()
Stuck Track: potential geometry or navigation problem.
  Track stuck, not moving for 10 steps.
  Current  phys volume: 'Crystal'
   - at position : (-37.57445723423076,-6.306358977489584,-6.85040389483245)
     in direction: (0.1646867630971976,-0.9812343000339073,-0.1002871801255555)
    (local position: (-37.57445723423076,-6.306358977489584,-6.85040389483245))
    (local direction: (0.1646867630971976,-0.9812343000339073,-0.1002871801255555)).
  Previous phys volume: 'World'

  Likely geometry overlap - else navigation problem !
   *** Trying to get *unstuck* using a push - expanding step to 1e-07 (mm) ...       Potential overlap in geometry !

*** This is just a warning message. ***
-------- WWWW -------- G4Exception-END --------- WWWW -------


-------- WWWW ------- G4Exception-START -------- WWWW -------
*** G4Exception : GeomNav1002
      issued by : G4Navigator::ComputeStep()
Stuck Track: potential geometry or navigation problem.
  Track stuck, not moving for 10 steps.
  Current  phys volume: 'Crystal'
   - at position : (-4.36216973858232,-37.84945805651379,20.803249094845)
     in direction: (-0.98856870198943,0.1139330573740081,-0.09874806268653906)
    (local position: (-4.36216973858232,-37.84945805651379,20.803249094845))
    (local direction: (-0.98856870198943,0.1139330573740081,-0.09874806268653906)).
  Previous phys volume: 'World'

  Likely geometry overlap - else navigation problem !
   *** Trying to get *unstuck* using a push - expanding step to 1e-07 (mm) ...       Potential overlap in geometry !

*** This is just a warning message. ***
-------- WWWW -------- G4Exception-END --------- WWWW -------


-------- WWWW ------- G4Exception-START -------- WWWW -------
*** G4Exception : GeomNav1002
      issued by : G4Navigator::ComputeStep()
Stuck Track: potential geometry or navigation problem.
  Track stuck, not moving for 10 steps.
  Current  phys volume: 'Crystal'
   - at position : (22.34297596165572,-30.86100168784018,24.06270469062741)
     in direction: (0.7647417790561293,0.5536634020877352,-0.3295858743251924)
    (local position: (22.34297596165572,-30.86100168784018,24.06270469062741))
    (local direction: (0.7647417790561293,0.5536634020877352,-0.3295858743251924)).
  Previous phys volume: 'World'

  Likely geometry overlap - else navigation problem !
   *** Trying to get *unstuck* using a push - expanding step to 1e-07 (mm) ...       Potential overlap in geometry !

*** This is just a warning message. ***
-------- WWWW -------- G4Exception-END --------- WWWW -------


-------- WWWW ------- G4Exception-START -------- WWWW -------
*** G4Exception : GeomNav1002
      issued by : G4Navigator::ComputeStep()
Stuck Track: potential geometry or navigation problem.
  Track stuck, not moving for 10 steps.
  Current  phys volume: 'Crystal'
   - at position : (36.2014102657465,-11.87720062856161,-21.17558600893596)
     in direction: (-0.2842677548703156,-0.8664410024897619,0.4104532040872954)
    (local position: (36.2014102657465,-11.87720062856161,-21.17558600893596))
    (local direction: (-0.2842677548703156,-0.8664410024897619,0.4104532040872954)).
  Previous phys volume: 'World'

  Likely geometry overlap - else navigation problem !
   *** Trying to get *unstuck* using a push - expanding step to 1e-07 (mm) ...       Potential overlap in geometry !

*** This is just a warning message. ***
-------- WWWW -------- G4Exception-END --------- WWWW -------


-------- WWWW ------- G4Exception-START -------- WWWW -------
*** G4Exception : GeomNav1002
      issued by : G4Navigator::ComputeStep()
Stuck Track: potential geometry or navigation problem.
  Track stuck, not moving for 10 steps.
  Current  phys volume: 'Crystal'
   - at position : (-34.02924739495956,-17.13535297951688,-37.3610946349476)
     in direction: (-0.4490243959348149,0.8917214762895947,-0.05665598449661342)
    (local position: (-34.02924739495956,-17.13535297951688,-37.3610946349476))
    (local direction: (-0.4490243959348149,0.8917214762895947,-0.05665598449661342)).
  Previous phys volume: 'World'

  Likely geometry overlap - else navigation problem !
   *** Trying to get *unstuck* using a push - expanding step to 1e-07 (mm) ...       Potential overlap in geometry !

*** This is just a warning message. ***
-------- WWWW -------- G4Exception-END --------- WWWW -------


-------- WWWW ------- G4Exception-START -------- WWWW -------
*** G4Exception : GeomNav1002
      issued by : G4Navigator::ComputeStep()
Stuck Track: potential geometry or navigation problem.
  Track stuck, not moving for 10 steps.
  Current  phys volume: 'Crystal'
   - at position : (35.87698380195827,-12.8238852643816,24.13781195068651)
     in direction: (-0.335508317689277,-0.9386411552350159,-0.07991839876014774)
    (local position: (35.87698380195827,-12.8238852643816,24.13781195068651))
    (local direction: (-0.335508317689277,-0.9386411552350159,-0.07991839876014774)).
  Previous phys volume: 'World'

  Likely geometry overlap - else navigation problem !
   *** Trying to get *unstuck* using a push - expanding step to 1e-07 (mm) ...       Potential overlap in geometry !

*** This is just a warning message. ***
-------- WWWW -------- G4Exception-END --------- WWWW -------


-------- WWWW ------- G4Exception-START -------- WWWW -------
*** G4Exception : GeomNav1002
      issued by : G4Navigator::ComputeStep()
Stuck Track: potential geometry or navigation problem.
  Track stuck, not moving for 10 steps.
  Current  phys volume: 'Crystal'
   - at position : (33.9433851524472,17.30481448593504,17.92010223518883)
     in direction: (-0.4204568179062927,0.8247258427280673,0.3782107198541493)
    (local position: (33.9433851524472,17.30481448593504,17.92010223518883))
    (local direction: (-0.4204568179062927,0.8247258427280673,0.3782107198541493)).
  Previous phys volume: 'World'

  Likely geometry overlap - else navigation problem !
   *** Trying to get *unstuck* using a push - expanding step to 1e-07 (mm) ...       Potential overlap in geometry !

*** This is just a warning message. ***
-------- WWWW -------- G4Exception-END --------- WWWW -------


-------- WWWW ------- G4Exception-START -------- WWWW -------
*** G4Exception : GeomNav1002
      issued by : G4Navigator::ComputeStep()
Stuck Track: potential geometry or navigation problem.
  Track stuck, not moving for 10 steps.
  Current  phys volume: 'Crystal'
   - at position : (36.31917170410843,-11.51207047960921,-29.04378049293936)
     in direction: (-0.2897266673425849,-0.9140521331165129,-0.283843541719222)
    (local position: (36.31917170410843,-11.51207047960921,-29.04378049293936))
    (local direction: (-0.2897266673425849,-0.9140521331165129,-0.283843541719222)).
  Previous phys volume: 'World'

  Likely geometry overlap - else navigation problem !
   *** Trying to get *unstuck* using a push - expanding step to 1e-07 (mm) ...       Potential overlap in geometry !

*** This is just a warning message. ***
-------- WWWW -------- G4Exception-END --------- WWWW -------


-------- WWWW ------- G4Exception-START -------- WWWW -------
*** G4Exception : GeomNav1002
      issued by : G4Navigator::ComputeStep()
Stuck Track: potential geometry or navigation problem.
  Track stuck, not moving for 10 steps.
  Current  phys volume: 'Crystal'
   - at position : (30.01281783303518,23.46999713934891,12.2981667091657)
     in direction: (0.508730385237455,-0.6505510966877399,0.5638941972875138)
    (local position: (30.01281783303518,23.46999713934891,12.2981667091657))
    (local direction: (0.508730385237455,-0.6505510966877399,0.5638941972875138)).
  Previous phys volume: 'World'

  Likely geometry overlap - else navigation problem !
   *** Trying to get *unstuck* using a push - expanding step to 1e-07 (mm) ...       Potential overlap in geometry !

*** This is just a warning message. ***
-------- WWWW -------- G4Exception-END --------- WWWW -------


-------- WWWW ------- G4Exception-START -------- WWWW -------
*** G4Exception : GeomNav1002
      issued by : G4Navigator::ComputeStep()
Stuck Track: potential geometry or navigation problem.
  Track stuck, not moving for 10 steps.
  Current  phys volume: 'Crystal'
   - at position : (-18.75271011699548,-33.16543175156831,-2.410721807002463)
     in direction: (-0.854796575441819,0.4833271132525778,-0.1889913125195666)
    (local position: (-18.75271011699548,-33.16543175156831,-2.410721807002463))
    (local direction: (-0.854796575441819,0.4833271132525778,-0.1889913125195666)).
  Previous phys volume: 'World'

  Likely geometry overlap - else navigation problem !
   *** Trying to get *unstuck* using a push - expanding step to 1e-07 (mm) ...       Potential overlap in geometry !

*** This is just a warning message. ***
-------- WWWW -------- G4Exception-END --------- WWWW -------


-------- WWWW ------- G4Exception-START -------- WWWW -------
*** G4Exception : GeomNav1002
      issued by : G4Navigator::ComputeStep()
Stuck Track: potential geometry or navigation problem.
  Track stuck, not moving for 10 steps.
  Current  phys volume: 'Crystal'
   - at position : (38.09278190730519,0.7415973047972768,-38.00208459380828)
     in direction: (0.01828460841523504,-0.9392046008209748,0.3428708078734836)
    (local position: (38.09278190730519,0.7415973047972768,-38.00208459380828))
    (local direction: (0.01828460841523504,-0.9392046008209748,0.3428708078734836)).
  Previous phys volume: 'World'

  Likely geometry overlap - else navigation problem !
   *** Trying to get *unstuck* using a push - expanding step to 1e-07 (mm) ...       Potential overlap in geometry !

*** This is just a warning message. ***
-------- WWWW -------- G4Exception-END --------- WWWW -------


-------- WWWW ------- G4Exception-START -------- WWWW -------
*** G4Exception : GeomNav1002
      issued by : G4Navigator::ComputeStep()
Stuck Track: potential geometry or navigation problem.
  Track stuck, not moving for 10 steps.
  Current  phys volume: 'Crystal'
   - at position : (36.75002898413645,10.05213259289445,-29.06863965245534)
     in direction: (-0.2277139183118251,0.8325092233628396,-0.505049269302389)
    (local position: (36.75002898413645,10.05213259289445,-29.06863965245534))
    (local direction: (-0.2277139183118251,0.8325092233628396,-0.505049269302389)).
  Previous phys volume: 'World'

  Likely geometry overlap - else navigation problem !
   *** Trying to get *unstuck* using a push - expanding step to 1e-07 (mm) ...       Potential overlap in geometry !

*** This is just a warning message. ***
-------- WWWW -------- G4Exception-END --------- WWWW -------


-------- WWWW ------- G4Exception-START -------- WWWW -------
*** G4Exception : GeomNav1002
      issued by : G4Navigator::ComputeStep()
Stuck Track: potential geometry or navigation problem.
  Track stuck, not moving for 10 steps.
  Current  phys volume: 'Crystal'
   - at position : (6.229118306687041,37.58733942594629,26.87314292463285)
     in direction: (0.9812471340167732,-0.1626160451694222,0.1034895349169432)
    (local position: (6.229118306687041,37.58733942594629,26.87314292463285))
    (local direction: (0.9812471340167732,-0.1626160451694222,0.1034895349169432)).
  Previous phys volume: 'World'

  Likely geometry overlap - else navigation problem !
   *** Trying to get *unstuck* using a push - expanding step to 1e-07 (mm) ...       Potential overlap in geometry !

*** This is just a warning message. ***
-------- WWWW -------- G4Exception-END --------- WWWW -------


-------- WWWW ------- G4Exception-START -------- WWWW -------
*** G4Exception : GeomNav1002
      issued by : G4Navigator::ComputeStep()
Stuck Track: potential geometry or navigation problem.
  Track stuck, not moving for 10 steps.
  Current  phys volume: 'Crystal'
   - at position : (-30.39802783809369,22.96888990688233,14.63713767544495)
     in direction: (-0.4815004848177903,-0.6372386824476497,0.6017342808188814)
    (local position: (-30.39802783809369,22.96888990688233,14.63713767544495))
    (local direction: (-0.4815004848177903,-0.6372386824476497,0.6017342808188814)).
  Previous phys volume: 'World'

  Likely geometry overlap - else navigation problem !
   *** Trying to get *unstuck* using a push - expanding step to 1e-07 (mm) ...       Potential overlap in geometry !

*** This is just a warning message. ***
-------- WWWW -------- G4Exception-END --------- WWWW -------


-------- WWWW ------- G4Exception-START -------- WWWW -------
*** G4Exception : GeomNav1002
      issued by : G4Navigator::ComputeStep()
Stuck Track: potential geometry or navigation problem.
  Track stuck, not moving for 10 steps.
  Current  phys volume: 'Crystal'
   - at position : (37.93631052026645,3.52793765675088,3.901895600832558)
     in direction: (0.08895447954376143,-0.9565375260198702,-0.2777103921081903)
    (local position: (37.93631052026645,3.52793765675088,3.901895600832558))
    (local direction: (0.08895447954376143,-0.9565375260198702,-0.2777103921081903)).
  Previous phys volume: 'World'

  Likely geometry overlap - else navigation problem !
   *** Trying to get *unstuck* using a push - expanding step to 1e-07 (mm) ...       Potential overlap in geometry !

*** This is just a warning message. ***
-------- WWWW -------- G4Exception-END --------- WWWW -------


-------- WWWW ------- G4Exception-START -------- WWWW -------
*** G4Exception : GeomNav1002
      issued by : G4Navigator::ComputeStep()
Stuck Track: potential geometry or navigation problem.
  Track stuck, not moving for 10 steps.
  Current  phys volume: 'Crystal'
   - at position : (37.81152358930527,-4.679602959163399,0.7669868438358294)
     in direction: (0.1064008753702188,0.8597266144354732,0.4995487985690393)
    (local position: (37.81152358930527,-4.679602959163399,0.7669868438358294))
    (local direction: (0.1064008753702188,0.8597266144354732,0.4995487985690393)).
  Previous phys volume: 'World'

  Likely geometry overlap - else navigation problem !
   *** Trying to get *unstuck* using a push - expanding step to 1e-07 (mm) ...       Potential overlap in geometry !

*** This is just a warning message. ***
-------- WWWW -------- G4Exception-END --------- WWWW -------


-------- WWWW ------- G4Exception-START -------- WWWW -------
*** G4Exception : GeomNav1002
      issued by : G4Navigator::ComputeStep()
Stuck Track: potential geometry or navigation problem.
  Track stuck, not moving for 10 steps.
  Current  phys volume: 'Crystal'
   - at position : (-19.76830298997591,-32.5702962359342,-7.150884749350173)
     in direction: (0.8190992507701875,-0.4971462970675337,0.2862201542515082)
    (local position: (-19.76830298997591,-32.5702962359342,-7.150884749350173))
    (local direction: (0.8190992507701875,-0.4971462970675337,0.2862201542515082)).
  Previous phys volume: 'World'

  Likely geometry overlap - else navigation problem !
   *** Trying to get *unstuck* using a push - expanding step to 1e-07 (mm) ...       Potential overlap in geometry !

*** This is just a warning message. ***
-------- WWWW -------- G4Exception-END --------- WWWW -------


-------- WWWW ------- G4Exception-START -------- WWWW -------
*** G4Exception : GeomNav1002
      issued by : G4Navigator::ComputeStep()
Stuck Track: potential geometry or navigation problem.
  Track stuck, not moving for 10 steps.
  Current  phys volume: 'Crystal'
   - at position : (37.7625720607633,5.05946156776186,-17.41591955206668)
     in direction: (-0.02333954460746065,0.1742005988780568,0.9844335513421122)
    (local position: (37.7625720607633,5.05946156776186,-17.41591955206668))
    (local direction: (-0.02333954460746065,0.1742005988780568,0.9844335513421122)).
  Previous phys volume: 'World'

  Likely geometry overlap - else navigation problem !
   *** Trying to get *unstuck* using a push - expanding step to 1e-07 (mm) ...       Potential overlap in geometry !

*** This is just a warning message. ***
-------- WWWW -------- G4Exception-END --------- WWWW -------


-------- WWWW ------- G4Exception-START -------- WWWW -------
*** G4Exception : GeomNav1002
      issued by : G4Navigator::ComputeStep()
Stuck Track: potential geometry or navigation problem.
  Track stuck, not moving for 10 steps.
  Current  phys volume: 'Crystal'
   - at position : (2.090467454863036,-38.04260697980829,13.38406794065263)
     in direction: (-0.8907688753557302,-0.04894836320561435,-0.4518128688262198)
    (local position: (2.090467454863036,-38.04260697980829,13.38406794065263))
    (local direction: (-0.8907688753557302,-0.04894836320561435,-0.4518128688262198)).
  Previous phys volume: 'World'

  Likely geometry overlap - else navigation problem !
   *** Trying to get *unstuck* using a push - expanding step to 1e-07 (mm) ...       Potential overlap in geometry !

*** This is just a warning message. ***
-------- WWWW -------- G4Exception-END --------- WWWW -------


-------- WWWW ------- G4Exception-START -------- WWWW -------
*** G4Exception : GeomNav1002
      issued by : G4Navigator::ComputeStep()
Stuck Track: potential geometry or navigation problem.
  Track stuck, not moving for 10 steps.
  Current  phys volume: 'Crystal'
   - at position : (38.05864622092187,-1.774668372037252,-34.9018197355195)
     in direction: (-0.04071562257786598,-0.873166784156248,0.4857180304706973)
    (local position: (38.05864622092187,-1.774668372037252,-34.9018197355195))
    (local direction: (-0.04071562257786598,-0.873166784156248,0.4857180304706973)).
  Previous phys volume: 'World'

  Likely geometry overlap - else navigation problem !
   *** Trying to get *unstuck* using a push - expanding step to 1e-07 (mm) ...       Potential overlap in geometry !

*** This is just a warning message. ***
-------- WWWW -------- G4Exception-END --------- WWWW -------


-------- WWWW ------- G4Exception-START -------- WWWW -------
*** G4Exception : GeomNav1002
      issued by : G4Navigator::ComputeStep()
Stuck Track: potential geometry or navigation problem.
  Track stuck, not moving for 10 steps.
  Current  phys volume: 'Crystal'
   - at position : (-19.41856584352342,-32.7800137367382,-25.40872837289491)
     in direction: (-0.7574159090380161,0.4486859224254367,0.4743438454890613)
    (local position: (-19.41856584352342,-32.7800137367382,-25.40872837289491))
    (local direction: (-0.7574159090380161,0.4486859224254367,0.4743438454890613)).
  Previous phys volume: 'World'

  Likely geometry overlap - else navigation problem !
   *** Trying to get *unstuck* using a push - expanding step to 1e-07 (mm) ...       Potential overlap in geometry !

*** This is just a warning message. ***
-------- WWWW -------- G4Exception-END --------- WWWW -------


-------- WWWW ------- G4Exception-START -------- WWWW -------
*** G4Exception : GeomNav1002
      issued by : G4Navigator::ComputeStep()
Stuck Track: potential geometry or navigation problem.
  Track stuck, not moving for 10 steps.
  Current  phys volume: 'Crystal'
   - at position : (-5.582593069467199,-37.6887868552536,-25.97139202214714)
     in direction: (-0.8784591723369803,0.1301204017559065,-0.4597588102297869)
    (local position: (-5.582593069467199,-37.6887868552536,-25.97139202214714))
    (local direction: (-0.8784591723369803,0.1301204017559065,-0.4597588102297869)).
  Previous phys volume: 'World'

  Likely geometry overlap - else navigation problem !
   *** Trying to get *unstuck* using a push - expanding step to 1e-07 (mm) ...       Potential overlap in geometry !

*** This is just a warning message. ***
-------- WWWW -------- G4Exception-END --------- WWWW -------


-------- WWWW ------- G4Exception-START -------- WWWW -------
*** G4Exception : GeomNav1002
      issued by : G4Navigator::ComputeStep()
Stuck Track: potential geometry or navigation problem.
  Track stuck, not moving for 10 steps.
  Current  phys volume: 'Crystal'
   - at position : (-27.07167223818604,-26.80922531943486,-10.65649467527081)
     in direction: (-0.7014739761849504,0.7083410035399117,0.07865928705083973)
    (local position: (-27.07167223818604,-26.80922531943486,-10.65649467527081))
    (local direction: (-0.7014739761849504,0.7083410035399117,0.07865928705083973)).
  Previous phys volume: 'World'

  Likely geometry overlap - else navigation problem !
   *** Trying to get *unstuck* using a push - expanding step to 1e-07 (mm) ...       Potential overlap in geometry !

*** This is just a warning message. ***
-------- WWWW -------- G4Exception-END --------- WWWW -------


-------- WWWW ------- G4Exception-START -------- WWWW -------
*** G4Exception : GeomNav1002
      issued by : G4Navigator::ComputeStep()
Stuck Track: potential geometry or navigation problem.
  Track stuck, not moving for 10 steps.
  Current  phys volume: 'Crystal'
   - at position : (-2.551943212127064,38.01443917568795,-24.83340315974444)
     in direction: (-0.9738275200496374,-0.06537391011051909,0.2176837455365816)
    (local position: (-2.551943212127064,38.01443917568795,-24.83340315974444))
    (local direction: (-0.9738275200496374,-0.06537391011051909,0.2176837455365816)).
  Previous phys volume: 'World'

  Likely geometry overlap - else navigation problem !
   *** Trying to get *unstuck* using a push - expanding step to 1e-07 (mm) ...       Potential overlap in geometry !

*** This is just a warning message. ***
-------- WWWW -------- G4Exception-END --------- WWWW -------


-------- WWWW ------- G4Exception-START -------- WWWW -------
*** G4Exception : GeomNav1002
      issued by : G4Navigator::ComputeStep()
Stuck Track: potential geometry or navigation problem.
  Track stuck, not moving for 10 steps.
  Current  phys volume: 'Crystal'
   - at position : (23.3413064240831,-30.11301071658324,-34.98450617275133)
     in direction: (-0.7902379831188071,-0.6125321405264774,-0.01811924000535778)
    (local position: (23.3413064240831,-30.11301071658324,-34.98450617275133))
    (local direction: (-0.7902379831188071,-0.6125321405264774,-0.01811924000535778)).
  Previous phys volume: 'World'

  Likely geometry overlap - else navigation problem !
   *** Trying to get *unstuck* using a push - expanding step to 1e-07 (mm) ...       Potential overlap in geometry !

*** This is just a warning message. ***
-------- WWWW -------- G4Exception-END --------- WWWW -------


-------- WWWW ------- G4Exception-START -------- WWWW -------
*** G4Exception : GeomNav1002
      issued by : G4Navigator::ComputeStep()
Stuck Track: potential geometry or navigation problem.
  Track stuck, not moving for 10 steps.
  Current  phys volume: 'Crystal'
   - at position : (-37.4297908925269,-7.114826332505254,30.00384007919569)
     in direction: (-0.1867408345089742,0.9824091355306058,-0.0003887838729850001)
    (local position: (-37.4297908925269,-7.114826332505254,30.00384007919569))
    (local direction: (-0.1867408345089742,0.9824091355306058,-0.0003887838729850001)).
  Previous phys volume: 'World'

  Likely geometry overlap - else navigation problem !
   *** Trying to get *unstuck* using a push - expanding step to 1e-07 (mm) ...       Potential overlap in geometry !

*** This is just a warning message. ***
-------- WWWW -------- G4Exception-END --------- WWWW -------


-------- WWWW ------- G4Exception-START -------- WWWW -------
*** G4Exception : GeomNav1002
      issued by : G4Navigator::ComputeStep()
Stuck Track: potential geometry or navigation problem.
  Track stuck, not moving for 10 steps.
  Current  phys volume: 'Crystal'
   - at position : (38.09430927649326,0.6584836724474963,-12.1294411385253)
     in direction: (0.01650267195509684,-0.9547053566405725,0.2970948397736655)
    (local position: (38.09430927649326,0.6584836724474963,-12.1294411385253))
    (local direction: (0.01650267195509684,-0.9547053566405725,0.2970948397736655)).
  Previous phys volume: 'World'

  Likely geometry overlap - else navigation problem !
   *** Trying to get *unstuck* using a push - expanding step to 1e-07 (mm) ...       Potential overlap in geometry !

*** This is just a warning message. ***
-------- WWWW -------- G4Exception-END --------- WWWW -------


-------- WWWW ------- G4Exception-START -------- WWWW -------
*** G4Exception : GeomNav1002
      issued by : G4Navigator::ComputeStep()
Stuck Track: potential geometry or navigation problem.
  Track stuck, not moving for 10 steps.
  Current  phys volume: 'Crystal'
   - at position : (-37.89454836407749,3.951354740160939,-17.76930343238157)
     in direction: (-0.08936996314868229,-0.8570818399098307,-0.5073694210174503)
    (local position: (-37.89454836407749,3.951354740160939,-17.76930343238157))
    (local direction: (-0.08936996314868229,-0.8570818399098307,-0.5073694210174503)).
  Previous phys volume: 'World'

  Likely geometry overlap - else navigation problem !
   *** Trying to get *unstuck* using a push - expanding step to 1e-07 (mm) ...       Potential overlap in geometry !

*** This is just a warning message. ***
-------- WWWW -------- G4Exception-END --------- WWWW -------


-------- WWWW ------- G4Exception-START -------- WWWW -------
*** G4Exception : GeomNav1002
      issued by : G4Navigator::ComputeStep()
Stuck Track: potential geometry or navigation problem.
  Track stuck, not moving for 10 steps.
  Current  phys volume: 'Crystal'
   - at position : (38.07180897718276,-1.465387731935162,-9.427925668723814)
     in direction: (0.03619068758422081,0.9402596421629742,-0.3385292298336099)
    (local position: (38.07180897718276,-1.465387731935162,-9.427925668723814))
    (local direction: (0.03619068758422081,0.9402596421629742,-0.3385292298336099)).
  Previous phys volume: 'World'

  Likely geometry overlap - else navigation problem !
   *** Trying to get *unstuck* using a push - expanding step to 1e-07 (mm) ...       Potential overlap in geometry !

*** This is just a warning message. ***
-------- WWWW -------- G4Exception-END --------- WWWW -------


-------- WWWW ------- G4Exception-START -------- WWWW -------
*** G4Exception : GeomNav1002
      issued by : G4Navigator::ComputeStep()
Stuck Track: potential geometry or navigation problem.
  Track stuck, not moving for 10 steps.
  Current  phys volume: 'Crystal'
   - at position : (34.88277405356862,-15.32325273327044,5.375465924688358)
     in direction: (0.3901717972333478,0.8882105439280861,-0.2425860636942549)
    (local position: (34.88277405356862,-15.32325273327044,5.375465924688358))
    (local direction: (0.3901717972333478,0.8882105439280861,-0.2425860636942549)).
  Previous phys volume: 'World'

  Likely geometry overlap - else navigation problem !
   *** Trying to get *unstuck* using a push - expanding step to 1e-07 (mm) ...       Potential overlap in geometry !

*** This is just a warning message. ***
-------- WWWW -------- G4Exception-END --------- WWWW -------


-------- WWWW ------- G4Exception-START -------- WWWW -------
*** G4Exception : GeomNav1002
      issued by : G4Navigator::ComputeStep()
Stuck Track: potential geometry or navigation problem.
  Track stuck, not moving for 10 steps.
  Current  phys volume: 'Crystal'
   - at position : (33.2376174580855,-18.62446739399466,-1.467072881105794)
     in direction: (0.464273689645967,0.8285526219816787,0.3129704358398826)
    (local position: (33.2376174580855,-18.62446739399466,-1.467072881105794))
    (local direction: (0.464273689645967,0.8285526219816787,0.3129704358398826)).
  Previous phys volume: 'World'

  Likely geometry overlap - else navigation problem !
   *** Trying to get *unstuck* using a push - expanding step to 1e-07 (mm) ...       Potential overlap in geometry !

*** This is just a warning message. ***
-------- WWWW -------- G4Exception-END --------- WWWW -------


-------- WWWW ------- G4Exception-START -------- WWWW -------
*** G4Exception : GeomNav1002
      issued by : G4Navigator::ComputeStep()
Stuck Track: potential geometry or navigation problem.
  Track stuck, not moving for 10 steps.
  Current  phys volume: 'Crystal'
   - at position : (25.63530503700877,28.18583217965212,-5.008535699824862)
     in direction: (0.7394917190892543,-0.6725753446045323,-0.02818515972128086)
    (local position: (25.63530503700877,28.18583217965212,-5.008535699824862))
    (local direction: (0.7394917190892543,-0.6725753446045323,-0.02818515972128086)).
  Previous phys volume: 'World'

  Likely geometry overlap - else navigation problem !
   *** Trying to get *unstuck* using a push - expanding step to 1e-07 (mm) ...       Potential overlap in geometry !

*** This is just a warning message. ***
-------- WWWW -------- G4Exception-END --------- WWWW -------


-------- WWWW ------- G4Exception-START -------- WWWW -------
*** G4Exception : GeomNav1002
      issued by : G4Navigator::ComputeStep()
Stuck Track: potential geometry or navigation problem.
  Track stuck, not moving for 10 steps.
  Current  phys volume: 'Crystal'
   - at position : (-19.72808332066579,32.59467331471307,-8.066626303383362)
     in direction: (-0.6723098258339782,-0.4069187665509755,-0.6183984278082526)
    (local position: (-19.72808332066579,32.59467331471307,-8.066626303383362))
    (local direction: (-0.6723098258339782,-0.4069187665509755,-0.6183984278082526)).
  Previous phys volume: 'World'

  Likely geometry overlap - else navigation problem !
   *** Trying to get *unstuck* using a push - expanding step to 1e-07 (mm) ...       Potential overlap in geometry !

*** This is just a warning message. ***
-------- WWWW -------- G4Exception-END --------- WWWW -------


-------- WWWW ------- G4Exception-START -------- WWWW -------
*** G4Exception : GeomNav1002
      issued by : G4Navigator::ComputeStep()
Stuck Track: potential geometry or navigation problem.
  Track stuck, not moving for 10 steps.
  Current  phys volume: 'Crystal'
   - at position : (-35.18939923325707,14.60534770563326,-13.00932109854719)
     in direction: (-0.3572772290006782,-0.8608060076110027,0.3624444769870329)
    (local position: (-35.18939923325707,14.60534770563326,-13.00932109854719))
    (local direction: (-0.3572772290006782,-0.8608060076110027,0.3624444769870329)).
  Previous phys volume: 'World'

  Likely geometry overlap - else navigation problem !
   *** Trying to get *unstuck* using a push - expanding step to 1e-07 (mm) ...       Potential overlap in geometry !

*** This is just a warning message. ***
-------- WWWW -------- G4Exception-END --------- WWWW -------


-------- WWWW ------- G4Exception-START -------- WWWW -------
*** G4Exception : GeomNav1002
      issued by : G4Navigator::ComputeStep()
Stuck Track: potential geometry or navigation problem.
  Track stuck, not moving for 10 steps.
  Current  phys volume: 'Crystal'
   - at position : (3.279947592794271,-37.9585556072478,14.93064634194464)
     in direction: (-0.9869387829800716,-0.08528004908734441,-0.136671693768225)
    (local position: (3.279947592794271,-37.9585556072478,14.93064634194464))
    (local direction: (-0.9869387829800716,-0.08528004908734441,-0.136671693768225)).
  Previous phys volume: 'World'

  Likely geometry overlap - else navigation problem !
   *** Trying to get *unstuck* using a push - expanding step to 1e-07 (mm) ...       Potential overlap in geometry !

*** This is just a warning message. ***
-------- WWWW -------- G4Exception-END --------- WWWW -------


-------- WWWW ------- G4Exception-START -------- WWWW -------
*** G4Exception : GeomNav1002
      issued by : G4Navigator::ComputeStep()
Stuck Track: potential geometry or navigation problem.
  Track stuck, not moving for 10 steps.
  Current  phys volume: 'Crystal'
   - at position : (28.34643485871827,25.45760457703045,25.80708329082145)
     in direction: (-0.6422243944928145,0.7151015292144144,-0.2760029529435216)
    (local position: (28.34643485871827,25.45760457703045,25.80708329082145))
    (local direction: (-0.6422243944928145,0.7151015292144144,-0.2760029529435216)).
  Previous phys volume: 'World'

  Likely geometry overlap - else navigation problem !
   *** Trying to get *unstuck* using a push - expanding step to 1e-07 (mm) ...       Potential overlap in geometry !

*** This is just a warning message. ***
-------- WWWW -------- G4Exception-END --------- WWWW -------


-------- WWWW ------- G4Exception-START -------- WWWW -------
*** G4Exception : GeomNav1002
      issued by : G4Navigator::ComputeStep()
Stuck Track: potential geometry or navigation problem.
  Track stuck, not moving for 10 steps.
  Current  phys volume: 'Crystal'
   - at position : (-12.6625932023557,-35.93422788083327,7.93227249025814)
     in direction: (-0.912448008751417,0.3215307141546067,0.2530941152630836)
    (local position: (-12.6625932023557,-35.93422788083327,7.93227249025814))
    (local direction: (-0.912448008751417,0.3215307141546067,0.2530941152630836)).
  Previous phys volume: 'World'

  Likely geometry overlap - else navigation problem !
   *** Trying to get *unstuck* using a push - expanding step to 1e-07 (mm) ...       Potential overlap in geometry !

*** This is just a warning message. ***
-------- WWWW -------- G4Exception-END --------- WWWW -------


-------- WWWW ------- G4Exception-START -------- WWWW -------
*** G4Exception : GeomNav1002
      issued by : G4Navigator::ComputeStep()
Stuck Track: potential geometry or navigation problem.
  Track stuck, not moving for 10 steps.
  Current  phys volume: 'Crystal'
   - at position : (-26.11790878453619,-27.73922927412814,-4.737145818708131)
     in direction: (-0.7276431198962339,0.6851133622111963,-0.03398780645091982)
    (local position: (-26.11790878453619,-27.73922927412814,-4.737145818708131))
    (local direction: (-0.7276431198962339,0.6851133622111963,-0.03398780645091982)).
  Previous phys volume: 'World'

  Likely geometry overlap - else navigation problem !
   *** Trying to get *unstuck* using a push - expanding step to 1e-07 (mm) ...       Potential overlap in geometry !

*** This is just a warning message. ***
-------- WWWW -------- G4Exception-END --------- WWWW -------


-------- WWWW ------- G4Exception-START -------- WWWW -------
*** G4Exception : GeomNav1002
      issued by : G4Navigator::ComputeStep()
Stuck Track: potential geometry or navigation problem.
  Track stuck, not moving for 10 steps.
  Current  phys volume: 'Crystal'
   - at position : (-22.9735283834201,-30.39452242783543,-34.36139501774853)
     in direction: (0.7799677411510537,-0.5895342189379443,0.2099993511060236)
    (local position: (-22.9735283834201,-30.39452242783543,-34.36139501774853))
    (local direction: (0.7799677411510537,-0.5895342189379443,0.2099993511060236)).
  Previous phys volume: 'World'

  Likely geometry overlap - else navigation problem !
   *** Trying to get *unstuck* using a push - expanding step to 1e-07 (mm) ...       Potential overlap in geometry !

*** This is just a warning message. ***
-------- WWWW -------- G4Exception-END --------- WWWW -------


-------- WWWW ------- G4Exception-START -------- WWWW -------
*** G4Exception : GeomNav1002
      issued by : G4Navigator::ComputeStep()
Stuck Track: potential geometry or navigation problem.
  Track stuck, not moving for 10 steps.
  Current  phys volume: 'Crystal'
   - at position : (-32.90981221400281,-19.19776705867304,29.6922617015217)
     in direction: (0.4959812523044022,-0.8502368960472236,0.1763514047648605)
    (local position: (-32.90981221400281,-19.19776705867304,29.6922617015217))
    (local direction: (0.4959812523044022,-0.8502368960472236,0.1763514047648605)).
  Previous phys volume: 'World'

  Likely geometry overlap - else navigation problem !
   *** Trying to get *unstuck* using a push - expanding step to 1e-07 (mm) ...       Potential overlap in geometry !

*** This is just a warning message. ***
-------- WWWW -------- G4Exception-END --------- WWWW -------


-------- WWWW ------- G4Exception-START -------- WWWW -------
*** G4Exception : GeomNav1002
      issued by : G4Navigator::ComputeStep()
Stuck Track: potential geometry or navigation problem.
  Track stuck, not moving for 10 steps.
  Current  phys volume: 'Crystal'
   - at position : (20.3038952253219,32.23913520364885,-7.706239658539981)
     in direction: (0.448173880867939,-0.2822555711369901,0.8482169327889548)
    (local position: (20.3038952253219,32.23913520364885,-7.706239658539981))
    (local direction: (0.448173880867939,-0.2822555711369901,0.8482169327889548)).
  Previous phys volume: 'World'

  Likely geometry overlap - else navigation problem !
   *** Trying to get *unstuck* using a push - expanding step to 1e-07 (mm) ...       Potential overlap in geometry !

*** This is just a warning message. ***
-------- WWWW -------- G4Exception-END --------- WWWW -------


-------- WWWW ------- G4Exception-START -------- WWWW -------
*** G4Exception : GeomNav1002
      issued by : G4Navigator::ComputeStep()
Stuck Track: potential geometry or navigation problem.
  Track stuck, not moving for 10 steps.
  Current  phys volume: 'Crystal'
   - at position : (37.60853583333954,-6.099838725115236,-28.08943406559516)
     in direction: (0.1455646526103662,0.8974783925391669,-0.4163453696580957)
    (local position: (37.60853583333954,-6.099838725115236,-28.08943406559516))
    (local direction: (0.1455646526103662,0.8974783925391669,-0.4163453696580957)).
  Previous phys volume: 'World'

  Likely geometry overlap - else navigation problem !
   *** Trying to get *unstuck* using a push - expanding step to 1e-07 (mm) ...       Potential overlap in geometry !

*** This is just a warning message. ***
-------- WWWW -------- G4Exception-END --------- WWWW -------


-------- WWWW ------- G4Exception-START -------- WWWW -------
*** G4Exception : GeomNav1002
      issued by : G4Navigator::ComputeStep()
Stuck Track: potential geometry or navigation problem.
  Track stuck, not moving for 10 steps.
  Current  phys volume: 'Crystal'
   - at position : (-15.12908500525483,-34.9674246535797,16.24256444162254)
     in direction: (-0.7890509655018966,0.3413925746268685,0.5107344552995843)
    (local position: (-15.12908500525483,-34.9674246535797,16.24256444162254))
    (local direction: (-0.7890509655018966,0.3413925746268685,0.5107344552995843)).
  Previous phys volume: 'World'

  Likely geometry overlap - else navigation problem !
   *** Trying to get *unstuck* using a push - expanding step to 1e-07 (mm) ...       Potential overlap in geometry !

*** This is just a warning message. ***
-------- WWWW -------- G4Exception-END --------- WWWW -------


-------- WWWW ------- G4Exception-START -------- WWWW -------
*** G4Exception : GeomNav1002
      issued by : G4Navigator::ComputeStep()
Stuck Track: potential geometry or navigation problem.
  Track stuck, not moving for 10 steps.
  Current  phys volume: 'Crystal'
   - at position : (-38.07969049707314,-1.243853547294568,0.3132662916907465)
     in direction: (0.0231510206518318,-0.7087520094552785,-0.7050777399236793)
    (local position: (-38.07969049707314,-1.243853547294568,0.3132662916907465))
    (local direction: (0.0231510206518318,-0.7087520094552785,-0.7050777399236793)).
  Previous phys volume: 'World'

  Likely geometry overlap - else navigation problem !
   *** Trying to get *unstuck* using a push - expanding step to 1e-07 (mm) ...       Potential overlap in geometry !

*** This is just a warning message. ***
-------- WWWW -------- G4Exception-END --------- WWWW -------


-------- WWWW ------- G4Exception-START -------- WWWW -------
*** G4Exception : GeomNav1002
      issued by : G4Navigator::ComputeStep()
Stuck Track: potential geometry or navigation problem.
  Track stuck, not moving for 10 steps.
  Current  phys volume: 'Crystal'
   - at position : (37.35181872586029,-7.513430499477091,-23.1976340266912)
     in direction: (0.1647986953331501,0.819270371206669,0.5492153028452307)
    (local position: (37.35181872586029,-7.513430499477091,-23.1976340266912))
    (local direction: (0.1647986953331501,0.819270371206669,0.5492153028452307)).
  Previous phys volume: 'World'

  Likely geometry overlap - else navigation problem !
   *** Trying to get *unstuck* using a push - expanding step to 1e-07 (mm) ...       Potential overlap in geometry !

*** This is just a warning message. ***
-------- WWWW -------- G4Exception-END --------- WWWW -------


-------- WWWW ------- G4Exception-START -------- WWWW -------
*** G4Exception : GeomNav1002
      issued by : G4Navigator::ComputeStep()
Stuck Track: potential geometry or navigation problem.
  Track stuck, not moving for 10 steps.
  Current  phys volume: 'Crystal'
   - at position : (35.25463403458262,-14.44717201003881,28.6768236600909)
     in direction: (-0.3583073488133251,-0.8743575867676944,0.3272837518853328)
    (local position: (35.25463403458262,-14.44717201003881,28.6768236600909))
    (local direction: (-0.3583073488133251,-0.8743575867676944,0.3272837518853328)).
  Previous phys volume: 'World'

  Likely geometry overlap - else navigation problem !
   *** Trying to get *unstuck* using a push - expanding step to 1e-07 (mm) ...       Potential overlap in geometry !

*** This is just a warning message. ***
-------- WWWW -------- G4Exception-END --------- WWWW -------


-------- WWWW ------- G4Exception-START -------- WWWW -------
*** G4Exception : GeomNav1002
      issued by : G4Navigator::ComputeStep()
Stuck Track: potential geometry or navigation problem.
  Track stuck, not moving for 10 steps.
  Current  phys volume: 'Crystal'
   - at position : (7.454526448524254,37.36361914253292,27.85447567169815)
     in direction: (-0.9237412132628791,0.1842983486045991,-0.3357622516323747)
    (local position: (7.454526448524254,37.36361914253292,27.85447567169815))
    (local direction: (-0.9237412132628791,0.1842983486045991,-0.3357622516323747)).
  Previous phys volume: 'World'

  Likely geometry overlap - else navigation problem !
   *** Trying to get *unstuck* using a push - expanding step to 1e-07 (mm) ...       Potential overlap in geometry !

*** This is just a warning message. ***
-------- WWWW -------- G4Exception-END --------- WWWW -------


-------- WWWW ------- G4Exception-START -------- WWWW -------
*** G4Exception : GeomNav1002
      issued by : G4Navigator::ComputeStep()
Stuck Track: potential geometry or navigation problem.
  Track stuck, not moving for 10 steps.
  Current  phys volume: 'Crystal'
   - at position : (-30.50868200585793,-22.8217072600943,-15.54819606246326)
     in direction: (-0.5576405448640371,0.745469121259773,0.3651202705574176)
    (local position: (-30.50868200585793,-22.8217072600943,-15.54819606246326))
    (local direction: (-0.5576405448640371,0.745469121259773,0.3651202705574176)).
  Previous phys volume: 'World'

  Likely geometry overlap - else navigation problem !
   *** Trying to get *unstuck* using a push - expanding step to 1e-07 (mm) ...       Potential overlap in geometry !

*** This is just a warning message. ***
-------- WWWW -------- G4Exception-END --------- WWWW -------


-------- WWWW ------- G4Exception-START -------- WWWW -------
*** G4Exception : GeomNav1002
      issued by : G4Navigator::ComputeStep()
Stuck Track: potential geometry or navigation problem.
  Track stuck, not moving for 10 steps.
  Current  phys volume: 'Crystal'
   - at position : (4.679385627154696,37.81155048596101,13.15096783465991)
     in direction: (0.9920380460043797,-0.1227701195640495,0.02807156963978689)
    (local position: (4.679385627154696,37.81155048596101,13.15096783465991))
    (local direction: (0.9920380460043797,-0.1227701195640495,0.02807156963978689)).
  Previous phys volume: 'World'

  Likely geometry overlap - else navigation problem !
   *** Trying to get *unstuck* using a push - expanding step to 1e-07 (mm) ...       Potential overlap in geometry !

*** This is just a warning message. ***
-------- WWWW -------- G4Exception-END --------- WWWW -------


-------- WWWW ------- G4Exception-START -------- WWWW -------
*** G4Exception : GeomNav1002
      issued by : G4Navigator::ComputeStep()
Stuck Track: potential geometry or navigation problem.
  Track stuck, not moving for 10 steps.
  Current  phys volume: 'Crystal'
   - at position : (-37.57660459288606,6.293551244718244,-17.19978345103171)
     in direction: (0.1584848266615406,0.9462577539875752,0.2819198870893135)
    (local position: (-37.57660459288606,6.293551244718244,-17.19978345103171))
    (local direction: (0.1584848266615406,0.9462577539875752,0.2819198870893135)).
  Previous phys volume: 'World'

  Likely geometry overlap - else navigation problem !
   *** Trying to get *unstuck* using a push - expanding step to 1e-07 (mm) ...       Potential overlap in geometry !

*** This is just a warning message. ***
-------- WWWW -------- G4Exception-END --------- WWWW -------


-------- WWWW ------- G4Exception-START -------- WWWW -------
*** G4Exception : GeomNav1002
      issued by : G4Navigator::ComputeStep()
Stuck Track: potential geometry or navigation problem.
  Track stuck, not moving for 10 steps.
  Current  phys volume: 'Crystal'
   - at position : (13.80927714137187,-35.50934897787883,-21.90158255860082)
     in direction: (-0.9247824084624905,-0.3596398396906555,0.1242444473833549)
    (local position: (13.80927714137187,-35.50934897787883,-21.90158255860082))
    (local direction: (-0.9247824084624905,-0.3596398396906555,0.1242444473833549)).
  Previous phys volume: 'World'

  Likely geometry overlap - else navigation problem !
   *** Trying to get *unstuck* using a push - expanding step to 1e-07 (mm) ...       Potential overlap in geometry !

*** This is just a warning message. ***
-------- WWWW -------- G4Exception-END --------- WWWW -------


-------- WWWW ------- G4Exception-START -------- WWWW -------
*** G4Exception : GeomNav1002
      issued by : G4Navigator::ComputeStep()
Stuck Track: potential geometry or navigation problem.
  Track stuck, not moving for 10 steps.
  Current  phys volume: 'Crystal'
   - at position : (-30.42533464841209,-22.93270615370403,-10.94667402637135)
     in direction: (-0.6019081905982619,0.7985650713801361,0.0005973795818082413)
    (local position: (-30.42533464841209,-22.93270615370403,-10.94667402637135))
    (local direction: (-0.6019081905982619,0.7985650713801361,0.0005973795818082413)).
  Previous phys volume: 'World'

  Likely geometry overlap - else navigation problem !
   *** Trying to get *unstuck* using a push - expanding step to 1e-07 (mm) ...       Potential overlap in geometry !

*** This is just a warning message. ***
-------- WWWW -------- G4Exception-END --------- WWWW -------


-------- WWWW ------- G4Exception-START -------- WWWW -------
*** G4Exception : GeomNav1002
      issued by : G4Navigator::ComputeStep()
Stuck Track: potential geometry or navigation problem.
  Track stuck, not moving for 10 steps.
  Current  phys volume: 'Crystal'
   - at position : (24.36639111206975,-29.28974196154088,-27.76980860346365)
     in direction: (0.7665587834210403,0.6377069197726319,-0.0756142581406232)
    (local position: (24.36639111206975,-29.28974196154088,-27.76980860346365))
    (local direction: (0.7665587834210403,0.6377069197726319,-0.0756142581406232)).
  Previous phys volume: 'World'

  Likely geometry overlap - else navigation problem !
   *** Trying to get *unstuck* using a push - expanding step to 1e-07 (mm) ...       Potential overlap in geometry !

*** This is just a warning message. ***
-------- WWWW -------- G4Exception-END --------- WWWW -------


-------- WWWW ------- G4Exception-START -------- WWWW -------
*** G4Exception : GeomNav1002
      issued by : G4Navigator::ComputeStep()
Stuck Track: potential geometry or navigation problem.
  Track stuck, not moving for 10 steps.
  Current  phys volume: 'Crystal'
   - at position : (9.091242677179247,-36.99945008489497,31.84201362154129)
     in direction: (0.8657538993532667,0.2127269129588502,0.4530093224842194)
    (local position: (9.091242677179247,-36.99945008489497,31.84201362154129))
    (local direction: (0.8657538993532667,0.2127269129588502,0.4530093224842194)).
  Previous phys volume: 'World'

  Likely geometry overlap - else navigation problem !
   *** Trying to get *unstuck* using a push - expanding step to 1e-07 (mm) ...       Potential overlap in geometry !

*** This is just a warning message. ***
-------- WWWW -------- G4Exception-END --------- WWWW -------


-------- WWWW ------- G4Exception-START -------- WWWW -------
*** G4Exception : GeomNav1002
      issued by : G4Navigator::ComputeStep()
Stuck Track: potential geometry or navigation problem.
  Track stuck, not moving for 10 steps.
  Current  phys volume: 'Crystal'
   - at position : (26.64712112536036,-27.2312492502708,-29.17145069647621)
     in direction: (0.6978775816035813,0.6829076505727794,0.2158796467578718)
    (local position: (26.64712112536036,-27.2312492502708,-29.17145069647621))
    (local direction: (0.6978775816035813,0.6829076505727794,0.2158796467578718)).
  Previous phys volume: 'World'

  Likely geometry overlap - else navigation problem !
   *** Trying to get *unstuck* using a push - expanding step to 1e-07 (mm) ...       Potential overlap in geometry !

*** This is just a warning message. ***
-------- WWWW -------- G4Exception-END --------- WWWW -------


-------- WWWW ------- G4Exception-START -------- WWWW -------
*** G4Exception : GeomNav1002
      issued by : G4Navigator::ComputeStep()
Stuck Track: potential geometry or navigation problem.
  Track stuck, not moving for 10 steps.
  Current  phys volume: 'Crystal'
   - at position : (32.96432312999332,19.10401529996737,18.83436908957486)
     in direction: (-0.492816597420497,0.8503639316715185,-0.1844260963612272)
    (local position: (32.96432312999332,19.10401529996737,18.83436908957486))
    (local direction: (-0.492816597420497,0.8503639316715185,-0.1844260963612272)).
  Previous phys volume: 'World'

  Likely geometry overlap - else navigation problem !
   *** Trying to get *unstuck* using a push - expanding step to 1e-07 (mm) ...       Potential overlap in geometry !

*** This is just a warning message. ***
-------- WWWW -------- G4Exception-END --------- WWWW -------


-------- WWWW ------- G4Exception-START -------- WWWW -------
*** G4Exception : GeomNav1002
      issued by : G4Navigator::ComputeStep()
Stuck Track: potential geometry or navigation problem.
  Track stuck, not moving for 10 steps.
  Current  phys volume: 'Crystal'
   - at position : (-10.79124139119919,36.53982908056453,27.78490344188476)
     in direction: (-0.1243296978795827,-0.0367180639776742,0.9915613495910897)
    (local position: (-10.79124139119919,36.53982908056453,27.78490344188476))
    (local direction: (-0.1243296978795827,-0.0367180639776742,0.9915613495910897)).
  Previous phys volume: 'World'

  Likely geometry overlap - else navigation problem !
   *** Trying to get *unstuck* using a push - expanding step to 1e-07 (mm) ...       Potential overlap in geometry !

*** This is just a warning message. ***
-------- WWWW -------- G4Exception-END --------- WWWW -------


-------- WWWW ------- G4Exception-START -------- WWWW -------
*** G4Exception : GeomNav1002
      issued by : G4Navigator::ComputeStep()
Stuck Track: potential geometry or navigation problem.
  Track stuck, not moving for 10 steps.
  Current  phys volume: 'Crystal'
   - at position : (23.17590548814013,30.2404928002967,34.42952653487959)
     in direction: (-0.7799376260078396,0.5977336687722471,0.1855040720666939)
    (local position: (23.17590548814013,30.2404928002967,34.42952653487959))
    (local direction: (-0.7799376260078396,0.5977336687722471,0.1855040720666939)).
  Previous phys volume: 'World'

  Likely geometry overlap - else navigation problem !
   *** Trying to get *unstuck* using a push - expanding step to 1e-07 (mm) ...       Potential overlap in geometry !

*** This is just a warning message. ***
-------- WWWW -------- G4Exception-END --------- WWWW -------


-------- WWWW ------- G4Exception-START -------- WWWW -------
*** G4Exception : GeomNav1002
      issued by : G4Navigator::ComputeStep()
Stuck Track: potential geometry or navigation problem.
  Track stuck, not moving for 10 steps.
  Current  phys volume: 'Crystal'
   - at position : (6.081477878417651,-37.61150923340244,24.61069773236767)
     in direction: (0.9871418081463607,0.1596128735980593,-0.008647611884422847)
    (local position: (6.081477878417651,-37.61150923340244,24.61069773236767))
    (local direction: (0.9871418081463607,0.1596128735980593,-0.008647611884422847)).
  Previous phys volume: 'World'

  Likely geometry overlap - else navigation problem !
   *** Trying to get *unstuck* using a push - expanding step to 1e-07 (mm) ...       Potential overlap in geometry !

*** This is just a warning message. ***
-------- WWWW -------- G4Exception-END --------- WWWW -------


-------- WWWW ------- G4Exception-START -------- WWWW -------
*** G4Exception : GeomNav1002
      issued by : G4Navigator::ComputeStep()
Stuck Track: potential geometry or navigation problem.
  Track stuck, not moving for 10 steps.
  Current  phys volume: 'Crystal'
   - at position : (-33.41789478485246,18.29902478681666,32.66002448686008)
     in direction: (0.4468088622840524,0.8159676115366145,0.3668224332121242)
    (local position: (-33.41789478485246,18.29902478681666,32.66002448686008))
    (local direction: (0.4468088622840524,0.8159676115366145,0.3668224332121242)).
  Previous phys volume: 'World'

  Likely geometry overlap - else navigation problem !
   *** Trying to get *unstuck* using a push - expanding step to 1e-07 (mm) ...       Potential overlap in geometry !

*** This is just a warning message. ***
-------- WWWW -------- G4Exception-END --------- WWWW -------


-------- WWWW ------- G4Exception-START -------- WWWW -------
*** G4Exception : GeomNav1002
      issued by : G4Navigator::ComputeStep()
Stuck Track: potential geometry or navigation problem.
  Track stuck, not moving for 10 steps.
  Current  phys volume: 'Crystal'
   - at position : (37.33501060848332,7.596511229797419,17.67307810790189)
     in direction: (0.1975046778165253,-0.9706875983518694,0.1369579813171567)
    (local position: (37.33501060848332,7.596511229797419,17.67307810790189))
    (local direction: (0.1975046778165253,-0.9706875983518694,0.1369579813171567)).
  Previous phys volume: 'World'

  Likely geometry overlap - else navigation problem !
   *** Trying to get *unstuck* using a push - expanding step to 1e-07 (mm) ...       Potential overlap in geometry !

*** This is just a warning message. ***
-------- WWWW -------- G4Exception-END --------- WWWW -------


-------- WWWW ------- G4Exception-START -------- WWWW -------
*** G4Exception : GeomNav1002
      issued by : G4Navigator::ComputeStep()
Stuck Track: potential geometry or navigation problem.
  Track stuck, not moving for 10 steps.
  Current  phys volume: 'Crystal'
   - at position : (36.39218832263223,-11.27912359583272,-19.78322397884909)
     in direction: (0.2935471506749947,0.9471323811792854,-0.1295002812825087)
    (local position: (36.39218832263223,-11.27912359583272,-19.78322397884909))
    (local direction: (0.2935471506749947,0.9471323811792854,-0.1295002812825087)).
  Previous phys volume: 'World'

  Likely geometry overlap - else navigation problem !
   *** Trying to get *unstuck* using a push - expanding step to 1e-07 (mm) ...       Potential overlap in geometry !

*** This is just a warning message. ***
-------- WWWW -------- G4Exception-END --------- WWWW -------


-------- WWWW ------- G4Exception-START -------- WWWW -------
*** G4Exception : GeomNav1002
      issued by : G4Navigator::ComputeStep()
Stuck Track: potential geometry or navigation problem.
  Track stuck, not moving for 10 steps.
  Current  phys volume: 'Crystal'
   - at position : (-38.05289097077623,-1.894066726970496,2.907799192172994)
     in direction: (0.0378162580826495,-0.7597503959342872,0.6491142168388554)
    (local position: (-38.05289097077623,-1.894066726970496,2.907799192172994))
    (local direction: (0.0378162580826495,-0.7597503959342872,0.6491142168388554)).
  Previous phys volume: 'World'

  Likely geometry overlap - else navigation problem !
   *** Trying to get *unstuck* using a push - expanding step to 1e-07 (mm) ...       Potential overlap in geometry !

*** This is just a warning message. ***
-------- WWWW -------- G4Exception-END --------- WWWW -------


-------- WWWW ------- G4Exception-START -------- WWWW -------
*** G4Exception : GeomNav1002
      issued by : G4Navigator::ComputeStep()
Stuck Track: potential geometry or navigation problem.
  Track stuck, not moving for 10 steps.
  Current  phys volume: 'Crystal'
   - at position : (-4.710277859515241,-37.80771458956704,7.222224352398444)
     in direction: (-0.9812086003263678,0.1222439704662447,0.149285278343908)
    (local position: (-4.710277859515241,-37.80771458956704,7.222224352398444))
    (local direction: (-0.9812086003263678,0.1222439704662447,0.149285278343908)).
  Previous phys volume: 'World'

  Likely geometry overlap - else navigation problem !
   *** Trying to get *unstuck* using a push - expanding step to 1e-07 (mm) ...       Potential overlap in geometry !

*** This is just a warning message. ***
-------- WWWW -------- G4Exception-END --------- WWWW -------


-------- WWWW ------- G4Exception-START -------- WWWW -------
*** G4Exception : GeomNav1002
      issued by : G4Navigator::ComputeStep()
Stuck Track: potential geometry or navigation problem.
  Track stuck, not moving for 10 steps.
  Current  phys volume: 'Crystal'
   - at position : (-16.87187466774196,34.16064761089882,23.10711621445364)
     in direction: (0.8145052148958478,0.4022824759786042,-0.4180311763828061)
    (local position: (-16.87187466774196,34.16064761089882,23.10711621445364))
    (local direction: (0.8145052148958478,0.4022824759786042,-0.4180311763828061)).
  Previous phys volume: 'World'

  Likely geometry overlap - else navigation problem !
   *** Trying to get *unstuck* using a push - expanding step to 1e-07 (mm) ...       Potential overlap in geometry !

*** This is just a warning message. ***
-------- WWWW -------- G4Exception-END --------- WWWW -------


-------- WWWW ------- G4Exception-START -------- WWWW -------
*** G4Exception : GeomNav1002
      issued by : G4Navigator::ComputeStep()
Stuck Track: potential geometry or navigation problem.
  Track stuck, not moving for 10 steps.
  Current  phys volume: 'Crystal'
   - at position : (-31.0309010204192,-22.10640590102666,-0.769053604137403)
     in direction: (-0.5061024418212009,0.7104191811486102,0.4890448910261266)
    (local position: (-31.0309010204192,-22.10640590102666,-0.769053604137403))
    (local direction: (-0.5061024418212009,0.7104191811486102,0.4890448910261266)).
  Previous phys volume: 'World'

  Likely geometry overlap - else navigation problem !
   *** Trying to get *unstuck* using a push - expanding step to 1e-07 (mm) ...       Potential overlap in geometry !

*** This is just a warning message. ***
-------- WWWW -------- G4Exception-END --------- WWWW -------


-------- WWWW ------- G4Exception-START -------- WWWW -------
*** G4Exception : GeomNav1002
      issued by : G4Navigator::ComputeStep()
Stuck Track: potential geometry or navigation problem.
  Track stuck, not moving for 10 steps.
  Current  phys volume: 'Crystal'
   - at position : (-27.633996486145,26.22922488758914,-23.33517830737353)
     in direction: (-0.6843367199952757,-0.7209880809187592,-0.1089010598625762)
    (local position: (-27.633996486145,26.22922488758914,-23.33517830737353))
    (local direction: (-0.6843367199952757,-0.7209880809187592,-0.1089010598625762)).
  Previous phys volume: 'World'

  Likely geometry overlap - else navigation problem !
   *** Trying to get *unstuck* using a push - expanding step to 1e-07 (mm) ...       Potential overlap in geometry !

*** This is just a warning message. ***
-------- WWWW -------- G4Exception-END --------- WWWW -------


-------- WWWW ------- G4Exception-START -------- WWWW -------
*** G4Exception : GeomNav1002
      issued by : G4Navigator::ComputeStep()
Stuck Track: potential geometry or navigation problem.
  Track stuck, not moving for 10 steps.
  Current  phys volume: 'Crystal'
   - at position : (-6.6380687083942,37.5172766045543,8.880352244592183)
     in direction: (-0.9832713316544646,-0.1739737861922598,0.05395007010547625)
    (local position: (-6.6380687083942,37.5172766045543,8.880352244592183))
    (local direction: (-0.9832713316544646,-0.1739737861922598,0.05395007010547625)).
  Previous phys volume: 'World'

  Likely geometry overlap - else navigation problem !
   *** Trying to get *unstuck* using a push - expanding step to 1e-07 (mm) ...       Potential overlap in geometry !

*** This is just a warning message. ***
-------- WWWW -------- G4Exception-END --------- WWWW -------


-------- WWWW ------- G4Exception-START -------- WWWW -------
*** G4Exception : GeomNav1002
      issued by : G4Navigator::ComputeStep()
Stuck Track: potential geometry or navigation problem.
  Track stuck, not moving for 10 steps.
  Current  phys volume: 'Crystal'
   - at position : (-33.8410413524043,-17.50411152229275,-16.5877182791713)
     in direction: (0.3443143664806235,-0.6656697027700068,-0.6620660570132997)
    (local position: (-33.8410413524043,-17.50411152229275,-16.5877182791713))
    (local direction: (0.3443143664806235,-0.6656697027700068,-0.6620660570132997)).
  Previous phys volume: 'World'

  Likely geometry overlap - else navigation problem !
   *** Trying to get *unstuck* using a push - expanding step to 1e-07 (mm) ...       Potential overlap in geometry !

*** This is just a warning message. ***
-------- WWWW -------- G4Exception-END --------- WWWW -------


-------- WWWW ------- G4Exception-START -------- WWWW -------
*** G4Exception : GeomNav1002
      issued by : G4Navigator::ComputeStep()
Stuck Track: potential geometry or navigation problem.
  Track stuck, not moving for 10 steps.
  Current  phys volume: 'Crystal'
   - at position : (-13.10258395423284,-35.77614140348677,-20.63791872575207)
     in direction: (0.9207142370703892,-0.3372005788163745,0.1964206285037121)
    (local position: (-13.10258395423284,-35.77614140348677,-20.63791872575207))
    (local direction: (0.9207142370703892,-0.3372005788163745,0.1964206285037121)).
  Previous phys volume: 'World'

  Likely geometry overlap - else navigation problem !
   *** Trying to get *unstuck* using a push - expanding step to 1e-07 (mm) ...       Potential overlap in geometry !

*** This is just a warning message. ***
-------- WWWW -------- G4Exception-END --------- WWWW -------


-------- WWWW ------- G4Exception-START -------- WWWW -------
*** G4Exception : GeomNav1002
      issued by : G4Navigator::ComputeStep()
Stuck Track: potential geometry or navigation problem.
  Track stuck, not moving for 10 steps.
  Current  phys volume: 'Crystal'
   - at position : (35.03704797311848,-14.96713965089504,-6.4960553771259)
     in direction: (-0.3726759719419869,-0.8724089045684225,0.3162519931428428)
    (local position: (35.03704797311848,-14.96713965089504,-6.4960553771259))
    (local direction: (-0.3726759719419869,-0.8724089045684225,0.3162519931428428)).
  Previous phys volume: 'World'

  Likely geometry overlap - else navigation problem !
   *** Trying to get *unstuck* using a push - expanding step to 1e-07 (mm) ...       Potential overlap in geometry !

*** This is just a warning message. ***
-------- WWWW -------- G4Exception-END --------- WWWW -------


-------- WWWW ------- G4Exception-START -------- WWWW -------
*** G4Exception : GeomNav1002
      issued by : G4Navigator::ComputeStep()
Stuck Track: potential geometry or navigation problem.
  Track stuck, not moving for 10 steps.
  Current  phys volume: 'Crystal'
   - at position : (33.43384728373432,18.26986195371852,21.81699487656228)
     in direction: (-0.4740360273430139,0.8674859276617937,-0.1508575821416048)
    (local position: (33.43384728373432,18.26986195371852,21.81699487656228))
    (local direction: (-0.4740360273430139,0.8674859276617937,-0.1508575821416048)).
  Previous phys volume: 'World'

  Likely geometry overlap - else navigation problem !
   *** Trying to get *unstuck* using a push - expanding step to 1e-07 (mm) ...       Potential overlap in geometry !

*** This is just a warning message. ***
-------- WWWW -------- G4Exception-END --------- WWWW -------


-------- WWWW ------- G4Exception-START -------- WWWW -------
*** G4Exception : GeomNav1002
      issued by : G4Navigator::ComputeStep()
Stuck Track: potential geometry or navigation problem.
  Track stuck, not moving for 10 steps.
  Current  phys volume: 'Crystal'
   - at position : (-19.264290166865,32.87091608651679,4.429172010416996)
     in direction: (0.861807108667986,0.5050696538408003,-0.04683110310958263)
    (local position: (-19.264290166865,32.87091608651679,4.429172010416996))
    (local direction: (0.861807108667986,0.5050696538408003,-0.04683110310958263)).
  Previous phys volume: 'World'

  Likely geometry overlap - else navigation problem !
   *** Trying to get *unstuck* using a push - expanding step to 1e-07 (mm) ...       Potential overlap in geometry !

*** This is just a warning message. ***
-------- WWWW -------- G4Exception-END --------- WWWW -------


-------- WWWW ------- G4Exception-START -------- WWWW -------
*** G4Exception : GeomNav1002
      issued by : G4Navigator::ComputeStep()
Stuck Track: potential geometry or navigation problem.
  Track stuck, not moving for 10 steps.
  Current  phys volume: 'Crystal'
   - at position : (19.47145896231917,32.74862265620831,20.53279923602105)
     in direction: (0.8510197936948085,-0.5059937073691994,0.1404837315934431)
    (local position: (19.47145896231917,32.74862265620831,20.53279923602105))
    (local direction: (0.8510197936948085,-0.5059937073691994,0.1404837315934431)).
  Previous phys volume: 'World'

  Likely geometry overlap - else navigation problem !
   *** Trying to get *unstuck* using a push - expanding step to 1e-07 (mm) ...       Potential overlap in geometry !

*** This is just a warning message. ***
-------- WWWW -------- G4Exception-END --------- WWWW -------


-------- WWWW ------- G4Exception-START -------- WWWW -------
*** G4Exception : GeomNav1002
      issued by : G4Navigator::ComputeStep()
Stuck Track: potential geometry or navigation problem.
  Track stuck, not moving for 10 steps.
  Current  phys volume: 'Crystal'
   - at position : (-29.21658099381969,24.45406704480001,-3.601985582887018)
     in direction: (0.6258497881949314,0.7477361942806292,0.221816650364847)
    (local position: (-29.21658099381969,24.45406704480001,-3.601985582887018))
    (local direction: (0.6258497881949314,0.7477361942806292,0.221816650364847)).
  Previous phys volume: 'World'

  Likely geometry overlap - else navigation problem !
   *** Trying to get *unstuck* using a push - expanding step to 1e-07 (mm) ...       Potential overlap in geometry !

*** This is just a warning message. ***
-------- WWWW -------- G4Exception-END --------- WWWW -------


-------- WWWW ------- G4Exception-START -------- WWWW -------
*** G4Exception : GeomNav1002
      issued by : G4Navigator::ComputeStep()
Stuck Track: potential geometry or navigation problem.
  Track stuck, not moving for 10 steps.
  Current  phys volume: 'Crystal'
   - at position : (-1.202521744030199,-38.08101812524364,-16.17183884802607)
     in direction: (-0.7536767912941232,0.023799592923733,-0.6568141850183045)
    (local position: (-1.202521744030199,-38.08101812524364,-16.17183884802607))
    (local direction: (-0.7536767912941232,0.023799592923733,-0.6568141850183045)).
  Previous phys volume: 'World'

  Likely geometry overlap - else navigation problem !
   *** Trying to get *unstuck* using a push - expanding step to 1e-07 (mm) ...       Potential overlap in geometry !

*** This is just a warning message. ***
-------- WWWW -------- G4Exception-END --------- WWWW -------


=== run summary ===
events: 150
geometry: crystal=cylinder d=76.2mm L=76.2mm surface=polished/teflon/air reflectivity=0.99 (polishedteflonair, model=lut) coupling=grease n=1.465 readout=76.2mm
output: /work/runs_scratch/diag/noopt.csv
===================
