
**************************************************************
 Geant4 version Name: geant4-11-04-patch-02 [MT]   (12-June-2026)
                       Copyright : Geant4 Collaboration
                      References : NIM A 506 (2003), 250-303
                                 : IEEE-TNS 53 (2006), 270-278
                                 : NIM A 835 (2016), 186-225
                             WWW : http://geant4.org/
**************************************************************

Checking overlaps for volume Crystal:0 (G4Tubs) ... OK! 
Checking overlaps for volume Coupling:0 (G4Tubs) ... OK! 
Checking overlaps for volume Photodetector:0 (G4Tubs) ... OK! 
G4OpticalSurface: data file /opt/geant4/share/Geant4/data/RealSurface2.2/PolishedTeflon.z successfully read in.
LUT - data file: PolishedTeflon.z read in! 
[geometry] crystal=cylinder d=76.2mm L=76.2mm surface=polished/teflon/air reflectivity=0.99 (polishedteflonair, model=lut) coupling=grease n=1.465 readout=76.2mm
[material] materials/NaI_Tl.dat
### Birks coefficients used in run time
=======================================================================
======                 Electromagnetic Physics Parameters      ========
=======================================================================
LPM effect enabled                                 1
Enable creation and use of sampling tables         0
Apply cuts on all EM processes                     0
Use combined TransportationWithMsc                 Disabled
Use general process                                1
Enable linear polarisation for gamma               0
Enable photoeffect sampling below K-shell          1
Enable sampling of quantum entanglement            0
X-section factor for integral approach             0.8
Min kinetic energy for tables                      100 eV 
Max kinetic energy for tables                      100 TeV
Number of bins per decade of a table               20
Verbose level                                      1
Verbose level for worker thread                    0
Bremsstrahlung energy threshold above which 
  primary e+- is added to the list of secondary    100 TeV
Bremsstrahlung energy threshold above which primary
  muon/hadron is added to the list of secondary    100 TeV
Positron annihilation at rest model                AllisonPositronium
Enable 3 gamma annihilation on fly                 1
Lowest triplet kinetic energy                      1 MeV
Enable sampling of gamma linear polarisation       0
5D gamma conversion model type                     0
5D gamma conversion model on isolated ion          0
Use RiGe 5D e+e- pair production model by muons    0
Livermore data directory                           epics_2017
=======================================================================
======                 Ionisation Parameters                   ========
=======================================================================
Step function for e+-                              (0.2, 0.01 mm)
Step function for muons/hadrons                    (0.1, 0.05 mm)
Step function for light ions                       (0.1, 0.02 mm)
Step function for general ions                     (0.1, 0.001 mm)
Lowest e+e- kinetic energy                         100 eV 
Lowest muon/hadron kinetic energy                  1 keV
Use ICRU90 data                                    1
Fluctuations of dE/dx are enabled                  1
Type of fluctuation model for leptons and hadrons  Urban
Use built-in Birks saturation                      1
Build CSDA range enabled                           0
Use cut as a final range enabled                   0
Enable angular generator interface                 1
Max kinetic energy for CSDA tables                 1 GeV
Max kinetic energy for NIEL computation            1 MeV
Linear loss limit                                  0.01
Read data from file for e+e- pair production by mu 0
=======================================================================
======                 Multiple Scattering Parameters          ========
=======================================================================
Type of msc step limit algorithm for e+-           2
Type of msc step limit algorithm for muons/hadrons 0
Msc lateral displacement for e+- enabled           1
Msc lateral displacement for muons and hadrons     1
Urban msc model lateral displacement alg96         1
Range factor for msc step limit for e+-            0.08
Range factor for msc step limit for muons/hadrons  0.2
Geometry factor for msc step limitation of e+-     2.5
Safety factor for msc step limit for e+-           0.6
Skin parameter for msc step limitation of e+-      3
Lambda limit for msc step limit for e+-            1 mm
Use Mott correction for e- scattering              1
Factor used for dynamic computation of angular 
  limit between single and multiple scattering     1
Fixed angular limit between single 
  and multiple scattering                          3.1416 rad
Upper energy limit for e+- multiple scattering     100 MeV
Type of electron single scattering model           0
Type of nuclear form-factor                        1
Screening factor                                   1
=======================================================================
======                 Atomic Deexcitation Parameters          ========
=======================================================================
Fluorescence enabled                               1
Directory in G4LEDATA for fluorescence data files  fluor
Auger electron cascade enabled                     0
PIXE atomic de-excitation enabled                  0
De-excitation module ignores cuts                  0
Type of PIXE cross section for hadrons             Empirical
Type of PIXE cross section for e+-                 Livermore
=======================================================================

### ===  Deexcitation model UAtomDeexcitation is activated for 1 region:
          DefaultRegionForTheWorld  1  0  0
### ===  Ignore cuts flag:   0

phot:  for gamma SubType=12 BuildTable=0
      LambdaPrime table from 200 keV to 100 TeV in 174 bins 
      ===== EM models for the G4Region  DefaultRegionForTheWorld ======
 LivermorePhElectric : Emin=    0 eV  Emax=  100 TeV  SauterGavrila Fluo

compt:  for gamma SubType=13 BuildTable=1
      Lambda table from 100 eV  to 1 MeV, 20 bins/decade, spline: 1
      LambdaPrime table from 1 MeV to 100 TeV in 160 bins 
      ===== EM models for the G4Region  DefaultRegionForTheWorld ======
   LowEPComptonModel : Emin=    0 eV  Emax=   20 MeV Fluo
        KleinNishina : Emin=   20 MeV Emax=  100 TeV Fluo

conv:  for gamma SubType=14 BuildTable=1
      Lambda table from 1.022 MeV to 100 TeV, 20 bins/decade, spline: 1
      ===== EM models for the G4Region  DefaultRegionForTheWorld ======
      BetheHeitler5D : Emin=    0 eV  Emax=  100 TeV  ModifiedTsai

Rayl:  for gamma SubType=11 BuildTable=1
      Lambda table from 100 eV  to 150 keV, 20 bins/decade, spline: 0
      LambdaPrime table from 150 keV to 100 TeV in 176 bins 
      ===== EM models for the G4Region  DefaultRegionForTheWorld ======
   LivermoreRayleigh : Emin=    0 eV  Emax=  100 TeV  CullenGenerator

msc:  for e-  SubType= 10
      ===== EM models for the G4Region  DefaultRegionForTheWorld ======
  GoudsmitSaunderson : Emin=    0 eV  Emax=  100 MeV Nbins=120 100 eV  - 100 MeV
          StepLim=SafetyPlus Rfact=0.08 Gfact=2.5 Sfact=0.6 DispFlag:1 Skin=3 Llim=1 mm
        WentzelVIUni : Emin=  100 MeV Emax=  100 TeV Nbins=120 100 MeV - 100 TeV
          StepLim=SafetyPlus Rfact=0.08 Gfact=2.5 Sfact=0.6 DispFlag:1 Skin=3 Llim=1 mm

eIoni:  for e-  XStype:3  SubType=2
      dE/dx and range tables from 100 eV  to 100 TeV in 240 bins
      Lambda tables from threshold to 100 TeV, 20 bins/decade, spline: 1
      StepFunction=(0.2, 0.01 mm), integ: 3, fluct: 1, linLossLim= 0.01
      ===== EM models for the G4Region  DefaultRegionForTheWorld ======
             PenIoni : Emin=    0 eV  Emax=  100 keV
        MollerBhabha : Emin=  100 keV Emax=  100 TeV  deltaVI

eBrem:  for e-  XStype:4  SubType=3
      dE/dx and range tables from 100 eV  to 100 TeV in 240 bins
      Lambda tables from threshold to 100 TeV, 20 bins/decade, spline: 1
      LPM flag: 1 for E > 1 GeV,  VertexHighEnergyTh(GeV)= 100000
      ===== EM models for the G4Region  DefaultRegionForTheWorld ======
             eBremSB : Emin=    0 eV  Emax=    1 GeV  AngularGen2BS
            eBremLPM : Emin=    1 GeV Emax=  100 TeV  AngularGen2BS

ePairProd:  for e-  XStype:1  SubType=4
      dE/dx and range tables from 100 eV  to 100 TeV in 240 bins
      Lambda tables from threshold to 100 TeV, 20 bins/decade, spline: 0
      Sampling table 25x1001; from 0.1 GeV to 100 TeV 
      ===== EM models for the G4Region  DefaultRegionForTheWorld ======
           ePairProd : Emin=    0 eV  Emax=  100 TeV  ModifiedMephi

CoulombScat:  for e- XStype:1 SubType=1 BuildTable=1
      Lambda table from 100 MeV to 100 TeV, 20 bins/decade, spline: 0
      ThetaMin(p) < Theta(degree) < 180, pLimit(GeV^1)= 0.139531
      ===== EM models for the G4Region  DefaultRegionForTheWorld ======
  eCoulombScattering : Emin=  100 MeV Emax=  100 TeV

msc:  for e+  SubType= 10
      ===== EM models for the G4Region  DefaultRegionForTheWorld ======
  GoudsmitSaunderson : Emin=    0 eV  Emax=  100 MeV Nbins=120 100 eV  - 100 MeV
          StepLim=SafetyPlus Rfact=0.08 Gfact=2.5 Sfact=0.6 DispFlag:1 Skin=3 Llim=1 mm
        WentzelVIUni : Emin=  100 MeV Emax=  100 TeV Nbins=120 100 MeV - 100 TeV
          StepLim=SafetyPlus Rfact=0.08 Gfact=2.5 Sfact=0.6 DispFlag:1 Skin=3 Llim=1 mm

eIoni:  for e+  XStype:3  SubType=2
      dE/dx and range tables from 100 eV  to 100 TeV in 240 bins
      Lambda tables from threshold to 100 TeV, 20 bins/decade, spline: 1
      StepFunction=(0.2, 0.01 mm), integ: 3, fluct: 1, linLossLim= 0.01
      ===== EM models for the G4Region  DefaultRegionForTheWorld ======
             PenIoni : Emin=    0 eV  Emax=  100 keV
        MollerBhabha : Emin=  100 keV Emax=  100 TeV  deltaVI

eBrem:  for e+  XStype:4  SubType=3
      dE/dx and range tables from 100 eV  to 100 TeV in 240 bins
      Lambda tables from threshold to 100 TeV, 20 bins/decade, spline: 1
      LPM flag: 1 for E > 1 GeV,  VertexHighEnergyTh(GeV)= 100000
      ===== EM models for the G4Region  DefaultRegionForTheWorld ======
             eBremSB : Emin=    0 eV  Emax=    1 GeV  AngularGen2BS
            eBremLPM : Emin=    1 GeV Emax=  100 TeV  AngularGen2BS

ePairProd:  for e+  XStype:1  SubType=4
      dE/dx and range tables from 100 eV  to 100 TeV in 240 bins
      Lambda tables from threshold to 100 TeV, 20 bins/decade, spline: 0
      Sampling table 25x1001; from 0.1 GeV to 100 TeV 
      ===== EM models for the G4Region  DefaultRegionForTheWorld ======
           ePairProd : Emin=    0 eV  Emax=  100 TeV  ModifiedMephi

annihil:  for e+ XStype:2 SubType=5 AtRestModel:Allison BuildTable=0
      ===== EM models for the G4Region  DefaultRegionForTheWorld ======
    eplusTo2or3gamma : Emin=    0 eV  Emax=  100 TeV

CoulombScat:  for e+ XStype:1 SubType=1 BuildTable=1
      Lambda table from 100 MeV to 100 TeV, 20 bins/decade, spline: 0
      ThetaMin(p) < Theta(degree) < 180, pLimit(GeV^1)= 0.139531
      ===== EM models for the G4Region  DefaultRegionForTheWorld ======
  eCoulombScattering : Emin=  100 MeV Emax=  100 TeV

msc:  for proton  SubType= 10
      ===== EM models for the G4Region  DefaultRegionForTheWorld ======
        WentzelVIUni : Emin=    0 eV  Emax=  100 TeV Nbins=240 100 eV  - 100 TeV
          StepLim=Minimal Rfact=0.2 Gfact=2.5 Sfact=0.6 DispFlag:1 Skin=3 Llim=1 mm

hIoni:  for proton  XStype:3  SubType=2
      dE/dx and range tables from 100 eV  to 100 TeV in 240 bins
      Lambda tables from threshold to 100 TeV, 20 bins/decade, spline: 1
      StepFunction=(0.1, 0.05 mm), integ: 3, fluct: 1, linLossLim= 0.01
      ===== EM models for the G4Region  DefaultRegionForTheWorld ======
               Bragg : Emin=    0 eV  Emax=    2 MeV  deltaVI
          BetheBloch : Emin=    2 MeV Emax=  100 TeV  deltaVI

hBrems:  for proton  XStype:1  SubType=3
      dE/dx and range tables from 100 eV  to 100 TeV in 240 bins
      Lambda tables from threshold to 100 TeV, 20 bins/decade, spline: 1
      ===== EM models for the G4Region  DefaultRegionForTheWorld ======
               hBrem : Emin=    0 eV  Emax=  100 TeV  ModifiedMephi

hPairProd:  for proton  XStype:1  SubType=4
      dE/dx and range tables from 100 eV  to 100 TeV in 240 bins
      Lambda tables from threshold to 100 TeV, 20 bins/decade, spline: 1
      Sampling table 17x1001, from 7.50618 GeV to 100 TeV 
      ===== EM models for the G4Region  DefaultRegionForTheWorld ======
           hPairProd : Emin=    0 eV  Emax=  100 TeV  ModifiedMephi

CoulombScat:  for proton XStype:1 SubType=1 BuildTable=1
      Lambda table from threshold  to 100 TeV, 20 bins/decade, spline: 0
      ThetaMin(p) < Theta(degree) < 180, pLimit(GeV^1)= 0.139531
      ===== EM models for the G4Region  DefaultRegionForTheWorld ======
  eCoulombScattering : Emin=    0 eV  Emax=  100 TeV

nuclearStopping:  for proton SubType=8 BuildTable=0
      ===== EM models for the G4Region  DefaultRegionForTheWorld ======
   ICRU49NucStopping : Emin=    0 eV  Emax=    1 MeV

msc:  for GenericIon  SubType= 10
      ===== EM models for the G4Region  DefaultRegionForTheWorld ======
            UrbanMsc : Emin=    0 eV  Emax=  100 TeV
          StepLim=Minimal Rfact=0.2 Gfact=2.5 Sfact=0.6 DispFlag:1 Skin=3 Llim=1 mm

ionIoni:  for GenericIon  XStype:3  SubType=2
      dE/dx and range tables from 100 eV  to 100 TeV in 240 bins
      Lambda tables from threshold to 100 TeV, 20 bins/decade, spline: 1
      StepFunction=(0.1, 0.001 mm), integ: 3, fluct: 1, linLossLim= 0.02
      ===== EM models for the G4Region  DefaultRegionForTheWorld ======
    LindhardSorensen : Emin=    0 eV  Emax=  100 TeV  deltaVI

nuclearStopping:  for GenericIon SubType=8 BuildTable=0
      ===== EM models for the G4Region  DefaultRegionForTheWorld ======
   ICRU49NucStopping : Emin=    0 eV  Emax=    1 MeV

msc:  for alpha  SubType= 10
      ===== EM models for the G4Region  DefaultRegionForTheWorld ======
            UrbanMsc : Emin=    0 eV  Emax=  100 TeV
          StepLim=Minimal Rfact=0.2 Gfact=2.5 Sfact=0.6 DispFlag:1 Skin=3 Llim=1 mm

ionIoni:  for alpha  XStype:3  SubType=2
      dE/dx and range tables from 100 eV  to 100 TeV in 240 bins
      Lambda tables from threshold to 100 TeV, 20 bins/decade, spline: 1
      StepFunction=(0.1, 0.02 mm), integ: 3, fluct: 1, linLossLim= 0.02
      ===== EM models for the G4Region  DefaultRegionForTheWorld ======
            BraggIon : Emin=    0 eV  Emax=7.9452 MeV  deltaVI
          BetheBloch : Emin=7.9452 MeV Emax=  100 TeV  deltaVI

nuclearStopping:  for alpha SubType=8 BuildTable=0
      ===== EM models for the G4Region  DefaultRegionForTheWorld ======
   ICRU49NucStopping : Emin=    0 eV  Emax=    1 MeV

msc:  for anti_proton  SubType= 10
      ===== EM models for the G4Region  DefaultRegionForTheWorld ======
        WentzelVIUni : Emin=    0 eV  Emax=  100 TeV Nbins=240 100 eV  - 100 TeV
          StepLim=Minimal Rfact=0.2 Gfact=2.5 Sfact=0.6 DispFlag:1 Skin=3 Llim=1 mm

hIoni:  for anti_proton  XStype:3  SubType=2
      dE/dx and range tables from 100 eV  to 100 TeV in 240 bins
      Lambda tables from threshold to 100 TeV, 20 bins/decade, spline: 1
      StepFunction=(0.1, 0.05 mm), integ: 3, fluct: 1, linLossLim= 0.01
      ===== EM models for the G4Region  DefaultRegionForTheWorld ======
            ICRU73QO : Emin=    0 eV  Emax=    2 MeV  deltaVI
          BetheBloch : Emin=    2 MeV Emax=  100 TeV  deltaVI

hBrems:  for anti_proton  XStype:1  SubType=3
      dE/dx and range tables from 100 eV  to 100 TeV in 240 bins
      Lambda tables from threshold to 100 TeV, 20 bins/decade, spline: 1
      ===== EM models for the G4Region  DefaultRegionForTheWorld ======
               hBrem : Emin=    0 eV  Emax=  100 TeV  ModifiedMephi

hPairProd:  for anti_proton  XStype:1  SubType=4
      dE/dx and range tables from 100 eV  to 100 TeV in 240 bins
      Lambda tables from threshold to 100 TeV, 20 bins/decade, spline: 1
      Sampling table 17x1001, from 7.50618 GeV to 100 TeV 
      ===== EM models for the G4Region  DefaultRegionForTheWorld ======
           hPairProd : Emin=    0 eV  Emax=  100 TeV  ModifiedMephi

CoulombScat:  for anti_proton XStype:1 SubType=1 BuildTable=1
      Lambda table from threshold  to 100 TeV, 20 bins/decade, spline: 0
      ThetaMin(p) < Theta(degree) < 180, pLimit(GeV^1)= 0.139531
      ===== EM models for the G4Region  DefaultRegionForTheWorld ======
  eCoulombScattering : Emin=    0 eV  Emax=  100 TeV

msc:  for kaon+  SubType= 10
      ===== EM models for the G4Region  DefaultRegionForTheWorld ======
        WentzelVIUni : Emin=    0 eV  Emax=  100 TeV Nbins=240 100 eV  - 100 TeV
          StepLim=Minimal Rfact=0.2 Gfact=2.5 Sfact=0.6 DispFlag:1 Skin=3 Llim=1 mm

hIoni:  for kaon+  XStype:3  SubType=2
      dE/dx and range tables from 100 eV  to 100 TeV in 240 bins
      Lambda tables from threshold to 100 TeV, 20 bins/decade, spline: 1
      StepFunction=(0.1, 0.05 mm), integ: 3, fluct: 1, linLossLim= 0.01
      ===== EM models for the G4Region  DefaultRegionForTheWorld ======
               Bragg : Emin=    0 eV  Emax=1.05231 MeV  deltaVI
          BetheBloch : Emin=1.05231 MeV Emax=  100 TeV  deltaVI

hBrems:  for kaon+  XStype:1  SubType=3
      dE/dx and range tables from 100 eV  to 100 TeV in 240 bins
      Lambda tables from threshold to 100 TeV, 20 bins/decade, spline: 1
      ===== EM models for the G4Region  DefaultRegionForTheWorld ======
               hBrem : Emin=    0 eV  Emax=  100 TeV  ModifiedMephi

hPairProd:  for kaon+  XStype:1  SubType=4
      dE/dx and range tables from 100 eV  to 100 TeV in 240 bins
      Lambda tables from threshold to 100 TeV, 20 bins/decade, spline: 1
      Sampling table 18x1001, from 3.94942 GeV to 100 TeV 
      ===== EM models for the G4Region  DefaultRegionForTheWorld ======
           hPairProd : Emin=    0 eV  Emax=  100 TeV  ModifiedMephi

CoulombScat:  for kaon+ XStype:1 SubType=1 BuildTable=1
      Lambda table from threshold  to 100 TeV, 20 bins/decade, spline: 0
      ThetaMin(p) < Theta(degree) < 180, pLimit(GeV^1)= 0.139531
      ===== EM models for the G4Region  DefaultRegionForTheWorld ======
  eCoulombScattering : Emin=    0 eV  Emax=  100 TeV

msc:  for kaon-  SubType= 10
      ===== EM models for the G4Region  DefaultRegionForTheWorld ======
        WentzelVIUni : Emin=    0 eV  Emax=  100 TeV Nbins=240 100 eV  - 100 TeV
          StepLim=Minimal Rfact=0.2 Gfact=2.5 Sfact=0.6 DispFlag:1 Skin=3 Llim=1 mm

hIoni:  for kaon-  XStype:3  SubType=2
      dE/dx and range tables from 100 eV  to 100 TeV in 240 bins
      Lambda tables from threshold to 100 TeV, 20 bins/decade, spline: 1
      StepFunction=(0.1, 0.05 mm), integ: 3, fluct: 1, linLossLim= 0.01
      ===== EM models for the G4Region  DefaultRegionForTheWorld ======
            ICRU73QO : Emin=    0 eV  Emax=1.05231 MeV  deltaVI
          BetheBloch : Emin=1.05231 MeV Emax=  100 TeV  deltaVI

hBrems:  for kaon-  XStype:1  SubType=3
      dE/dx and range tables from 100 eV  to 100 TeV in 240 bins
      Lambda tables from threshold to 100 TeV, 20 bins/decade, spline: 1
      ===== EM models for the G4Region  DefaultRegionForTheWorld ======
               hBrem : Emin=    0 eV  Emax=  100 TeV  ModifiedMephi

hPairProd:  for kaon-  XStype:1  SubType=4
      dE/dx and range tables from 100 eV  to 100 TeV in 240 bins
      Lambda tables from threshold to 100 TeV, 20 bins/decade, spline: 1
      Sampling table 18x1001, from 3.94942 GeV to 100 TeV 
      ===== EM models for the G4Region  DefaultRegionForTheWorld ======
           hPairProd : Emin=    0 eV  Emax=  100 TeV  ModifiedMephi

CoulombScat:  for kaon- XStype:1 SubType=1 BuildTable=1
      Used Lambda table of kaon+
      ThetaMin(p) < Theta(degree) < 180, pLimit(GeV^1)= 0.139531
      ===== EM models for the G4Region  DefaultRegionForTheWorld ======
  eCoulombScattering : Emin=    0 eV  Emax=  100 TeV

msc:  for mu+  SubType= 10
      ===== EM models for the G4Region  DefaultRegionForTheWorld ======
        WentzelVIUni : Emin=    0 eV  Emax=  100 TeV Nbins=240 100 eV  - 100 TeV
          StepLim=Minimal Rfact=0.2 Gfact=2.5 Sfact=0.6 DispFlag:1 Skin=3 Llim=1 mm

muIoni:  for mu+  XStype:3  SubType=2
      dE/dx and range tables from 100 eV  to 100 TeV in 240 bins
      Lambda tables from threshold to 100 TeV, 20 bins/decade, spline: 1
      StepFunction=(0.1, 0.05 mm), integ: 3, fluct: 1, linLossLim= 0.01
      ===== EM models for the G4Region  DefaultRegionForTheWorld ======
               Bragg : Emin=    0 eV  Emax=  200 keV  deltaVI
        MuBetheBloch : Emin=  200 keV Emax=  100 TeV  deltaVI

muBrems:  for mu+  XStype:1  SubType=3
      dE/dx and range tables from 100 eV  to 100 TeV in 240 bins
      Lambda tables from threshold to 100 TeV, 20 bins/decade, spline: 1
      ===== EM models for the G4Region  DefaultRegionForTheWorld ======
              MuBrem : Emin=    0 eV  Emax=  100 TeV  ModifiedMephi

muPairProd:  for mu+  XStype:1  SubType=4
      dE/dx and range tables from 100 eV  to 100 TeV in 240 bins
      Lambda tables from threshold to 100 TeV, 20 bins/decade, spline: 1
      Sampling table 21x1001, from 0.85 GeV to 100 TeV 
      ===== EM models for the G4Region  DefaultRegionForTheWorld ======
          muPairProd : Emin=    0 eV  Emax=  100 TeV  ModifiedMephi

CoulombScat:  for mu+ XStype:1 SubType=1 BuildTable=1
      Lambda table from threshold  to 100 TeV, 20 bins/decade, spline: 0
      ThetaMin(p) < Theta(degree) < 180, pLimit(GeV^1)= 0.139531
      ===== EM models for the G4Region  DefaultRegionForTheWorld ======
  eCoulombScattering : Emin=    0 eV  Emax=  100 TeV

msc:  for mu-  SubType= 10
      ===== EM models for the G4Region  DefaultRegionForTheWorld ======
        WentzelVIUni : Emin=    0 eV  Emax=  100 TeV Nbins=240 100 eV  - 100 TeV
          StepLim=Minimal Rfact=0.2 Gfact=2.5 Sfact=0.6 DispFlag:1 Skin=3 Llim=1 mm

muIoni:  for mu-  XStype:3  SubType=2
      dE/dx and range tables from 100 eV  to 100 TeV in 240 bins
      Lambda tables from threshold to 100 TeV, 20 bins/decade, spline: 1
      StepFunction=(0.1, 0.05 mm), integ: 3, fluct: 1, linLossLim= 0.01
      ===== EM models for the G4Region  DefaultRegionForTheWorld ======
            ICRU73QO : Emin=    0 eV  Emax=  200 keV  deltaVI
        MuBetheBloch : Emin=  200 keV Emax=  100 TeV  deltaVI

muBrems:  for mu-  XStype:1  SubType=3
      dE/dx and range tables from 100 eV  to 100 TeV in 240 bins
      Lambda tables from threshold to 100 TeV, 20 bins/decade, spline: 1
      ===== EM models for the G4Region  DefaultRegionForTheWorld ======
              MuBrem : Emin=    0 eV  Emax=  100 TeV  ModifiedMephi

muPairProd:  for mu-  XStype:1  SubType=4
      dE/dx and range tables from 100 eV  to 100 TeV in 240 bins
      Lambda tables from threshold to 100 TeV, 20 bins/decade, spline: 1
      Sampling table 21x1001, from 0.85 GeV to 100 TeV 
      ===== EM models for the G4Region  DefaultRegionForTheWorld ======
          muPairProd : Emin=    0 eV  Emax=  100 TeV  ModifiedMephi

CoulombScat:  for mu- XStype:1 SubType=1 BuildTable=1
      Used Lambda table of mu+
      ThetaMin(p) < Theta(degree) < 180, pLimit(GeV^1)= 0.139531
      ===== EM models for the G4Region  DefaultRegionForTheWorld ======
  eCoulombScattering : Emin=    0 eV  Emax=  100 TeV

msc:  for pi+  SubType= 10
      ===== EM models for the G4Region  DefaultRegionForTheWorld ======
        WentzelVIUni : Emin=    0 eV  Emax=  100 TeV Nbins=240 100 eV  - 100 TeV
          StepLim=Minimal Rfact=0.2 Gfact=2.5 Sfact=0.6 DispFlag:1 Skin=3 Llim=1 mm

hIoni:  for pi+  XStype:3  SubType=2
      dE/dx and range tables from 100 eV  to 100 TeV in 240 bins
      Lambda tables from threshold to 100 TeV, 20 bins/decade, spline: 1
      StepFunction=(0.1, 0.05 mm), integ: 3, fluct: 1, linLossLim= 0.01
      ===== EM models for the G4Region  DefaultRegionForTheWorld ======
               Bragg : Emin=    0 eV  Emax=297.505 keV  deltaVI
          BetheBloch : Emin=297.505 keV Emax=  100 TeV  deltaVI

hBrems:  for pi+  XStype:1  SubType=3
      dE/dx and range tables from 100 eV  to 100 TeV in 240 bins
      Lambda tables from threshold to 100 TeV, 20 bins/decade, spline: 1
      ===== EM models for the G4Region  DefaultRegionForTheWorld ======
               hBrem : Emin=    0 eV  Emax=  100 TeV  ModifiedMephi

hPairProd:  for pi+  XStype:1  SubType=4
      dE/dx and range tables from 100 eV  to 100 TeV in 240 bins
      Lambda tables from threshold to 100 TeV, 20 bins/decade, spline: 1
      Sampling table 20x1001, from 1.11656 GeV to 100 TeV 
      ===== EM models for the G4Region  DefaultRegionForTheWorld ======
           hPairProd : Emin=    0 eV  Emax=  100 TeV  ModifiedMephi

CoulombScat:  for pi+ XStype:1 SubType=1 BuildTable=1
      Lambda table from threshold  to 100 TeV, 20 bins/decade, spline: 0
      ThetaMin(p) < Theta(degree) < 180, pLimit(GeV^1)= 0.139531
      ===== EM models for the G4Region  DefaultRegionForTheWorld ======
  eCoulombScattering : Emin=    0 eV  Emax=  100 TeV

msc:  for pi-  SubType= 10
      ===== EM models for the G4Region  DefaultRegionForTheWorld ======
        WentzelVIUni : Emin=    0 eV  Emax=  100 TeV Nbins=240 100 eV  - 100 TeV
          StepLim=Minimal Rfact=0.2 Gfact=2.5 Sfact=0.6 DispFlag:1 Skin=3 Llim=1 mm

hIoni:  for pi-  XStype:3  SubType=2
      dE/dx and range tables from 100 eV  to 100 TeV in 240 bins
      Lambda tables from threshold to 100 TeV, 20 bins/decade, spline: 1
      StepFunction=(0.1, 0.05 mm), integ: 3, fluct: 1, linLossLim= 0.01
      ===== EM models for the G4Region  DefaultRegionForTheWorld ======
            ICRU73QO : Emin=    0 eV  Emax=297.505 keV  deltaVI
          BetheBloch : Emin=297.505 keV Emax=  100 TeV  deltaVI

hBrems:  for pi-  XStype:1  SubType=3
      dE/dx and range tables from 100 eV  to 100 TeV in 240 bins
      Lambda tables from threshold to 100 TeV, 20 bins/decade, spline: 1
      ===== EM models for the G4Region  DefaultRegionForTheWorld ======
               hBrem : Emin=    0 eV  Emax=  100 TeV  ModifiedMephi

hPairProd:  for pi-  XStype:1  SubType=4
      dE/dx and range tables from 100 eV  to 100 TeV in 240 bins
      Lambda tables from threshold to 100 TeV, 20 bins/decade, spline: 1
      Sampling table 20x1001, from 1.11656 GeV to 100 TeV 
      ===== EM models for the G4Region  DefaultRegionForTheWorld ======
           hPairProd : Emin=    0 eV  Emax=  100 TeV  ModifiedMephi

CoulombScat:  for pi- XStype:1 SubType=1 BuildTable=1
      Used Lambda table of pi+
      ThetaMin(p) < Theta(degree) < 180, pLimit(GeV^1)= 0.139531
      ===== EM models for the G4Region  DefaultRegionForTheWorld ======
  eCoulombScattering : Emin=    0 eV  Emax=  100 TeV

-------- WWWW ------- G4Exception-START -------- WWWW -------
*** G4Exception : GeomNav1002
      issued by : G4Navigator::ComputeStep()
Stuck Track: potential geometry or navigation problem.
  Track stuck, not moving for 10 steps.
  Current  phys volume: 'Crystal'
   - at position : (27.23233110573461,26.64601550978381,-7.623258717051591)
     in direction: (-0.699254254356498,0.7146405575999834,-0.018230776108628)
    (local position: (27.23233110573461,26.64601550978381,-7.623258717051591))
    (local direction: (-0.699254254356498,0.7146405575999834,-0.018230776108628)).
  Previous phys volume: 'World'

  Likely geometry overlap - else navigation problem !
   *** Trying to get *unstuck* using a push - expanding step to 1e-07 (mm) ...       Potential overlap in geometry !

*** This is just a warning message. ***
-------- WWWW -------- G4Exception-END --------- WWWW -------


-------- WWWW ------- G4Exception-START -------- WWWW -------
*** G4Exception : GeomNav1002
      issued by : G4Navigator::ComputeStep()
Stuck Track: potential geometry or navigation problem.
  Track stuck, not moving for 10 steps.
  Current  phys volume: 'Crystal'
   - at position : (31.00337379906652,-22.14499521506735,3.854530149545284)
     in direction: (0.535789107304363,0.7501139562190157,0.3876326678434759)
    (local position: (31.00337379906652,-22.14499521506735,3.854530149545284))
    (local direction: (0.535789107304363,0.7501139562190157,0.3876326678434759)).
  Previous phys volume: 'World'

  Likely geometry overlap - else navigation problem !
   *** Trying to get *unstuck* using a push - expanding step to 1e-07 (mm) ...       Potential overlap in geometry !

*** This is just a warning message. ***
-------- WWWW -------- G4Exception-END --------- WWWW -------


-------- WWWW ------- G4Exception-START -------- WWWW -------
*** G4Exception : GeomNav1002
      issued by : G4Navigator::ComputeStep()
Stuck Track: potential geometry or navigation problem.
  Track stuck, not moving for 10 steps.
  Current  phys volume: 'Crystal'
   - at position : (-36.94175555578629,-9.322912444967642,17.07827712634958)
     in direction: (0.2445095753705552,-0.9688617175916752,0.03901332768965242)
    (local position: (-36.94175555578629,-9.322912444967642,17.07827712634958))
    (local direction: (0.2445095753705552,-0.9688617175916752,0.03901332768965242)).
  Previous phys volume: 'World'

  Likely geometry overlap - else navigation problem !
   *** Trying to get *unstuck* using a push - expanding step to 1e-07 (mm) ...       Potential overlap in geometry !

*** This is just a warning message. ***
-------- WWWW -------- G4Exception-END --------- WWWW -------


-------- WWWW ------- G4Exception-START -------- WWWW -------
*** G4Exception : GeomNav1002
      issued by : G4Navigator::ComputeStep()
Stuck Track: potential geometry or navigation problem.
  Track stuck, not moving for 10 steps.
  Current  phys volume: 'Crystal'
   - at position : (-25.29105593905262,28.49513097860249,9.981424590549013)
     in direction: (0.7461632073996374,0.6622624557219237,-0.06818289862020334)
    (local position: (-25.29105593905262,28.49513097860249,9.981424590549013))
    (local direction: (0.7461632073996374,0.6622624557219237,-0.06818289862020334)).
  Previous phys volume: 'World'

  Likely geometry overlap - else navigation problem !
   *** Trying to get *unstuck* using a push - expanding step to 1e-07 (mm) ...       Potential overlap in geometry !

*** This is just a warning message. ***
-------- WWWW -------- G4Exception-END --------- WWWW -------


-------- WWWW ------- G4Exception-START -------- WWWW -------
*** G4Exception : GeomNav1002
      issued by : G4Navigator::ComputeStep()
Stuck Track: potential geometry or navigation problem.
  Track stuck, not moving for 10 steps.
  Current  phys volume: 'Crystal'
   - at position : (3.758068317520422,-37.91420475917765,0.208548445661633)
     in direction: (-0.994823919321434,-0.0986072707171417,0.024535193246796)
    (local position: (3.758068317520422,-37.91420475917765,0.208548445661633))
    (local direction: (-0.994823919321434,-0.0986072707171417,0.024535193246796)).
  Previous phys volume: 'World'

  Likely geometry overlap - else navigation problem !
   *** Trying to get *unstuck* using a push - expanding step to 1e-07 (mm) ...       Potential overlap in geometry !

*** This is just a warning message. ***
-------- WWWW -------- G4Exception-END --------- WWWW -------


-------- WWWW ------- G4Exception-START -------- WWWW -------
*** G4Exception : GeomNav1002
      issued by : G4Navigator::ComputeStep()
Stuck Track: potential geometry or navigation problem.
  Track stuck, not moving for 10 steps.
  Current  phys volume: 'Crystal'
   - at position : (25.46331117591148,28.34130879050404,36.9516162749715)
     in direction: (-0.7329843169831294,0.6585513706642203,-0.1704232473961586)
    (local position: (25.46331117591148,28.34130879050404,36.9516162749715))
    (local direction: (-0.7329843169831294,0.6585513706642203,-0.1704232473961586)).
  Previous phys volume: 'World'

  Likely geometry overlap - else navigation problem !
   *** Trying to get *unstuck* using a push - expanding step to 1e-07 (mm) ...       Potential overlap in geometry !

*** This is just a warning message. ***
-------- WWWW -------- G4Exception-END --------- WWWW -------


-------- WWWW ------- G4Exception-START -------- WWWW -------
*** G4Exception : GeomNav1002
      issued by : G4Navigator::ComputeStep()
Stuck Track: potential geometry or navigation problem.
  Track stuck, not moving for 10 steps.
  Current  phys volume: 'Crystal'
   - at position : (29.86736030130719,23.65482590576179,-1.256208317231203)
     in direction: (-0.5872621610486475,0.7414964973845735,0.3245090115341663)
    (local position: (29.86736030130719,23.65482590576179,-1.256208317231203))
    (local direction: (-0.5872621610486475,0.7414964973845735,0.3245090115341663)).
  Previous phys volume: 'World'

  Likely geometry overlap - else navigation problem !
   *** Trying to get *unstuck* using a push - expanding step to 1e-07 (mm) ...       Potential overlap in geometry !

*** This is just a warning message. ***
-------- WWWW -------- G4Exception-END --------- WWWW -------


-------- WWWW ------- G4Exception-START -------- WWWW -------
*** G4Exception : GeomNav1002
      issued by : G4Navigator::ComputeStep()
Stuck Track: potential geometry or navigation problem.
  Track stuck, not moving for 10 steps.
  Current  phys volume: 'Crystal'
   - at position : (-17.99985991057478,33.57997979748771,1.361881779568529)
     in direction: (-0.8165594911608146,-0.4376999789215038,-0.3763632897179353)
    (local position: (-17.99985991057478,33.57997979748771,1.361881779568529))
    (local direction: (-0.8165594911608146,-0.4376999789215038,-0.3763632897179353)).
  Previous phys volume: 'World'

  Likely geometry overlap - else navigation problem !
   *** Trying to get *unstuck* using a push - expanding step to 1e-07 (mm) ...       Potential overlap in geometry !

*** This is just a warning message. ***
-------- WWWW -------- G4Exception-END --------- WWWW -------


-------- WWWW ------- G4Exception-START -------- WWWW -------
*** G4Exception : GeomNav1002
      issued by : G4Navigator::ComputeStep()
Stuck Track: potential geometry or navigation problem.
  Track stuck, not moving for 10 steps.
  Current  phys volume: 'Crystal'
   - at position : (-36.95122188611496,9.285321810422026,-18.73524668169714)
     in direction: (0.2391098838870064,0.9515450896655966,-0.1933608175428375)
    (local position: (-36.95122188611496,9.285321810422026,-18.73524668169714))
    (local direction: (0.2391098838870064,0.9515450896655966,-0.1933608175428375)).
  Previous phys volume: 'World'

  Likely geometry overlap - else navigation problem !
   *** Trying to get *unstuck* using a push - expanding step to 1e-07 (mm) ...       Potential overlap in geometry !

*** This is just a warning message. ***
-------- WWWW -------- G4Exception-END --------- WWWW -------


-------- WWWW ------- G4Exception-START -------- WWWW -------
*** G4Exception : GeomNav1002
      issued by : G4Navigator::ComputeStep()
Stuck Track: potential geometry or navigation problem.
  Track stuck, not moving for 10 steps.
  Current  phys volume: 'Crystal'
   - at position : (-13.79403510596485,-35.51527270760298,-8.927205973966062)
     in direction: (0.8560444209333008,-0.3324853195366682,0.3957795619806176)
    (local position: (-13.79403510596485,-35.51527270760298,-8.927205973966062))
    (local direction: (0.8560444209333008,-0.3324853195366682,0.3957795619806176)).
  Previous phys volume: 'World'

  Likely geometry overlap - else navigation problem !
   *** Trying to get *unstuck* using a push - expanding step to 1e-07 (mm) ...       Potential overlap in geometry !

*** This is just a warning message. ***
-------- WWWW -------- G4Exception-END --------- WWWW -------


-------- WWWW ------- G4Exception-START -------- WWWW -------
*** G4Exception : GeomNav1002
      issued by : G4Navigator::ComputeStep()
Stuck Track: potential geometry or navigation problem.
  Track stuck, not moving for 10 steps.
  Current  phys volume: 'Crystal'
   - at position : (-12.02452452643329,36.15274277165156,26.42219693245692)
     in direction: (-0.7578663727862047,-0.2520689189444439,0.6017473066845094)
    (local position: (-12.02452452643329,36.15274277165156,26.42219693245692))
    (local direction: (-0.7578663727862047,-0.2520689189444439,0.6017473066845094)).
  Previous phys volume: 'World'

  Likely geometry overlap - else navigation problem !
   *** Trying to get *unstuck* using a push - expanding step to 1e-07 (mm) ...       Potential overlap in geometry !

*** This is just a warning message. ***
-------- WWWW -------- G4Exception-END --------- WWWW -------


-------- WWWW ------- G4Exception-START -------- WWWW -------
*** G4Exception : GeomNav1002
      issued by : G4Navigator::ComputeStep()
Stuck Track: potential geometry or navigation problem.
  Track stuck, not moving for 10 steps.
  Current  phys volume: 'Crystal'
   - at position : (35.22788708333485,14.51226969304973,28.99217229005269)
     in direction: (0.3807186560333792,-0.9241775483049471,-0.0308085078703057)
    (local position: (35.22788708333485,14.51226969304973,28.99217229005269))
    (local direction: (0.3807186560333792,-0.9241775483049471,-0.0308085078703057)).
  Previous phys volume: 'World'

  Likely geometry overlap - else navigation problem !
   *** Trying to get *unstuck* using a push - expanding step to 1e-07 (mm) ...       Potential overlap in geometry !

*** This is just a warning message. ***
-------- WWWW -------- G4Exception-END --------- WWWW -------


-------- WWWW ------- G4Exception-START -------- WWWW -------
*** G4Exception : GeomNav1002
      issued by : G4Navigator::ComputeStep()
Stuck Track: potential geometry or navigation problem.
  Track stuck, not moving for 10 steps.
  Current  phys volume: 'Crystal'
   - at position : (36.1249251580692,-12.10783970507949,9.630868092480851)
     in direction: (-0.1946452523581029,-0.5807431668309979,0.7904749204836005)
    (local position: (36.1249251580692,-12.10783970507949,9.630868092480851))
    (local direction: (-0.1946452523581029,-0.5807431668309979,0.7904749204836005)).
  Previous phys volume: 'World'

  Likely geometry overlap - else navigation problem !
   *** Trying to get *unstuck* using a push - expanding step to 1e-07 (mm) ...       Potential overlap in geometry !

*** This is just a warning message. ***
-------- WWWW -------- G4Exception-END --------- WWWW -------


-------- WWWW ------- G4Exception-START -------- WWWW -------
*** G4Exception : GeomNav1002
      issued by : G4Navigator::ComputeStep()
Stuck Track: potential geometry or navigation problem.
  Track stuck, not moving for 10 steps.
  Current  phys volume: 'Crystal'
   - at position : (-34.90817374825875,-15.26530070327404,13.14488900816887)
     in direction: (0.3971520053113703,-0.9081937837559412,-0.1321148584536354)
    (local position: (-34.90817374825875,-15.26530070327404,13.14488900816887))
    (local direction: (0.3971520053113703,-0.9081937837559412,-0.1321148584536354)).
  Previous phys volume: 'World'

  Likely geometry overlap - else navigation problem !
   *** Trying to get *unstuck* using a push - expanding step to 1e-07 (mm) ...       Potential overlap in geometry !

*** This is just a warning message. ***
-------- WWWW -------- G4Exception-END --------- WWWW -------


-------- WWWW ------- G4Exception-START -------- WWWW -------
*** G4Exception : GeomNav1002
      issued by : G4Navigator::ComputeStep()
Stuck Track: potential geometry or navigation problem.
  Track stuck, not moving for 10 steps.
  Current  phys volume: 'Crystal'
   - at position : (-32.85899465250636,19.2846174560596,28.49872118641478)
     in direction: (-0.479587071016668,-0.8171667930595213,-0.3197415732032221)
    (local position: (-32.85899465250636,19.2846174560596,28.49872118641478))
    (local direction: (-0.479587071016668,-0.8171667930595213,-0.3197415732032221)).
  Previous phys volume: 'World'

  Likely geometry overlap - else navigation problem !
   *** Trying to get *unstuck* using a push - expanding step to 1e-07 (mm) ...       Potential overlap in geometry !

*** This is just a warning message. ***
-------- WWWW -------- G4Exception-END --------- WWWW -------


-------- WWWW ------- G4Exception-START -------- WWWW -------
*** G4Exception : GeomNav1002
      issued by : G4Navigator::ComputeStep()
Stuck Track: potential geometry or navigation problem.
  Track stuck, not moving for 10 steps.
  Current  phys volume: 'Crystal'
   - at position : (-20.18611556760543,-32.31301190374054,-27.14676675076342)
     in direction: (-0.8475018302438549,0.5294390365102175,0.03788079133873537)
    (local position: (-20.18611556760543,-32.31301190374054,-27.14676675076342))
    (local direction: (-0.8475018302438549,0.5294390365102175,0.03788079133873537)).
  Previous phys volume: 'World'

  Likely geometry overlap - else navigation problem !
   *** Trying to get *unstuck* using a push - expanding step to 1e-07 (mm) ...       Potential overlap in geometry !

*** This is just a warning message. ***
-------- WWWW -------- G4Exception-END --------- WWWW -------


-------- WWWW ------- G4Exception-START -------- WWWW -------
*** G4Exception : GeomNav1002
      issued by : G4Navigator::ComputeStep()
Stuck Track: potential geometry or navigation problem.
  Track stuck, not moving for 10 steps.
  Current  phys volume: 'Crystal'
   - at position : (-35.03313997542841,14.97628470155531,17.4601959616496)
     in direction: (-0.3577875290414774,-0.8369512757106587,0.4141263649524078)
    (local position: (-35.03313997542841,14.97628470155531,17.4601959616496))
    (local direction: (-0.3577875290414774,-0.8369512757106587,0.4141263649524078)).
  Previous phys volume: 'World'

  Likely geometry overlap - else navigation problem !
   *** Trying to get *unstuck* using a push - expanding step to 1e-07 (mm) ...       Potential overlap in geometry !

*** This is just a warning message. ***
-------- WWWW -------- G4Exception-END --------- WWWW -------


-------- WWWW ------- G4Exception-START -------- WWWW -------
*** G4Exception : GeomNav1002
      issued by : G4Navigator::ComputeStep()
Stuck Track: potential geometry or navigation problem.
  Track stuck, not moving for 10 steps.
  Current  phys volume: 'Crystal'
   - at position : (-30.1865703481356,-23.24609581450314,-24.5876369197891)
     in direction: (0.6058789136558125,-0.7867732541183314,-0.1178922753674064)
    (local position: (-30.1865703481356,-23.24609581450314,-24.5876369197891))
    (local direction: (0.6058789136558125,-0.7867732541183314,-0.1178922753674064)).
  Previous phys volume: 'World'

  Likely geometry overlap - else navigation problem !
   *** Trying to get *unstuck* using a push - expanding step to 1e-07 (mm) ...       Potential overlap in geometry !

*** This is just a warning message. ***
-------- WWWW -------- G4Exception-END --------- WWWW -------


-------- WWWW ------- G4Exception-START -------- WWWW -------
*** G4Exception : GeomNav1002
      issued by : G4Navigator::ComputeStep()
Stuck Track: potential geometry or navigation problem.
  Track stuck, not moving for 10 steps.
  Current  phys volume: 'Crystal'
   - at position : (6.654016914604413,37.51445133412134,33.70756664628403)
     in direction: (0.8919885359468578,-0.158213877445814,0.423467614727434)
    (local position: (6.654016914604413,37.51445133412134,33.70756664628403))
    (local direction: (0.8919885359468578,-0.158213877445814,0.423467614727434)).
  Previous phys volume: 'World'

  Likely geometry overlap - else navigation problem !
   *** Trying to get *unstuck* using a push - expanding step to 1e-07 (mm) ...       Potential overlap in geometry !

*** This is just a warning message. ***
-------- WWWW -------- G4Exception-END --------- WWWW -------


-------- WWWW ------- G4Exception-START -------- WWWW -------
*** G4Exception : GeomNav1002
      issued by : G4Navigator::ComputeStep()
Stuck Track: potential geometry or navigation problem.
  Track stuck, not moving for 10 steps.
  Current  phys volume: 'Crystal'
   - at position : (-11.61634717616803,36.28595428375466,13.14359343668225)
     in direction: (-0.7796255601419337,-0.2495842083469128,0.5743620016306972)
    (local position: (-11.61634717616803,36.28595428375466,13.14359343668225))
    (local direction: (-0.7796255601419337,-0.2495842083469128,0.5743620016306972)).
  Previous phys volume: 'World'

  Likely geometry overlap - else navigation problem !
   *** Trying to get *unstuck* using a push - expanding step to 1e-07 (mm) ...       Potential overlap in geometry !

*** This is just a warning message. ***
-------- WWWW -------- G4Exception-END --------- WWWW -------


-------- WWWW ------- G4Exception-START -------- WWWW -------
*** G4Exception : GeomNav1002
      issued by : G4Navigator::ComputeStep()
Stuck Track: potential geometry or navigation problem.
  Track stuck, not moving for 10 steps.
  Current  phys volume: 'Crystal'
   - at position : (27.51217764468983,-26.35697405331328,4.93516404402386)
     in direction: (-0.4844537009316702,-0.5056868915870126,0.7138524912968174)
    (local position: (27.51217764468983,-26.35697405331328,4.93516404402386))
    (local direction: (-0.4844537009316702,-0.5056868915870126,0.7138524912968174)).
  Previous phys volume: 'World'

  Likely geometry overlap - else navigation problem !
   *** Trying to get *unstuck* using a push - expanding step to 1e-07 (mm) ...       Potential overlap in geometry !

*** This is just a warning message. ***
-------- WWWW -------- G4Exception-END --------- WWWW -------


-------- WWWW ------- G4Exception-START -------- WWWW -------
*** G4Exception : GeomNav1002
      issued by : G4Navigator::ComputeStep()
Stuck Track: potential geometry or navigation problem.
  Track stuck, not moving for 10 steps.
  Current  phys volume: 'Crystal'
   - at position : (-19.0516211485842,32.9946318605136,30.73765206852613)
     in direction: (0.8331628380680841,0.4810813714502603,0.2727643659019119)
    (local position: (-19.0516211485842,32.9946318605136,30.73765206852613))
    (local direction: (0.8331628380680841,0.4810813714502603,0.2727643659019119)).
  Previous phys volume: 'World'

  Likely geometry overlap - else navigation problem !
   *** Trying to get *unstuck* using a push - expanding step to 1e-07 (mm) ...       Potential overlap in geometry !

*** This is just a warning message. ***
-------- WWWW -------- G4Exception-END --------- WWWW -------


-------- WWWW ------- G4Exception-START -------- WWWW -------
*** G4Exception : GeomNav1002
      issued by : G4Navigator::ComputeStep()
Stuck Track: potential geometry or navigation problem.
  Track stuck, not moving for 10 steps.
  Current  phys volume: 'Crystal'
   - at position : (8.367132338631684,37.16989502847464,5.79935214514516)
     in direction: (-0.2036446089360371,0.04584143677864559,0.9779710813338799)
    (local position: (8.367132338631684,37.16989502847464,5.79935214514516))
    (local direction: (-0.2036446089360371,0.04584143677864559,0.9779710813338799)).
  Previous phys volume: 'World'

  Likely geometry overlap - else navigation problem !
   *** Trying to get *unstuck* using a push - expanding step to 1e-07 (mm) ...       Potential overlap in geometry !

*** This is just a warning message. ***
-------- WWWW -------- G4Exception-END --------- WWWW -------


-------- WWWW ------- G4Exception-START -------- WWWW -------
*** G4Exception : GeomNav1002
      issued by : G4Navigator::ComputeStep()
Stuck Track: potential geometry or navigation problem.
  Track stuck, not moving for 10 steps.
  Current  phys volume: 'Crystal'
   - at position : (-15.6268469574398,-34.74782948859906,-6.860671172909719)
     in direction: (-0.8345748202703317,0.3753262630454769,0.4032555835187667)
    (local position: (-15.6268469574398,-34.74782948859906,-6.860671172909719))
    (local direction: (-0.8345748202703317,0.3753262630454769,0.4032555835187667)).
  Previous phys volume: 'World'

  Likely geometry overlap - else navigation problem !
   *** Trying to get *unstuck* using a push - expanding step to 1e-07 (mm) ...       Potential overlap in geometry !

*** This is just a warning message. ***
-------- WWWW -------- G4Exception-END --------- WWWW -------


-------- WWWW ------- G4Exception-START -------- WWWW -------
*** G4Exception : GeomNav1002
      issued by : G4Navigator::ComputeStep()
Stuck Track: potential geometry or navigation problem.
  Track stuck, not moving for 10 steps.
  Current  phys volume: 'Crystal'
   - at position : (-36.6110229200751,-10.54717975317268,5.526958026271909)
     in direction: (0.2381749918311517,-0.8267451858205027,-0.5096715324489421)
    (local position: (-36.6110229200751,-10.54717975317268,5.526958026271909))
    (local direction: (0.2381749918311517,-0.8267451858205027,-0.5096715324489421)).
  Previous phys volume: 'World'

  Likely geometry overlap - else navigation problem !
   *** Trying to get *unstuck* using a push - expanding step to 1e-07 (mm) ...       Potential overlap in geometry !

*** This is just a warning message. ***
-------- WWWW -------- G4Exception-END --------- WWWW -------


-------- WWWW ------- G4Exception-START -------- WWWW -------
*** G4Exception : GeomNav1002
      issued by : G4Navigator::ComputeStep()
Stuck Track: potential geometry or navigation problem.
  Track stuck, not moving for 10 steps.
  Current  phys volume: 'Crystal'
   - at position : (-22.69539305097177,-30.60276350694333,5.232964949251567)
     in direction: (-0.8028558350192192,0.5954079517979878,0.03019733616260533)
    (local position: (-22.69539305097177,-30.60276350694333,5.232964949251567))
    (local direction: (-0.8028558350192192,0.5954079517979878,0.03019733616260533)).
  Previous phys volume: 'World'

  Likely geometry overlap - else navigation problem !
   *** Trying to get *unstuck* using a push - expanding step to 1e-07 (mm) ...       Potential overlap in geometry !

*** This is just a warning message. ***
-------- WWWW -------- G4Exception-END --------- WWWW -------


-------- WWWW ------- G4Exception-START -------- WWWW -------
*** G4Exception : GeomNav1002
      issued by : G4Navigator::ComputeStep()
Stuck Track: potential geometry or navigation problem.
  Track stuck, not moving for 10 steps.
  Current  phys volume: 'Crystal'
   - at position : (6.100634180724695,37.60840680742769,-31.42396555579565)
     in direction: (0.9531805742615552,-0.1546198439492091,-0.2598836214684065)
    (local position: (6.100634180724695,37.60840680742769,-31.42396555579565))
    (local direction: (0.9531805742615552,-0.1546198439492091,-0.2598836214684065)).
  Previous phys volume: 'World'

  Likely geometry overlap - else navigation problem !
   *** Trying to get *unstuck* using a push - expanding step to 1e-07 (mm) ...       Potential overlap in geometry !

*** This is just a warning message. ***
-------- WWWW -------- G4Exception-END --------- WWWW -------


-------- WWWW ------- G4Exception-START -------- WWWW -------
*** G4Exception : GeomNav1002
      issued by : G4Navigator::ComputeStep()
Stuck Track: potential geometry or navigation problem.
  Track stuck, not moving for 10 steps.
  Current  phys volume: 'Crystal'
   - at position : (-35.52284648261308,-13.77451914851127,7.154054438946098)
     in direction: (0.2746478598775585,-0.7082841628096455,0.6503092324254031)
    (local position: (-35.52284648261308,-13.77451914851127,7.154054438946098))
    (local direction: (0.2746478598775585,-0.7082841628096455,0.6503092324254031)).
  Previous phys volume: 'World'

  Likely geometry overlap - else navigation problem !
   *** Trying to get *unstuck* using a push - expanding step to 1e-07 (mm) ...       Potential overlap in geometry !

*** This is just a warning message. ***
-------- WWWW -------- G4Exception-END --------- WWWW -------


-------- WWWW ------- G4Exception-START -------- WWWW -------
*** G4Exception : GeomNav1002
      issued by : G4Navigator::ComputeStep()
Stuck Track: potential geometry or navigation problem.
  Track stuck, not moving for 10 steps.
  Current  phys volume: 'Crystal'
   - at position : (22.79805446581001,30.52636094548383,20.74956960956409)
     in direction: (0.3538916800205478,-0.2642975299451497,0.897166369452805)
    (local position: (22.79805446581001,30.52636094548383,20.74956960956409))
    (local direction: (0.3538916800205478,-0.2642975299451497,0.897166369452805)).
  Previous phys volume: 'World'

  Likely geometry overlap - else navigation problem !
   *** Trying to get *unstuck* using a push - expanding step to 1e-07 (mm) ...       Potential overlap in geometry !

*** This is just a warning message. ***
-------- WWWW -------- G4Exception-END --------- WWWW -------


-------- WWWW ------- G4Exception-START -------- WWWW -------
*** G4Exception : GeomNav1002
      issued by : G4Navigator::ComputeStep()
Stuck Track: potential geometry or navigation problem.
  Track stuck, not moving for 10 steps.
  Current  phys volume: 'Crystal'
   - at position : (37.82633423655435,-4.558337221452157,-35.57162859065204)
     in direction: (-0.112111687149529,-0.9303335720719452,-0.3491567187959315)
    (local position: (37.82633423655435,-4.558337221452157,-35.57162859065204))
    (local direction: (-0.112111687149529,-0.9303335720719452,-0.3491567187959315)).
  Previous phys volume: 'World'

  Likely geometry overlap - else navigation problem !
   *** Trying to get *unstuck* using a push - expanding step to 1e-07 (mm) ...       Potential overlap in geometry !

*** This is just a warning message. ***
-------- WWWW -------- G4Exception-END --------- WWWW -------


-------- WWWW ------- G4Exception-START -------- WWWW -------
*** G4Exception : GeomNav1002
      issued by : G4Navigator::ComputeStep()
Stuck Track: potential geometry or navigation problem.
  Track stuck, not moving for 10 steps.
  Current  phys volume: 'Crystal'
   - at position : (35.7177087257182,13.26104382711835,-26.24398324337694)
     in direction: (0.2995064133665857,-0.806699907908901,-0.5094420152795158)
    (local position: (35.7177087257182,13.26104382711835,-26.24398324337694))
    (local direction: (0.2995064133665857,-0.806699907908901,-0.5094420152795158)).
  Previous phys volume: 'World'

  Likely geometry overlap - else navigation problem !
   *** Trying to get *unstuck* using a push - expanding step to 1e-07 (mm) ...       Potential overlap in geometry !

*** This is just a warning message. ***
-------- WWWW -------- G4Exception-END --------- WWWW -------


-------- WWWW ------- G4Exception-START -------- WWWW -------
*** G4Exception : GeomNav1002
      issued by : G4Navigator::ComputeStep()
Stuck Track: potential geometry or navigation problem.
  Track stuck, not moving for 10 steps.
  Current  phys volume: 'Crystal'
   - at position : (36.57175536303167,-10.68254228480114,33.8793855461718)
     in direction: (-0.2319097227854523,-0.793944495785905,0.562023147289184)
    (local position: (36.57175536303167,-10.68254228480114,33.8793855461718))
    (local direction: (-0.2319097227854523,-0.793944495785905,0.562023147289184)).
  Previous phys volume: 'World'

  Likely geometry overlap - else navigation problem !
   *** Trying to get *unstuck* using a push - expanding step to 1e-07 (mm) ...       Potential overlap in geometry !

*** This is just a warning message. ***
-------- WWWW -------- G4Exception-END --------- WWWW -------


-------- WWWW ------- G4Exception-START -------- WWWW -------
*** G4Exception : GeomNav1002
      issued by : G4Navigator::ComputeStep()
Stuck Track: potential geometry or navigation problem.
  Track stuck, not moving for 10 steps.
  Current  phys volume: 'Crystal'
   - at position : (11.32854495967409,-36.37683423686897,-22.01259991233378)
     in direction: (-0.8703817170600739,-0.2710559789119807,0.4110527008835063)
    (local position: (11.32854495967409,-36.37683423686897,-22.01259991233378))
    (local direction: (-0.8703817170600739,-0.2710559789119807,0.4110527008835063)).
  Previous phys volume: 'World'

  Likely geometry overlap - else navigation problem !
   *** Trying to get *unstuck* using a push - expanding step to 1e-07 (mm) ...       Potential overlap in geometry !

*** This is just a warning message. ***
-------- WWWW -------- G4Exception-END --------- WWWW -------


-------- WWWW ------- G4Exception-START -------- WWWW -------
*** G4Exception : GeomNav1002
      issued by : G4Navigator::ComputeStep()
Stuck Track: potential geometry or navigation problem.
  Track stuck, not moving for 10 steps.
  Current  phys volume: 'Crystal'
   - at position : (13.79375735349565,-35.51538058465493,15.68463236799078)
     in direction: (-0.7780579607044871,-0.3021885881620101,-0.5507339348260883)
    (local position: (13.79375735349565,-35.51538058465493,15.68463236799078))
    (local direction: (-0.7780579607044871,-0.3021885881620101,-0.5507339348260883)).
  Previous phys volume: 'World'

  Likely geometry overlap - else navigation problem !
   *** Trying to get *unstuck* using a push - expanding step to 1e-07 (mm) ...       Potential overlap in geometry !

*** This is just a warning message. ***
-------- WWWW -------- G4Exception-END --------- WWWW -------


-------- WWWW ------- G4Exception-START -------- WWWW -------
*** G4Exception : GeomNav1002
      issued by : G4Navigator::ComputeStep()
Stuck Track: potential geometry or navigation problem.
  Track stuck, not moving for 10 steps.
  Current  phys volume: 'Crystal'
   - at position : (13.27637383556574,35.71201335374842,-19.42082720647611)
     in direction: (0.1728939356633791,-0.06427541625928399,-0.9828409626564835)
    (local position: (13.27637383556574,35.71201335374842,-19.42082720647611))
    (local direction: (0.1728939356633791,-0.06427541625928399,-0.9828409626564835)).
  Previous phys volume: 'World'

  Likely geometry overlap - else navigation problem !
   *** Trying to get *unstuck* using a push - expanding step to 1e-07 (mm) ...       Potential overlap in geometry !

*** This is just a warning message. ***
-------- WWWW -------- G4Exception-END --------- WWWW -------


-------- WWWW ------- G4Exception-START -------- WWWW -------
*** G4Exception : GeomNav1002
      issued by : G4Navigator::ComputeStep()
Stuck Track: potential geometry or navigation problem.
  Track stuck, not moving for 10 steps.
  Current  phys volume: 'Crystal'
   - at position : (16.73344520502231,34.22866943909032,15.5085623238059)
     in direction: (0.1785577904289769,-0.0872919412596531,0.9800496071466194)
    (local position: (16.73344520502231,34.22866943909032,15.5085623238059))
    (local direction: (0.1785577904289769,-0.0872919412596531,0.9800496071466194)).
  Previous phys volume: 'World'

  Likely geometry overlap - else navigation problem !
   *** Trying to get *unstuck* using a push - expanding step to 1e-07 (mm) ...       Potential overlap in geometry !

*** This is just a warning message. ***
-------- WWWW -------- G4Exception-END --------- WWWW -------


-------- WWWW ------- G4Exception-START -------- WWWW -------
*** G4Exception : GeomNav1002
      issued by : G4Navigator::ComputeStep()
Stuck Track: potential geometry or navigation problem.
  Track stuck, not moving for 10 steps.
  Current  phys volume: 'Crystal'
   - at position : (-36.76168108620963,-10.00943573413694,-31.88075687343864)
     in direction: (-0.2620257027790828,0.9623424914057019,0.07238411647726471)
    (local position: (-36.76168108620963,-10.00943573413694,-31.88075687343864))
    (local direction: (-0.2620257027790828,0.9623424914057019,0.07238411647726471)).
  Previous phys volume: 'World'

  Likely geometry overlap - else navigation problem !
   *** Trying to get *unstuck* using a push - expanding step to 1e-07 (mm) ...       Potential overlap in geometry !

*** This is just a warning message. ***
-------- WWWW -------- G4Exception-END --------- WWWW -------


-------- WWWW ------- G4Exception-START -------- WWWW -------
*** G4Exception : GeomNav1002
      issued by : G4Navigator::ComputeStep()
Stuck Track: potential geometry or navigation problem.
  Track stuck, not moving for 10 steps.
  Current  phys volume: 'Crystal'
   - at position : (-29.3844372467371,24.25211016989181,4.185634289272763)
     in direction: (-0.6206031567150507,-0.7519376411319392,0.222354459645516)
    (local position: (-29.3844372467371,24.25211016989181,4.185634289272763))
    (local direction: (-0.6206031567150507,-0.7519376411319392,0.222354459645516)).
  Previous phys volume: 'World'

  Likely geometry overlap - else navigation problem !
   *** Trying to get *unstuck* using a push - expanding step to 1e-07 (mm) ...       Potential overlap in geometry !

*** This is just a warning message. ***
-------- WWWW -------- G4Exception-END --------- WWWW -------


-------- WWWW ------- G4Exception-START -------- WWWW -------
*** G4Exception : GeomNav1002
      issued by : G4Navigator::ComputeStep()
Stuck Track: potential geometry or navigation problem.
  Track stuck, not moving for 10 steps.
  Current  phys volume: 'Crystal'
   - at position : (35.25789177182513,14.43921977830748,-22.98981254801298)
     in direction: (-0.3413985047307504,0.8336317138785641,-0.4341718859892886)
    (local position: (35.25789177182513,14.43921977830748,-22.98981254801298))
    (local direction: (-0.3413985047307504,0.8336317138785641,-0.4341718859892886)).
  Previous phys volume: 'World'

  Likely geometry overlap - else navigation problem !
   *** Trying to get *unstuck* using a push - expanding step to 1e-07 (mm) ...       Potential overlap in geometry !

*** This is just a warning message. ***
-------- WWWW -------- G4Exception-END --------- WWWW -------


-------- WWWW ------- G4Exception-START -------- WWWW -------
*** G4Exception : GeomNav1002
      issued by : G4Navigator::ComputeStep()
Stuck Track: potential geometry or navigation problem.
  Track stuck, not moving for 10 steps.
  Current  phys volume: 'Crystal'
   - at position : (23.16961115837103,-30.245315650029,-26.33414664539692)
     in direction: (-0.7880435382269709,-0.6036856274822281,-0.1206277125295227)
    (local position: (23.16961115837103,-30.245315650029,-26.33414664539692))
    (local direction: (-0.7880435382269709,-0.6036856274822281,-0.1206277125295227)).
  Previous phys volume: 'World'

  Likely geometry overlap - else navigation problem !
   *** Trying to get *unstuck* using a push - expanding step to 1e-07 (mm) ...       Potential overlap in geometry !

*** This is just a warning message. ***
-------- WWWW -------- G4Exception-END --------- WWWW -------


-------- WWWW ------- G4Exception-START -------- WWWW -------
*** G4Exception : GeomNav1002
      issued by : G4Navigator::ComputeStep()
Stuck Track: potential geometry or navigation problem.
  Track stuck, not moving for 10 steps.
  Current  phys volume: 'Crystal'
   - at position : (0.8789526866119038,38.08986009654929,-11.48611747762973)
     in direction: (-0.8936651567478276,0.02062200775912292,-0.4482603266081703)
    (local position: (0.8789526866119038,38.08986009654929,-11.48611747762973))
    (local direction: (-0.8936651567478276,0.02062200775912292,-0.4482603266081703)).
  Previous phys volume: 'World'

  Likely geometry overlap - else navigation problem !
   *** Trying to get *unstuck* using a push - expanding step to 1e-07 (mm) ...       Potential overlap in geometry !

*** This is just a warning message. ***
-------- WWWW -------- G4Exception-END --------- WWWW -------


-------- WWWW ------- G4Exception-START -------- WWWW -------
*** G4Exception : GeomNav1002
      issued by : G4Navigator::ComputeStep()
Stuck Track: potential geometry or navigation problem.
  Track stuck, not moving for 10 steps.
  Current  phys volume: 'Crystal'
   - at position : (-32.52084605454814,-19.84954840535121,14.3666045124776)
     in direction: (0.4227121733018332,-0.6925576961552617,-0.5845325106771712)
    (local position: (-32.52084605454814,-19.84954840535121,14.3666045124776))
    (local direction: (0.4227121733018332,-0.6925576961552617,-0.5845325106771712)).
  Previous phys volume: 'World'

  Likely geometry overlap - else navigation problem !
   *** Trying to get *unstuck* using a push - expanding step to 1e-07 (mm) ...       Potential overlap in geometry !

*** This is just a warning message. ***
-------- WWWW -------- G4Exception-END --------- WWWW -------


-------- WWWW ------- G4Exception-START -------- WWWW -------
*** G4Exception : GeomNav1002
      issued by : G4Navigator::ComputeStep()
Stuck Track: potential geometry or navigation problem.
  Track stuck, not moving for 10 steps.
  Current  phys volume: 'Crystal'
   - at position : (-32.96717495042561,-19.09909358550898,-13.01730176405677)
     in direction: (0.4894295523796263,-0.844810231803345,0.2162276242709462)
    (local position: (-32.96717495042561,-19.09909358550898,-13.01730176405677))
    (local direction: (0.4894295523796263,-0.844810231803345,0.2162276242709462)).
  Previous phys volume: 'World'

  Likely geometry overlap - else navigation problem !
   *** Trying to get *unstuck* using a push - expanding step to 1e-07 (mm) ...       Potential overlap in geometry !

*** This is just a warning message. ***
-------- WWWW -------- G4Exception-END --------- WWWW -------


-------- WWWW ------- G4Exception-START -------- WWWW -------
*** G4Exception : GeomNav1002
      issued by : G4Navigator::ComputeStep()
Stuck Track: potential geometry or navigation problem.
  Track stuck, not moving for 10 steps.
  Current  phys volume: 'Crystal'
   - at position : (-32.94662624371895,-19.13451904691335,-11.48522325599567)
     in direction: (-0.4424527945406297,0.7618339826822365,-0.4731220851257206)
    (local position: (-32.94662624371895,-19.13451904691335,-11.48522325599567))
    (local direction: (-0.4424527945406297,0.7618339826822365,-0.4731220851257206)).
  Previous phys volume: 'World'

  Likely geometry overlap - else navigation problem !
   *** Trying to get *unstuck* using a push - expanding step to 1e-07 (mm) ...       Potential overlap in geometry !

*** This is just a warning message. ***
-------- WWWW -------- G4Exception-END --------- WWWW -------


-------- WWWW ------- G4Exception-START -------- WWWW -------
*** G4Exception : GeomNav1002
      issued by : G4Navigator::ComputeStep()
Stuck Track: potential geometry or navigation problem.
  Track stuck, not moving for 10 steps.
  Current  phys volume: 'Crystal'
   - at position : (32.2872431368452,20.22730655876463,32.43163601205638)
     in direction: (0.467569430334511,-0.7463439502786957,-0.4736555031867071)
    (local position: (32.2872431368452,20.22730655876463,32.43163601205638))
    (local direction: (0.467569430334511,-0.7463439502786957,-0.4736555031867071)).
  Previous phys volume: 'World'

  Likely geometry overlap - else navigation problem !
   *** Trying to get *unstuck* using a push - expanding step to 1e-07 (mm) ...       Potential overlap in geometry !

*** This is just a warning message. ***
-------- WWWW -------- G4Exception-END --------- WWWW -------


-------- WWWW ------- G4Exception-START -------- WWWW -------
*** G4Exception : GeomNav1002
      issued by : G4Navigator::ComputeStep()
Stuck Track: potential geometry or navigation problem.
  Track stuck, not moving for 10 steps.
  Current  phys volume: 'Crystal'
   - at position : (-12.94577968691752,-35.83317999142406,-15.23133720568627)
     in direction: (-0.9011321527525353,0.3255602299635148,-0.2863064441148411)
    (local position: (-12.94577968691752,-35.83317999142406,-15.23133720568627))
    (local direction: (-0.9011321527525353,0.3255602299635148,-0.2863064441148411)).
  Previous phys volume: 'World'

  Likely geometry overlap - else navigation problem !
   *** Trying to get *unstuck* using a push - expanding step to 1e-07 (mm) ...       Potential overlap in geometry !

*** This is just a warning message. ***
-------- WWWW -------- G4Exception-END --------- WWWW -------


-------- WWWW ------- G4Exception-START -------- WWWW -------
*** G4Exception : GeomNav1002
      issued by : G4Navigator::ComputeStep()
Stuck Track: potential geometry or navigation problem.
  Track stuck, not moving for 10 steps.
  Current  phys volume: 'Crystal'
   - at position : (33.69763875968474,17.77861473855016,32.61257731986196)
     in direction: (0.287382686015543,-0.5447059898396454,0.7878493361114828)
    (local position: (33.69763875968474,17.77861473855016,32.61257731986196))
    (local direction: (0.287382686015543,-0.5447059898396454,0.7878493361114828)).
  Previous phys volume: 'World'

  Likely geometry overlap - else navigation problem !
   *** Trying to get *unstuck* using a push - expanding step to 1e-07 (mm) ...       Potential overlap in geometry !

*** This is just a warning message. ***
-------- WWWW -------- G4Exception-END --------- WWWW -------


-------- WWWW ------- G4Exception-START -------- WWWW -------
*** G4Exception : GeomNav1002
      issued by : G4Navigator::ComputeStep()
Stuck Track: potential geometry or navigation problem.
  Track stuck, not moving for 10 steps.
  Current  phys volume: 'Crystal'
   - at position : (17.26751448602637,33.96237540978059,-33.72724844373454)
     in direction: (0.8601789211909588,-0.4373413756554251,0.2623447058329529)
    (local position: (17.26751448602637,33.96237540978059,-33.72724844373454))
    (local direction: (0.8601789211909588,-0.4373413756554251,0.2623447058329529)).
  Previous phys volume: 'World'

  Likely geometry overlap - else navigation problem !
   *** Trying to get *unstuck* using a push - expanding step to 1e-07 (mm) ...       Potential overlap in geometry !

*** This is just a warning message. ***
-------- WWWW -------- G4Exception-END --------- WWWW -------


-------- WWWW ------- G4Exception-START -------- WWWW -------
*** G4Exception : GeomNav1002
      issued by : G4Navigator::ComputeStep()
Stuck Track: potential geometry or navigation problem.
  Track stuck, not moving for 10 steps.
  Current  phys volume: 'Crystal'
   - at position : (-37.79380730895959,-4.820594267642989,-0.5141868006940964)
     in direction: (0.09344371192427746,-0.7326054520715404,0.6742088135710379)
    (local position: (-37.79380730895959,-4.820594267642989,-0.5141868006940964))
    (local direction: (0.09344371192427746,-0.7326054520715404,0.6742088135710379)).
  Previous phys volume: 'World'

  Likely geometry overlap - else navigation problem !
   *** Trying to get *unstuck* using a push - expanding step to 1e-07 (mm) ...       Potential overlap in geometry !

*** This is just a warning message. ***
-------- WWWW -------- G4Exception-END --------- WWWW -------


-------- WWWW ------- G4Exception-START -------- WWWW -------
*** G4Exception : GeomNav1002
      issued by : G4Navigator::ComputeStep()
Stuck Track: potential geometry or navigation problem.
  Track stuck, not moving for 10 steps.
  Current  phys volume: 'Crystal'
   - at position : (-16.18739711789082,-34.49026202492089,-5.963544836406899)
     in direction: (-0.8577677568653248,0.402578191643451,0.3196330316086219)
    (local position: (-16.18739711789082,-34.49026202492089,-5.963544836406899))
    (local direction: (-0.8577677568653248,0.402578191643451,0.3196330316086219)).
  Previous phys volume: 'World'

  Likely geometry overlap - else navigation problem !
   *** Trying to get *unstuck* using a push - expanding step to 1e-07 (mm) ...       Potential overlap in geometry !

*** This is just a warning message. ***
-------- WWWW -------- G4Exception-END --------- WWWW -------


-------- WWWW ------- G4Exception-START -------- WWWW -------
*** G4Exception : GeomNav1002
      issued by : G4Navigator::ComputeStep()
Stuck Track: potential geometry or navigation problem.
  Track stuck, not moving for 10 steps.
  Current  phys volume: 'Crystal'
   - at position : (34.70461250810794,-15.72259109250374,32.52797549001066)
     in direction: (-0.3242607463535188,-0.7157435748077262,-0.6185192830427487)
    (local position: (34.70461250810794,-15.72259109250374,32.52797549001066))
    (local direction: (-0.3242607463535188,-0.7157435748077262,-0.6185192830427487)).
  Previous phys volume: 'World'

  Likely geometry overlap - else navigation problem !
   *** Trying to get *unstuck* using a push - expanding step to 1e-07 (mm) ...       Potential overlap in geometry !

*** This is just a warning message. ***
-------- WWWW -------- G4Exception-END --------- WWWW -------


-------- WWWW ------- G4Exception-START -------- WWWW -------
*** G4Exception : GeomNav1002
      issued by : G4Navigator::ComputeStep()
Stuck Track: potential geometry or navigation problem.
  Track stuck, not moving for 10 steps.
  Current  phys volume: 'Crystal'
   - at position : (5.962658386649873,37.63052889562029,-7.369263950298572)
     in direction: (-0.8760920766874671,0.1388191429099476,-0.4617271041721384)
    (local position: (5.962658386649873,37.63052889562029,-7.369263950298572))
    (local direction: (-0.8760920766874671,0.1388191429099476,-0.4617271041721384)).
  Previous phys volume: 'World'

  Likely geometry overlap - else navigation problem !
   *** Trying to get *unstuck* using a push - expanding step to 1e-07 (mm) ...       Potential overlap in geometry !

*** This is just a warning message. ***
-------- WWWW -------- G4Exception-END --------- WWWW -------


-------- WWWW ------- G4Exception-START -------- WWWW -------
*** G4Exception : GeomNav1002
      issued by : G4Navigator::ComputeStep()
Stuck Track: potential geometry or navigation problem.
  Track stuck, not moving for 10 steps.
  Current  phys volume: 'Crystal'
   - at position : (36.9914631602909,-9.123686385493606,-11.39454963819582)
     in direction: (-0.2382863038231403,-0.9661181519227205,-0.09917335295195635)
    (local position: (36.9914631602909,-9.123686385493606,-11.39454963819582))
    (local direction: (-0.2382863038231403,-0.9661181519227205,-0.09917335295195635)).
  Previous phys volume: 'World'

  Likely geometry overlap - else navigation problem !
   *** Trying to get *unstuck* using a push - expanding step to 1e-07 (mm) ...       Potential overlap in geometry !

*** This is just a warning message. ***
-------- WWWW -------- G4Exception-END --------- WWWW -------


-------- WWWW ------- G4Exception-START -------- WWWW -------
*** G4Exception : GeomNav1002
      issued by : G4Navigator::ComputeStep()
Stuck Track: potential geometry or navigation problem.
  Track stuck, not moving for 10 steps.
  Current  phys volume: 'Crystal'
   - at position : (-16.84677115287177,-34.17303471631935,-8.637977161179954)
     in direction: (0.7822894702080032,-0.3856564624505489,0.4891750992965711)
    (local position: (-16.84677115287177,-34.17303471631935,-8.637977161179954))
    (local direction: (0.7822894702080032,-0.3856564624505489,0.4891750992965711)).
  Previous phys volume: 'World'

  Likely geometry overlap - else navigation problem !
   *** Trying to get *unstuck* using a push - expanding step to 1e-07 (mm) ...       Potential overlap in geometry !

*** This is just a warning message. ***
-------- WWWW -------- G4Exception-END --------- WWWW -------


-------- WWWW ------- G4Exception-START -------- WWWW -------
*** G4Exception : GeomNav1002
      issued by : G4Navigator::ComputeStep()
Stuck Track: potential geometry or navigation problem.
  Track stuck, not moving for 10 steps.
  Current  phys volume: 'Crystal'
   - at position : (-13.42602249293129,-35.65602221251416,17.85186976505176)
     in direction: (-0.763463551636914,0.2874767901959882,-0.5783428917351376)
    (local position: (-13.42602249293129,-35.65602221251416,17.85186976505176))
    (local direction: (-0.763463551636914,0.2874767901959882,-0.5783428917351376)).
  Previous phys volume: 'World'

  Likely geometry overlap - else navigation problem !
   *** Trying to get *unstuck* using a push - expanding step to 1e-07 (mm) ...       Potential overlap in geometry !

*** This is just a warning message. ***
-------- WWWW -------- G4Exception-END --------- WWWW -------


-------- WWWW ------- G4Exception-START -------- WWWW -------
*** G4Exception : GeomNav1002
      issued by : G4Navigator::ComputeStep()
Stuck Track: potential geometry or navigation problem.
  Track stuck, not moving for 10 steps.
  Current  phys volume: 'Crystal'
   - at position : (7.627247367458979,-37.32874358447643,12.44977710392287)
     in direction: (-0.9630870238002026,-0.1967840934771986,0.1836828928943177)
    (local position: (7.627247367458979,-37.32874358447643,12.44977710392287))
    (local direction: (-0.9630870238002026,-0.1967840934771986,0.1836828928943177)).
  Previous phys volume: 'World'

  Likely geometry overlap - else navigation problem !
   *** Trying to get *unstuck* using a push - expanding step to 1e-07 (mm) ...       Potential overlap in geometry !

*** This is just a warning message. ***
-------- WWWW -------- G4Exception-END --------- WWWW -------


-------- WWWW ------- G4Exception-START -------- WWWW -------
*** G4Exception : GeomNav1002
      issued by : G4Navigator::ComputeStep()
Stuck Track: potential geometry or navigation problem.
  Track stuck, not moving for 10 steps.
  Current  phys volume: 'Crystal'
   - at position : (37.23937993297488,-8.052240819023455,-31.41713018325927)
     in direction: (-0.1918634778444193,-0.887315358208169,-0.4193564843392229)
    (local position: (37.23937993297488,-8.052240819023455,-31.41713018325927))
    (local direction: (-0.1918634778444193,-0.887315358208169,-0.4193564843392229)).
  Previous phys volume: 'World'

  Likely geometry overlap - else navigation problem !
   *** Trying to get *unstuck* using a push - expanding step to 1e-07 (mm) ...       Potential overlap in geometry !

*** This is just a warning message. ***
-------- WWWW -------- G4Exception-END --------- WWWW -------


-------- WWWW ------- G4Exception-START -------- WWWW -------
*** G4Exception : GeomNav1002
      issued by : G4Navigator::ComputeStep()
Stuck Track: potential geometry or navigation problem.
  Track stuck, not moving for 10 steps.
  Current  phys volume: 'Crystal'
   - at position : (-36.46356186888725,11.04620549482181,-25.67492387515325)
     in direction: (-0.05029678429006806,-0.166029855829381,0.9848372050564264)
    (local position: (-36.46356186888725,11.04620549482181,-25.67492387515325))
    (local direction: (-0.05029678429006806,-0.166029855829381,0.9848372050564264)).
  Previous phys volume: 'World'

  Likely geometry overlap - else navigation problem !
   *** Trying to get *unstuck* using a push - expanding step to 1e-07 (mm) ...       Potential overlap in geometry !

*** This is just a warning message. ***
-------- WWWW -------- G4Exception-END --------- WWWW -------


-------- WWWW ------- G4Exception-START -------- WWWW -------
*** G4Exception : GeomNav1002
      issued by : G4Navigator::ComputeStep()
Stuck Track: potential geometry or navigation problem.
  Track stuck, not moving for 10 steps.
  Current  phys volume: 'Crystal'
   - at position : (25.37551478204188,-28.41994457324599,34.96886740715784)
     in direction: (-0.7448527476064261,-0.6650618849244497,-0.05373149545560573)
    (local position: (25.37551478204188,-28.41994457324599,34.96886740715784))
    (local direction: (-0.7448527476064261,-0.6650618849244497,-0.05373149545560573)).
  Previous phys volume: 'World'

  Likely geometry overlap - else navigation problem !
   *** Trying to get *unstuck* using a push - expanding step to 1e-07 (mm) ...       Potential overlap in geometry !

*** This is just a warning message. ***
-------- WWWW -------- G4Exception-END --------- WWWW -------


-------- WWWW ------- G4Exception-START -------- WWWW -------
*** G4Exception : GeomNav1002
      issued by : G4Navigator::ComputeStep()
Stuck Track: potential geometry or navigation problem.
  Track stuck, not moving for 10 steps.
  Current  phys volume: 'Crystal'
   - at position : (33.55405444793944,18.04814201253734,26.7150759243468)
     in direction: (-0.4469559905371239,0.8309545454538975,0.3312776568265437)
    (local position: (33.55405444793944,18.04814201253734,26.7150759243468))
    (local direction: (-0.4469559905371239,0.8309545454538975,0.3312776568265437)).
  Previous phys volume: 'World'

  Likely geometry overlap - else navigation problem !
   *** Trying to get *unstuck* using a push - expanding step to 1e-07 (mm) ...       Potential overlap in geometry !

*** This is just a warning message. ***
-------- WWWW -------- G4Exception-END --------- WWWW -------


-------- WWWW ------- G4Exception-START -------- WWWW -------
*** G4Exception : GeomNav1002
      issued by : G4Navigator::ComputeStep()
Stuck Track: potential geometry or navigation problem.
  Track stuck, not moving for 10 steps.
  Current  phys volume: 'Crystal'
   - at position : (-16.44194455752359,34.36964444342304,-16.77645875684434)
     in direction: (0.6259952482978446,0.2994671412073904,-0.7200342911595204)
    (local position: (-16.44194455752359,34.36964444342304,-16.77645875684434))
    (local direction: (0.6259952482978446,0.2994671412073904,-0.7200342911595204)).
  Previous phys volume: 'World'

  Likely geometry overlap - else navigation problem !
   *** Trying to get *unstuck* using a push - expanding step to 1e-07 (mm) ...       Potential overlap in geometry !

*** This is just a warning message. ***
-------- WWWW -------- G4Exception-END --------- WWWW -------


-------- WWWW ------- G4Exception-START -------- WWWW -------
*** G4Exception : GeomNav1002
      issued by : G4Navigator::ComputeStep()
Stuck Track: potential geometry or navigation problem.
  Track stuck, not moving for 10 steps.
  Current  phys volume: 'Crystal'
   - at position : (9.806808774144846,36.81625322690178,8.041097667103941)
     in direction: (-0.05197429241854012,0.01384448177762031,0.99855245393114)
    (local position: (9.806808774144846,36.81625322690178,8.041097667103941))
    (local direction: (-0.05197429241854012,0.01384448177762031,0.99855245393114)).
  Previous phys volume: 'World'

  Likely geometry overlap - else navigation problem !
   *** Trying to get *unstuck* using a push - expanding step to 1e-07 (mm) ...       Potential overlap in geometry !

*** This is just a warning message. ***
-------- WWWW -------- G4Exception-END --------- WWWW -------


-------- WWWW ------- G4Exception-START -------- WWWW -------
*** G4Exception : GeomNav1002
      issued by : G4Navigator::ComputeStep()
Stuck Track: potential geometry or navigation problem.
  Track stuck, not moving for 10 steps.
  Current  phys volume: 'Crystal'
   - at position : (27.60508779144653,26.25964828451687,35.85834141909328)
     in direction: (-0.6127246025563069,0.6441181641994416,0.4579086720849007)
    (local position: (27.60508779144653,26.25964828451687,35.85834141909328))
    (local direction: (-0.6127246025563069,0.6441181641994416,0.4579086720849007)).
  Previous phys volume: 'World'

  Likely geometry overlap - else navigation problem !
   *** Trying to get *unstuck* using a push - expanding step to 1e-07 (mm) ...       Potential overlap in geometry !

*** This is just a warning message. ***
-------- WWWW -------- G4Exception-END --------- WWWW -------


-------- WWWW ------- G4Exception-START -------- WWWW -------
*** G4Exception : GeomNav1002
      issued by : G4Navigator::ComputeStep()
Stuck Track: potential geometry or navigation problem.
  Track stuck, not moving for 10 steps.
  Current  phys volume: 'Crystal'
   - at position : (37.79879471032982,-4.7813301963306,1.110556277468572)
     in direction: (0.1204032731611619,0.9518477950264211,0.2819376294775481)
    (local position: (37.79879471032982,-4.7813301963306,1.110556277468572))
    (local direction: (0.1204032731611619,0.9518477950264211,0.2819376294775481)).
  Previous phys volume: 'World'

  Likely geometry overlap - else navigation problem !
   *** Trying to get *unstuck* using a push - expanding step to 1e-07 (mm) ...       Potential overlap in geometry !

*** This is just a warning message. ***
-------- WWWW -------- G4Exception-END --------- WWWW -------


-------- WWWW ------- G4Exception-START -------- WWWW -------
*** G4Exception : GeomNav1002
      issued by : G4Navigator::ComputeStep()
Stuck Track: potential geometry or navigation problem.
  Track stuck, not moving for 10 steps.
  Current  phys volume: 'Crystal'
   - at position : (-33.09275578215403,18.88066510329313,-16.96881289163391)
     in direction: (-0.4934225413437799,-0.8648377357877867,-0.09268164031403554)
    (local position: (-33.09275578215403,18.88066510329313,-16.96881289163391))
    (local direction: (-0.4934225413437799,-0.8648377357877867,-0.09268164031403554)).
  Previous phys volume: 'World'

  Likely geometry overlap - else navigation problem !
   *** Trying to get *unstuck* using a push - expanding step to 1e-07 (mm) ...       Potential overlap in geometry !

*** This is just a warning message. ***
-------- WWWW -------- G4Exception-END --------- WWWW -------


-------- WWWW ------- G4Exception-START -------- WWWW -------
*** G4Exception : GeomNav1002
      issued by : G4Navigator::ComputeStep()
Stuck Track: potential geometry or navigation problem.
  Track stuck, not moving for 10 steps.
  Current  phys volume: 'Crystal'
   - at position : (37.99479389268728,-2.829423448728329,25.53553864741303)
     in direction: (-0.0703535219100945,-0.9447393128095006,0.3201843418830448)
    (local position: (37.99479389268728,-2.829423448728329,25.53553864741303))
    (local direction: (-0.0703535219100945,-0.9447393128095006,0.3201843418830448)).
  Previous phys volume: 'World'

  Likely geometry overlap - else navigation problem !
   *** Trying to get *unstuck* using a push - expanding step to 1e-07 (mm) ...       Potential overlap in geometry !

*** This is just a warning message. ***
-------- WWWW -------- G4Exception-END --------- WWWW -------


-------- WWWW ------- G4Exception-START -------- WWWW -------
*** G4Exception : GeomNav1002
      issued by : G4Navigator::ComputeStep()
Stuck Track: potential geometry or navigation problem.
  Track stuck, not moving for 10 steps.
  Current  phys volume: 'Crystal'
   - at position : (19.83998611492083,32.52668060161917,36.54895894243845)
     in direction: (-0.8356677304886917,0.5097241975794391,0.2045499611876681)
    (local position: (19.83998611492083,32.52668060161917,36.54895894243845))
    (local direction: (-0.8356677304886917,0.5097241975794391,0.2045499611876681)).
  Previous phys volume: 'World'

  Likely geometry overlap - else navigation problem !
   *** Trying to get *unstuck* using a push - expanding step to 1e-07 (mm) ...       Potential overlap in geometry !

*** This is just a warning message. ***
-------- WWWW -------- G4Exception-END --------- WWWW -------


-------- WWWW ------- G4Exception-START -------- WWWW -------
*** G4Exception : GeomNav1002
      issued by : G4Navigator::ComputeStep()
Stuck Track: potential geometry or navigation problem.
  Track stuck, not moving for 10 steps.
  Current  phys volume: 'Crystal'
   - at position : (-35.54711096222604,-13.71177968898236,-28.35584023218377)
     in direction: (-0.3228786720221982,0.8370469947771674,-0.4417031714711756)
    (local position: (-35.54711096222604,-13.71177968898236,-28.35584023218377))
    (local direction: (-0.3228786720221982,0.8370469947771674,-0.4417031714711756)).
  Previous phys volume: 'World'

  Likely geometry overlap - else navigation problem !
   *** Trying to get *unstuck* using a push - expanding step to 1e-07 (mm) ...       Potential overlap in geometry !

*** This is just a warning message. ***
-------- WWWW -------- G4Exception-END --------- WWWW -------


-------- WWWW ------- G4Exception-START -------- WWWW -------
*** G4Exception : GeomNav1002
      issued by : G4Navigator::ComputeStep()
Stuck Track: potential geometry or navigation problem.
  Track stuck, not moving for 10 steps.
  Current  phys volume: 'Crystal'
   - at position : (22.87266660845309,30.47049592997389,-2.922725201834781)
     in direction: (0.7807222165812235,-0.5860488458971446,0.2168399657792033)
    (local position: (22.87266660845309,30.47049592997389,-2.922725201834781))
    (local direction: (0.7807222165812235,-0.5860488458971446,0.2168399657792033)).
  Previous phys volume: 'World'

  Likely geometry overlap - else navigation problem !
   *** Trying to get *unstuck* using a push - expanding step to 1e-07 (mm) ...       Potential overlap in geometry !

*** This is just a warning message. ***
-------- WWWW -------- G4Exception-END --------- WWWW -------


-------- WWWW ------- G4Exception-START -------- WWWW -------
*** G4Exception : GeomNav1002
      issued by : G4Navigator::ComputeStep()
Stuck Track: potential geometry or navigation problem.
  Track stuck, not moving for 10 steps.
  Current  phys volume: 'Crystal'
   - at position : (-1.68354248113378,38.06278608712476,13.37419602178512)
     in direction: (0.8002929490217311,0.03539749228934281,-0.5985634580274067)
    (local position: (-1.68354248113378,38.06278608712476,13.37419602178512))
    (local direction: (0.8002929490217311,0.03539749228934281,-0.5985634580274067)).
  Previous phys volume: 'World'

  Likely geometry overlap - else navigation problem !
   *** Trying to get *unstuck* using a push - expanding step to 1e-07 (mm) ...       Potential overlap in geometry !

*** This is just a warning message. ***
-------- WWWW -------- G4Exception-END --------- WWWW -------


-------- WWWW ------- G4Exception-START -------- WWWW -------
*** G4Exception : GeomNav1002
      issued by : G4Navigator::ComputeStep()
Stuck Track: potential geometry or navigation problem.
  Track stuck, not moving for 10 steps.
  Current  phys volume: 'Crystal'
   - at position : (16.6571661045726,34.26585497787379,-8.879108201706226)
     in direction: (0.7873566966407803,-0.3827463604209434,-0.4832956195119502)
    (local position: (16.6571661045726,34.26585497787379,-8.879108201706226))
    (local direction: (0.7873566966407803,-0.3827463604209434,-0.4832956195119502)).
  Previous phys volume: 'World'

  Likely geometry overlap - else navigation problem !
   *** Trying to get *unstuck* using a push - expanding step to 1e-07 (mm) ...       Potential overlap in geometry !

*** This is just a warning message. ***
-------- WWWW -------- G4Exception-END --------- WWWW -------


-------- WWWW ------- G4Exception-START -------- WWWW -------
*** G4Exception : GeomNav1002
      issued by : G4Navigator::ComputeStep()
Stuck Track: potential geometry or navigation problem.
  Track stuck, not moving for 10 steps.
  Current  phys volume: 'Crystal'
   - at position : (21.31903572109486,-31.57702829467462,-20.24589107744138)
     in direction: (-0.6766251614613226,-0.4568193008022305,-0.5774898417219132)
    (local position: (21.31903572109486,-31.57702829467462,-20.24589107744138))
    (local direction: (-0.6766251614613226,-0.4568193008022305,-0.5774898417219132)).
  Previous phys volume: 'World'

  Likely geometry overlap - else navigation problem !
   *** Trying to get *unstuck* using a push - expanding step to 1e-07 (mm) ...       Potential overlap in geometry !

*** This is just a warning message. ***
-------- WWWW -------- G4Exception-END --------- WWWW -------


-------- WWWW ------- G4Exception-START -------- WWWW -------
*** G4Exception : GeomNav1002
      issued by : G4Navigator::ComputeStep()
Stuck Track: potential geometry or navigation problem.
  Track stuck, not moving for 10 steps.
  Current  phys volume: 'Crystal'
   - at position : (-37.20977842872251,8.187941700169658,6.50902600694624)
     in direction: (0.2129886202232403,0.9679183922599106,0.1333035392643053)
    (local position: (-37.20977842872251,8.187941700169658,6.50902600694624))
    (local direction: (0.2129886202232403,0.9679183922599106,0.1333035392643053)).
  Previous phys volume: 'World'

  Likely geometry overlap - else navigation problem !
   *** Trying to get *unstuck* using a push - expanding step to 1e-07 (mm) ...       Potential overlap in geometry !

*** This is just a warning message. ***
-------- WWWW -------- G4Exception-END --------- WWWW -------


-------- WWWW ------- G4Exception-START -------- WWWW -------
*** G4Exception : GeomNav1002
      issued by : G4Navigator::ComputeStep()
Stuck Track: potential geometry or navigation problem.
  Track stuck, not moving for 10 steps.
  Current  phys volume: 'Crystal'
   - at position : (38.02025044410396,2.463849867100836,29.30239265444634)
     in direction: (-0.06144567052973524,0.9481826849276991,0.3117274860779064)
    (local position: (38.02025044410396,2.463849867100836,29.30239265444634))
    (local direction: (-0.06144567052973524,0.9481826849276991,0.3117274860779064)).
  Previous phys volume: 'World'

  Likely geometry overlap - else navigation problem !
   *** Trying to get *unstuck* using a push - expanding step to 1e-07 (mm) ...       Potential overlap in geometry !

*** This is just a warning message. ***
-------- WWWW -------- G4Exception-END --------- WWWW -------


-------- WWWW ------- G4Exception-START -------- WWWW -------
*** G4Exception : GeomNav1002
      issued by : G4Navigator::ComputeStep()
Stuck Track: potential geometry or navigation problem.
  Track stuck, not moving for 10 steps.
  Current  phys volume: 'Crystal'
   - at position : (8.843411184050424,37.05946678825549,-27.46731725980043)
     in direction: (-0.8878465178173819,0.2118646733437273,0.4084628759000079)
    (local position: (8.843411184050424,37.05946678825549,-27.46731725980043))
    (local direction: (-0.8878465178173819,0.2118646733437273,0.4084628759000079)).
  Previous phys volume: 'World'

  Likely geometry overlap - else navigation problem !
   *** Trying to get *unstuck* using a push - expanding step to 1e-07 (mm) ...       Potential overlap in geometry !

*** This is just a warning message. ***
-------- WWWW -------- G4Exception-END --------- WWWW -------


-------- WWWW ------- G4Exception-START -------- WWWW -------
*** G4Exception : GeomNav1002
      issued by : G4Navigator::ComputeStep()
Stuck Track: potential geometry or navigation problem.
  Track stuck, not moving for 10 steps.
  Current  phys volume: 'Crystal'
   - at position : (29.49367987132433,-24.11913861745145,22.71695973144173)
     in direction: (0.6326026388837155,0.7735674151933197,0.03751473615108643)
    (local position: (29.49367987132433,-24.11913861745145,22.71695973144173))
    (local direction: (0.6326026388837155,0.7735674151933197,0.03751473615108643)).
  Previous phys volume: 'World'

  Likely geometry overlap - else navigation problem !
   *** Trying to get *unstuck* using a push - expanding step to 1e-07 (mm) ...       Potential overlap in geometry !

*** This is just a warning message. ***
-------- WWWW -------- G4Exception-END --------- WWWW -------


-------- WWWW ------- G4Exception-START -------- WWWW -------
*** G4Exception : GeomNav1002
      issued by : G4Navigator::ComputeStep()
Stuck Track: potential geometry or navigation problem.
  Track stuck, not moving for 10 steps.
  Current  phys volume: 'Crystal'
   - at position : (-21.68312046946064,31.32813889631583,27.74006025104962)
     in direction: (-0.809423551525851,-0.5602256947544904,0.1760133096448298)
    (local position: (-21.68312046946064,31.32813889631583,27.74006025104962))
    (local direction: (-0.809423551525851,-0.5602256947544904,0.1760133096448298)).
  Previous phys volume: 'World'

  Likely geometry overlap - else navigation problem !
   *** Trying to get *unstuck* using a push - expanding step to 1e-07 (mm) ...       Potential overlap in geometry !

*** This is just a warning message. ***
-------- WWWW -------- G4Exception-END --------- WWWW -------


-------- WWWW ------- G4Exception-START -------- WWWW -------
*** G4Exception : GeomNav1002
      issued by : G4Navigator::ComputeStep()
Stuck Track: potential geometry or navigation problem.
  Track stuck, not moving for 10 steps.
  Current  phys volume: 'Crystal'
   - at position : (15.98265843002407,34.5856130422634,-25.60967235070085)
     in direction: (-0.7475108766572026,0.3454387522274218,-0.5673619283479837)
    (local position: (15.98265843002407,34.5856130422634,-25.60967235070085))
    (local direction: (-0.7475108766572026,0.3454387522274218,-0.5673619283479837)).
  Previous phys volume: 'World'

  Likely geometry overlap - else navigation problem !
   *** Trying to get *unstuck* using a push - expanding step to 1e-07 (mm) ...       Potential overlap in geometry !

*** This is just a warning message. ***
-------- WWWW -------- G4Exception-END --------- WWWW -------


-------- WWWW ------- G4Exception-START -------- WWWW -------
*** G4Exception : GeomNav1002
      issued by : G4Navigator::ComputeStep()
Stuck Track: potential geometry or navigation problem.
  Track stuck, not moving for 10 steps.
  Current  phys volume: 'Crystal'
   - at position : (37.41293317095607,-7.202946032393609,34.09622952901685)
     in direction: (0.1828157556338659,0.9495661382672868,-0.254759785971355)
    (local position: (37.41293317095607,-7.202946032393609,34.09622952901685))
    (local direction: (0.1828157556338659,0.9495661382672868,-0.254759785971355)).
  Previous phys volume: 'World'

  Likely geometry overlap - else navigation problem !
   *** Trying to get *unstuck* using a push - expanding step to 1e-07 (mm) ...       Potential overlap in geometry !

*** This is just a warning message. ***
-------- WWWW -------- G4Exception-END --------- WWWW -------


-------- WWWW ------- G4Exception-START -------- WWWW -------
*** G4Exception : GeomNav1002
      issued by : G4Navigator::ComputeStep()
Stuck Track: potential geometry or navigation problem.
  Track stuck, not moving for 10 steps.
  Current  phys volume: 'Crystal'
   - at position : (34.09822562245689,16.99767658828771,26.95529999123975)
     in direction: (0.3636520257719489,-0.729504927242798,0.579292469552676)
    (local position: (34.09822562245689,16.99767658828771,26.95529999123975))
    (local direction: (0.3636520257719489,-0.729504927242798,0.579292469552676)).
  Previous phys volume: 'World'

  Likely geometry overlap - else navigation problem !
   *** Trying to get *unstuck* using a push - expanding step to 1e-07 (mm) ...       Potential overlap in geometry !

*** This is just a warning message. ***
-------- WWWW -------- G4Exception-END --------- WWWW -------


-------- WWWW ------- G4Exception-START -------- WWWW -------
*** G4Exception : GeomNav1002
      issued by : G4Navigator::ComputeStep()
Stuck Track: potential geometry or navigation problem.
  Track stuck, not moving for 10 steps.
  Current  phys volume: 'Crystal'
   - at position : (37.65873212255607,-5.781859123289317,-7.537934358791921)
     in direction: (-0.1406138814573336,-0.9158542921229181,0.3760833045237873)
    (local position: (37.65873212255607,-5.781859123289317,-7.537934358791921))
    (local direction: (-0.1406138814573336,-0.9158542921229181,0.3760833045237873)).
  Previous phys volume: 'World'

  Likely geometry overlap - else navigation problem !
   *** Trying to get *unstuck* using a push - expanding step to 1e-07 (mm) ...       Potential overlap in geometry !

*** This is just a warning message. ***
-------- WWWW -------- G4Exception-END --------- WWWW -------


-------- WWWW ------- G4Exception-START -------- WWWW -------
*** G4Exception : GeomNav1002
      issued by : G4Navigator::ComputeStep()
Stuck Track: potential geometry or navigation problem.
  Track stuck, not moving for 10 steps.
  Current  phys volume: 'Crystal'
   - at position : (14.8660743049428,-35.08004895606503,9.5094882183922)
     in direction: (-0.9203125043425007,-0.3900061282827316,-0.03033338511851994)
    (local position: (14.8660743049428,-35.08004895606503,9.5094882183922))
    (local direction: (-0.9203125043425007,-0.3900061282827316,-0.03033338511851994)).
  Previous phys volume: 'World'

  Likely geometry overlap - else navigation problem !
   *** Trying to get *unstuck* using a push - expanding step to 1e-07 (mm) ...       Potential overlap in geometry !

*** This is just a warning message. ***
-------- WWWW -------- G4Exception-END --------- WWWW -------


-------- WWWW ------- G4Exception-START -------- WWWW -------
*** G4Exception : GeomNav1002
      issued by : G4Navigator::ComputeStep()
Stuck Track: potential geometry or navigation problem.
  Track stuck, not moving for 10 steps.
  Current  phys volume: 'Crystal'
   - at position : (26.36775251172433,27.50184771029858,37.55776247997569)
     in direction: (0.664155476292967,-0.6367676605830948,-0.39169433203149)
    (local position: (26.36775251172433,27.50184771029858,37.55776247997569))
    (local direction: (0.664155476292967,-0.6367676605830948,-0.39169433203149)).
  Previous phys volume: 'World'

  Likely geometry overlap - else navigation problem !
   *** Trying to get *unstuck* using a push - expanding step to 1e-07 (mm) ...       Potential overlap in geometry !

*** This is just a warning message. ***
-------- WWWW -------- G4Exception-END --------- WWWW -------


-------- WWWW ------- G4Exception-START -------- WWWW -------
*** G4Exception : GeomNav1002
      issued by : G4Navigator::ComputeStep()
Stuck Track: potential geometry or navigation problem.
  Track stuck, not moving for 10 steps.
  Current  phys volume: 'Crystal'
   - at position : (-37.98668884652587,2.936234063767304,22.65387385391569)
     in direction: (0.0770098819522647,0.9962933336707542,-0.03832846676966505)
    (local position: (-37.98668884652587,2.936234063767304,22.65387385391569))
    (local direction: (0.0770098819522647,0.9962933336707542,-0.03832846676966505)).
  Previous phys volume: 'World'

  Likely geometry overlap - else navigation problem !
   *** Trying to get *unstuck* using a push - expanding step to 1e-07 (mm) ...       Potential overlap in geometry !

*** This is just a warning message. ***
-------- WWWW -------- G4Exception-END --------- WWWW -------


-------- WWWW ------- G4Exception-START -------- WWWW -------
*** G4Exception : GeomNav1002
      issued by : G4Navigator::ComputeStep()
Stuck Track: potential geometry or navigation problem.
  Track stuck, not moving for 10 steps.
  Current  phys volume: 'Crystal'
   - at position : (25.95382026215963,-27.892816526832,-36.62055213059084)
     in direction: (0.03792720473266948,0.03529065821412906,0.9986571466644495)
    (local position: (25.95382026215963,-27.892816526832,-36.62055213059084))
    (local direction: (0.03792720473266948,0.03529065821412906,0.9986571466644495)).
  Previous phys volume: 'World'

  Likely geometry overlap - else navigation problem !
   *** Trying to get *unstuck* using a push - expanding step to 1e-07 (mm) ...       Potential overlap in geometry !

*** This is just a warning message. ***
-------- WWWW -------- G4Exception-END --------- WWWW -------


-------- WWWW ------- G4Exception-START -------- WWWW -------
*** G4Exception : GeomNav1002
      issued by : G4Navigator::ComputeStep()
Stuck Track: potential geometry or navigation problem.
  Track stuck, not moving for 10 steps.
  Current  phys volume: 'Crystal'
   - at position : (31.90870439466545,-20.81933197424591,-19.64436239427186)
     in direction: (-0.5439873664704253,-0.8337410678022517,-0.09462334268314818)
    (local position: (31.90870439466545,-20.81933197424591,-19.64436239427186))
    (local direction: (-0.5439873664704253,-0.8337410678022517,-0.09462334268314818)).
  Previous phys volume: 'World'

  Likely geometry overlap - else navigation problem !
   *** Trying to get *unstuck* using a push - expanding step to 1e-07 (mm) ...       Potential overlap in geometry !

*** This is just a warning message. ***
-------- WWWW -------- G4Exception-END --------- WWWW -------


-------- WWWW ------- G4Exception-START -------- WWWW -------
*** G4Exception : GeomNav1002
      issued by : G4Navigator::ComputeStep()
Stuck Track: potential geometry or navigation problem.
  Track stuck, not moving for 10 steps.
  Current  phys volume: 'Crystal'
   - at position : (-14.33888743978089,35.2988145266848,31.64713340263538)
     in direction: (-0.836440158934135,-0.339774053318482,-0.4300249448738628)
    (local position: (-14.33888743978089,35.2988145266848,31.64713340263538))
    (local direction: (-0.836440158934135,-0.339774053318482,-0.4300249448738628)).
  Previous phys volume: 'World'

  Likely geometry overlap - else navigation problem !
   *** Trying to get *unstuck* using a push - expanding step to 1e-07 (mm) ...       Potential overlap in geometry !

*** This is just a warning message. ***
-------- WWWW -------- G4Exception-END --------- WWWW -------


-------- WWWW ------- G4Exception-START -------- WWWW -------
*** G4Exception : GeomNav1002
      issued by : G4Navigator::ComputeStep()
Stuck Track: potential geometry or navigation problem.
  Track stuck, not moving for 10 steps.
  Current  phys volume: 'Crystal'
   - at position : (33.19100760981723,-18.7074053210234,-5.289781148167269)
     in direction: (0.04416350104227168,0.07835566044655705,0.9959467735033201)
    (local position: (33.19100760981723,-18.7074053210234,-5.289781148167269))
    (local direction: (0.04416350104227168,0.07835566044655705,0.9959467735033201)).
  Previous phys volume: 'World'

  Likely geometry overlap - else navigation problem !
   *** Trying to get *unstuck* using a push - expanding step to 1e-07 (mm) ...       Potential overlap in geometry !

*** This is just a warning message. ***
-------- WWWW -------- G4Exception-END --------- WWWW -------


-------- WWWW ------- G4Exception-START -------- WWWW -------
*** G4Exception : GeomNav1002
      issued by : G4Navigator::ComputeStep()
Stuck Track: potential geometry or navigation problem.
  Track stuck, not moving for 10 steps.
  Current  phys volume: 'Crystal'
   - at position : (-29.49730728081473,-24.11470222045452,-5.051752614793385)
     in direction: (0.5995300209662148,-0.7333501815964124,-0.3205639797493772)
    (local position: (-29.49730728081473,-24.11470222045452,-5.051752614793385))
    (local direction: (0.5995300209662148,-0.7333501815964124,-0.3205639797493772)).
  Previous phys volume: 'World'

  Likely geometry overlap - else navigation problem !
   *** Trying to get *unstuck* using a push - expanding step to 1e-07 (mm) ...       Potential overlap in geometry !

*** This is just a warning message. ***
-------- WWWW -------- G4Exception-END --------- WWWW -------


-------- WWWW ------- G4Exception-START -------- WWWW -------
*** G4Exception : GeomNav1002
      issued by : G4Navigator::ComputeStep()
Stuck Track: potential geometry or navigation problem.
  Track stuck, not moving for 10 steps.
  Current  phys volume: 'Crystal'
   - at position : (20.33279855203287,-32.22091406280166,-11.51347707803722)
     in direction: (0.8359094393292733,0.5274952226525074,-0.1516713529939056)
    (local position: (20.33279855203287,-32.22091406280166,-11.51347707803722))
    (local direction: (0.8359094393292733,0.5274952226525074,-0.1516713529939056)).
  Previous phys volume: 'World'

  Likely geometry overlap - else navigation problem !
   *** Trying to get *unstuck* using a push - expanding step to 1e-07 (mm) ...       Potential overlap in geometry !

*** This is just a warning message. ***
-------- WWWW -------- G4Exception-END --------- WWWW -------


-------- WWWW ------- G4Exception-START -------- WWWW -------
*** G4Exception : GeomNav1002
      issued by : G4Navigator::ComputeStep()
Stuck Track: potential geometry or navigation problem.
  Track stuck, not moving for 10 steps.
  Current  phys volume: 'Crystal'
   - at position : (-18.35590331843979,33.38668616925153,10.62489323242472)
     in direction: (0.8089031943951907,0.4447326324937894,-0.3845627487061127)
    (local position: (-18.35590331843979,33.38668616925153,10.62489323242472))
    (local direction: (0.8089031943951907,0.4447326324937894,-0.3845627487061127)).
  Previous phys volume: 'World'

  Likely geometry overlap - else navigation problem !
   *** Trying to get *unstuck* using a push - expanding step to 1e-07 (mm) ...       Potential overlap in geometry !

*** This is just a warning message. ***
-------- WWWW -------- G4Exception-END --------- WWWW -------


-------- WWWW ------- G4Exception-START -------- WWWW -------
*** G4Exception : GeomNav1002
      issued by : G4Navigator::ComputeStep()
Stuck Track: potential geometry or navigation problem.
  Track stuck, not moving for 10 steps.
  Current  phys volume: 'Crystal'
   - at position : (-31.00183145197034,22.14715436853282,-21.62830099221116)
     in direction: (0.5579654812986878,0.7810462472694346,-0.2804305284833607)
    (local position: (-31.00183145197034,22.14715436853282,-21.62830099221116))
    (local direction: (0.5579654812986878,0.7810462472694346,-0.2804305284833607)).
  Previous phys volume: 'World'

  Likely geometry overlap - else navigation problem !
   *** Trying to get *unstuck* using a push - expanding step to 1e-07 (mm) ...       Potential overlap in geometry !

*** This is just a warning message. ***
-------- WWWW -------- G4Exception-END --------- WWWW -------


-------- WWWW ------- G4Exception-START -------- WWWW -------
*** G4Exception : GeomNav1002
      issued by : G4Navigator::ComputeStep()
Stuck Track: potential geometry or navigation problem.
  Track stuck, not moving for 10 steps.
  Current  phys volume: 'Crystal'
   - at position : (-2.602415093557272,-38.01101729342199,-34.58494074447167)
     in direction: (-0.9828235308605882,0.06728877502201139,-0.171843323823661)
    (local position: (-2.602415093557272,-38.01101729342199,-34.58494074447167))
    (local direction: (-0.9828235308605882,0.06728877502201139,-0.171843323823661)).
  Previous phys volume: 'World'

  Likely geometry overlap - else navigation problem !
   *** Trying to get *unstuck* using a push - expanding step to 1e-07 (mm) ...       Potential overlap in geometry !

*** This is just a warning message. ***
-------- WWWW -------- G4Exception-END --------- WWWW -------


-------- WWWW ------- G4Exception-START -------- WWWW -------
*** G4Exception : GeomNav1002
      issued by : G4Navigator::ComputeStep()
Stuck Track: potential geometry or navigation problem.
  Track stuck, not moving for 10 steps.
  Current  phys volume: 'Crystal'
   - at position : (-20.09769697469572,32.368079589517,3.748117121900331)
     in direction: (-0.700689683589736,-0.4350659388097508,-0.5654658223080383)
    (local position: (-20.09769697469572,32.368079589517,3.748117121900331))
    (local direction: (-0.700689683589736,-0.4350659388097508,-0.5654658223080383)).
  Previous phys volume: 'World'

  Likely geometry overlap - else navigation problem !
   *** Trying to get *unstuck* using a push - expanding step to 1e-07 (mm) ...       Potential overlap in geometry !

*** This is just a warning message. ***
-------- WWWW -------- G4Exception-END --------- WWWW -------


-------- WWWW ------- G4Exception-START -------- WWWW -------
*** G4Exception : GeomNav1002
      issued by : G4Navigator::ComputeStep()
Stuck Track: potential geometry or navigation problem.
  Track stuck, not moving for 10 steps.
  Current  phys volume: 'Crystal'
   - at position : (4.784854515881916,-37.79834873723777,26.10970041043828)
     in direction: (-0.9269208470379549,-0.1173379671066221,-0.356440099878964)
    (local position: (4.784854515881916,-37.79834873723777,26.10970041043828))
    (local direction: (-0.9269208470379549,-0.1173379671066221,-0.356440099878964)).
  Previous phys volume: 'World'

  Likely geometry overlap - else navigation problem !
   *** Trying to get *unstuck* using a push - expanding step to 1e-07 (mm) ...       Potential overlap in geometry !

*** This is just a warning message. ***
-------- WWWW -------- G4Exception-END --------- WWWW -------


-------- WWWW ------- G4Exception-START -------- WWWW -------
*** G4Exception : GeomNav1002
      issued by : G4Navigator::ComputeStep()
Stuck Track: potential geometry or navigation problem.
  Track stuck, not moving for 10 steps.
  Current  phys volume: 'Crystal'
   - at position : (-32.9169264755152,-19.18556622582524,-16.64308395802412)
     in direction: (-0.476648853366845,0.8177926612244248,-0.3225229198546133)
    (local position: (-32.9169264755152,-19.18556622582524,-16.64308395802412))
    (local direction: (-0.476648853366845,0.8177926612244248,-0.3225229198546133)).
  Previous phys volume: 'World'

  Likely geometry overlap - else navigation problem !
   *** Trying to get *unstuck* using a push - expanding step to 1e-07 (mm) ...       Potential overlap in geometry !

*** This is just a warning message. ***
-------- WWWW -------- G4Exception-END --------- WWWW -------


-------- WWWW ------- G4Exception-START -------- WWWW -------
*** G4Exception : GeomNav1002
      issued by : G4Navigator::ComputeStep()
Stuck Track: potential geometry or navigation problem.
  Track stuck, not moving for 10 steps.
  Current  phys volume: 'Crystal'
   - at position : (-30.79880454401893,-22.42863434673005,3.482529215750543)
     in direction: (0.5508377345510195,-0.7564055599479882,-0.3527441269170487)
    (local position: (-30.79880454401893,-22.42863434673005,3.482529215750543))
    (local direction: (0.5508377345510195,-0.7564055599479882,-0.3527441269170487)).
  Previous phys volume: 'World'

  Likely geometry overlap - else navigation problem !
   *** Trying to get *unstuck* using a push - expanding step to 1e-07 (mm) ...       Potential overlap in geometry !

*** This is just a warning message. ***
-------- WWWW -------- G4Exception-END --------- WWWW -------


-------- WWWW ------- G4Exception-START -------- WWWW -------
*** G4Exception : GeomNav1002
      issued by : G4Navigator::ComputeStep()
Stuck Track: potential geometry or navigation problem.
  Track stuck, not moving for 10 steps.
  Current  phys volume: 'Crystal'
   - at position : (2.130723424742625,38.0403735219208,-15.62163535261392)
     in direction: (-0.9724747732793237,0.0544704109754201,0.2265519579776277)
    (local position: (2.130723424742625,38.0403735219208,-15.62163535261392))
    (local direction: (-0.9724747732793237,0.0544704109754201,0.2265519579776277)).
  Previous phys volume: 'World'

  Likely geometry overlap - else navigation problem !
   *** Trying to get *unstuck* using a push - expanding step to 1e-07 (mm) ...       Potential overlap in geometry !

*** This is just a warning message. ***
-------- WWWW -------- G4Exception-END --------- WWWW -------


-------- WWWW ------- G4Exception-START -------- WWWW -------
*** G4Exception : GeomNav1002
      issued by : G4Navigator::ComputeStep()
Stuck Track: potential geometry or navigation problem.
  Track stuck, not moving for 10 steps.
  Current  phys volume: 'Crystal'
   - at position : (-37.61751675472738,-6.04420658215825,24.85526084581594)
     in direction: (0.1585896418106788,-0.9870192930780319,-0.02534246637766533)
    (local position: (-37.61751675472738,-6.04420658215825,24.85526084581594))
    (local direction: (0.1585896418106788,-0.9870192930780319,-0.02534246637766533)).
  Previous phys volume: 'World'

  Likely geometry overlap - else navigation problem !
   *** Trying to get *unstuck* using a push - expanding step to 1e-07 (mm) ...       Potential overlap in geometry !

*** This is just a warning message. ***
-------- WWWW -------- G4Exception-END --------- WWWW -------


-------- WWWW ------- G4Exception-START -------- WWWW -------
*** G4Exception : GeomNav1002
      issued by : G4Navigator::ComputeStep()
Stuck Track: potential geometry or navigation problem.
  Track stuck, not moving for 10 steps.
  Current  phys volume: 'Crystal'
   - at position : (-37.34146330687843,-7.56472855435354,-16.13433110205361)
     in direction: (0.191875775859512,-0.9471486243367372,-0.2570859195975861)
    (local position: (-37.34146330687843,-7.56472855435354,-16.13433110205361))
    (local direction: (0.191875775859512,-0.9471486243367372,-0.2570859195975861)).
  Previous phys volume: 'World'

  Likely geometry overlap - else navigation problem !
   *** Trying to get *unstuck* using a push - expanding step to 1e-07 (mm) ...       Potential overlap in geometry !

*** This is just a warning message. ***
-------- WWWW -------- G4Exception-END --------- WWWW -------


-------- WWWW ------- G4Exception-START -------- WWWW -------
*** G4Exception : GeomNav1002
      issued by : G4Navigator::ComputeStep()
Stuck Track: potential geometry or navigation problem.
  Track stuck, not moving for 10 steps.
  Current  phys volume: 'Crystal'
   - at position : (18.08744219248139,-33.5328858724334,-36.77023912613743)
     in direction: (0.7012503491169175,0.3782503301493867,-0.6042968108514899)
    (local position: (18.08744219248139,-33.5328858724334,-36.77023912613743))
    (local direction: (0.7012503491169175,0.3782503301493867,-0.6042968108514899)).
  Previous phys volume: 'World'

  Likely geometry overlap - else navigation problem !
   *** Trying to get *unstuck* using a push - expanding step to 1e-07 (mm) ...       Potential overlap in geometry !

*** This is just a warning message. ***
-------- WWWW -------- G4Exception-END --------- WWWW -------


-------- WWWW ------- G4Exception-START -------- WWWW -------
*** G4Exception : GeomNav1002
      issued by : G4Navigator::ComputeStep()
Stuck Track: potential geometry or navigation problem.
  Track stuck, not moving for 10 steps.
  Current  phys volume: 'Crystal'
   - at position : (36.57936067979174,-10.65647091009524,-34.9981413366917)
     in direction: (-0.2783218771108847,-0.9553665949832484,-0.09905353053570466)
    (local position: (36.57936067979174,-10.65647091009524,-34.9981413366917))
    (local direction: (-0.2783218771108847,-0.9553665949832484,-0.09905353053570466)).
  Previous phys volume: 'World'

  Likely geometry overlap - else navigation problem !
   *** Trying to get *unstuck* using a push - expanding step to 1e-07 (mm) ...       Potential overlap in geometry !

*** This is just a warning message. ***
-------- WWWW -------- G4Exception-END --------- WWWW -------


-------- WWWW ------- G4Exception-START -------- WWWW -------
*** G4Exception : GeomNav1002
      issued by : G4Navigator::ComputeStep()
Stuck Track: potential geometry or navigation problem.
  Track stuck, not moving for 10 steps.
  Current  phys volume: 'Crystal'
   - at position : (1.671097250858939,-38.06333450944848,-37.80154416721035)
     in direction: (0.9925427740010653,0.04357567518372211,-0.1138420059141323)
    (local position: (1.671097250858939,-38.06333450944848,-37.80154416721035))
    (local direction: (0.9925427740010653,0.04357567518372211,-0.1138420059141323)).
  Previous phys volume: 'World'

  Likely geometry overlap - else navigation problem !
   *** Trying to get *unstuck* using a push - expanding step to 1e-07 (mm) ...       Potential overlap in geometry !

*** This is just a warning message. ***
-------- WWWW -------- G4Exception-END --------- WWWW -------


-------- WWWW ------- G4Exception-START -------- WWWW -------
*** G4Exception : GeomNav1002
      issued by : G4Navigator::ComputeStep()
Stuck Track: potential geometry or navigation problem.
  Track stuck, not moving for 10 steps.
  Current  phys volume: 'Crystal'
   - at position : (-25.82097389149439,28.01584029249819,-6.679160601663494)
     in direction: (-0.2657307808632264,-0.2449124310818221,0.932418925807178)
    (local position: (-25.82097389149439,28.01584029249819,-6.679160601663494))
    (local direction: (-0.2657307808632264,-0.2449124310818221,0.932418925807178)).
  Previous phys volume: 'World'

  Likely geometry overlap - else navigation problem !
   *** Trying to get *unstuck* using a push - expanding step to 1e-07 (mm) ...       Potential overlap in geometry !

*** This is just a warning message. ***
-------- WWWW -------- G4Exception-END --------- WWWW -------


-------- WWWW ------- G4Exception-START -------- WWWW -------
*** G4Exception : GeomNav1002
      issued by : G4Navigator::ComputeStep()
Stuck Track: potential geometry or navigation problem.
  Track stuck, not moving for 10 steps.
  Current  phys volume: 'Crystal'
   - at position : (-35.66755847596882,-13.39534517522205,32.71443243596696)
     in direction: (0.114586507314125,-0.3051075501767219,0.9453990243102165)
    (local position: (-35.66755847596882,-13.39534517522205,32.71443243596696))
    (local direction: (0.114586507314125,-0.3051075501767219,0.9453990243102165)).
  Previous phys volume: 'World'

  Likely geometry overlap - else navigation problem !
   *** Trying to get *unstuck* using a push - expanding step to 1e-07 (mm) ...       Potential overlap in geometry !

*** This is just a warning message. ***
-------- WWWW -------- G4Exception-END --------- WWWW -------


-------- WWWW ------- G4Exception-START -------- WWWW -------
*** G4Exception : GeomNav1002
      issued by : G4Navigator::ComputeStep()
Stuck Track: potential geometry or navigation problem.
  Track stuck, not moving for 10 steps.
  Current  phys volume: 'Crystal'
   - at position : (11.22296532112952,-36.40954613011159,6.263544143468941)
     in direction: (0.8899118857710356,0.2743085617485751,0.364433325197995)
    (local position: (11.22296532112952,-36.40954613011159,6.263544143468941))
    (local direction: (0.8899118857710356,0.2743085617485751,0.364433325197995)).
  Previous phys volume: 'World'

  Likely geometry overlap - else navigation problem !
   *** Trying to get *unstuck* using a push - expanding step to 1e-07 (mm) ...       Potential overlap in geometry !

*** This is just a warning message. ***
-------- WWWW -------- G4Exception-END --------- WWWW -------


-------- WWWW ------- G4Exception-START -------- WWWW -------
*** G4Exception : GeomNav1002
      issued by : G4Navigator::ComputeStep()
Stuck Track: potential geometry or navigation problem.
  Track stuck, not moving for 10 steps.
  Current  phys volume: 'Crystal'
   - at position : (35.98122168513913,12.52843509959937,17.96962213621006)
     in direction: (0.3186695310397611,-0.9152076017065875,0.2466673382622331)
    (local position: (35.98122168513913,12.52843509959937,17.96962213621006))
    (local direction: (0.3186695310397611,-0.9152076017065875,0.2466673382622331)).
  Previous phys volume: 'World'

  Likely geometry overlap - else navigation problem !
   *** Trying to get *unstuck* using a push - expanding step to 1e-07 (mm) ...       Potential overlap in geometry !

*** This is just a warning message. ***
-------- WWWW -------- G4Exception-END --------- WWWW -------


-------- WWWW ------- G4Exception-START -------- WWWW -------
*** G4Exception : GeomNav1002
      issued by : G4Navigator::ComputeStep()
Stuck Track: potential geometry or navigation problem.
  Track stuck, not moving for 10 steps.
  Current  phys volume: 'Crystal'
   - at position : (20.96824059008879,-31.81104975564549,5.975925342086429)
     in direction: (0.8213641940102898,0.5414018765298888,0.1795685631945141)
    (local position: (20.96824059008879,-31.81104975564549,5.975925342086429))
    (local direction: (0.8213641940102898,0.5414018765298888,0.1795685631945141)).
  Previous phys volume: 'World'

  Likely geometry overlap - else navigation problem !
   *** Trying to get *unstuck* using a push - expanding step to 1e-07 (mm) ...       Potential overlap in geometry !

*** This is just a warning message. ***
-------- WWWW -------- G4Exception-END --------- WWWW -------


-------- WWWW ------- G4Exception-START -------- WWWW -------
*** G4Exception : GeomNav1002
      issued by : G4Navigator::ComputeStep()
Stuck Track: potential geometry or navigation problem.
  Track stuck, not moving for 10 steps.
  Current  phys volume: 'Crystal'
   - at position : (11.04034106930398,36.46533791250864,-30.61594369153904)
     in direction: (0.8806295817930927,-0.2666217151762413,0.3916687384351756)
    (local position: (11.04034106930398,36.46533791250864,-30.61594369153904))
    (local direction: (0.8806295817930927,-0.2666217151762413,0.3916687384351756)).
  Previous phys volume: 'World'

  Likely geometry overlap - else navigation problem !
   *** Trying to get *unstuck* using a push - expanding step to 1e-07 (mm) ...       Potential overlap in geometry !

*** This is just a warning message. ***
-------- WWWW -------- G4Exception-END --------- WWWW -------


-------- WWWW ------- G4Exception-START -------- WWWW -------
*** G4Exception : GeomNav1002
      issued by : G4Navigator::ComputeStep()
Stuck Track: potential geometry or navigation problem.
  Track stuck, not moving for 10 steps.
  Current  phys volume: 'Crystal'
   - at position : (3.798063390639463,-37.91021912994812,-32.34555908438336)
     in direction: (-0.9388098195802793,-0.0940553573245879,-0.3313453069204205)
    (local position: (3.798063390639463,-37.91021912994812,-32.34555908438336))
    (local direction: (-0.9388098195802793,-0.0940553573245879,-0.3313453069204205)).
  Previous phys volume: 'World'

  Likely geometry overlap - else navigation problem !
   *** Trying to get *unstuck* using a push - expanding step to 1e-07 (mm) ...       Potential overlap in geometry !

*** This is just a warning message. ***
-------- WWWW -------- G4Exception-END --------- WWWW -------


-------- WWWW ------- G4Exception-START -------- WWWW -------
*** G4Exception : GeomNav1002
      issued by : G4Navigator::ComputeStep()
Stuck Track: potential geometry or navigation problem.
  Track stuck, not moving for 10 steps.
  Current  phys volume: 'Crystal'
   - at position : (-35.74742234117851,13.18073578983403,37.863458765743)
     in direction: (-0.3419569303104643,-0.927420062522552,-0.1515172777055809)
    (local position: (-35.74742234117851,13.18073578983403,37.863458765743))
    (local direction: (-0.3419569303104643,-0.927420062522552,-0.1515172777055809)).
  Previous phys volume: 'World'

  Likely geometry overlap - else navigation problem !
   *** Trying to get *unstuck* using a push - expanding step to 1e-07 (mm) ...       Potential overlap in geometry !

*** This is just a warning message. ***
-------- WWWW -------- G4Exception-END --------- WWWW -------


-------- WWWW ------- G4Exception-START -------- WWWW -------
*** G4Exception : GeomNav1002
      issued by : G4Navigator::ComputeStep()
Stuck Track: potential geometry or navigation problem.
  Track stuck, not moving for 10 steps.
  Current  phys volume: 'Crystal'
   - at position : (13.66826090654925,35.56386710961699,37.94058750850454)
     in direction: (0.8709616066871791,-0.3347366708770694,-0.3596904792276605)
    (local position: (13.66826090654925,35.56386710961699,37.94058750850454))
    (local direction: (0.8709616066871791,-0.3347366708770694,-0.3596904792276605)).
  Previous phys volume: 'World'

  Likely geometry overlap - else navigation problem !
   *** Trying to get *unstuck* using a push - expanding step to 1e-07 (mm) ...       Potential overlap in geometry !

*** This is just a warning message. ***
-------- WWWW -------- G4Exception-END --------- WWWW -------


-------- WWWW ------- G4Exception-START -------- WWWW -------
*** G4Exception : GeomNav1002
      issued by : G4Navigator::ComputeStep()
Stuck Track: potential geometry or navigation problem.
  Track stuck, not moving for 10 steps.
  Current  phys volume: 'Crystal'
   - at position : (-0.3691467268552002,-38.0982116469271,-4.851948095318267)
     in direction: (-0.8807766100306311,0.008534148681219132,0.4734550998027549)
    (local position: (-0.3691467268552002,-38.0982116469271,-4.851948095318267))
    (local direction: (-0.8807766100306311,0.008534148681219132,0.4734550998027549)).
  Previous phys volume: 'World'

  Likely geometry overlap - else navigation problem !
   *** Trying to get *unstuck* using a push - expanding step to 1e-07 (mm) ...       Potential overlap in geometry !

*** This is just a warning message. ***
-------- WWWW -------- G4Exception-END --------- WWWW -------


-------- WWWW ------- G4Exception-START -------- WWWW -------
*** G4Exception : GeomNav1002
      issued by : G4Navigator::ComputeStep()
Stuck Track: potential geometry or navigation problem.
  Track stuck, not moving for 10 steps.
  Current  phys volume: 'Crystal'
   - at position : (19.01246016043159,33.01721306603574,-13.52897431397747)
     in direction: (-0.1007093303124158,0.05799193670643884,-0.9932243281681441)
    (local position: (19.01246016043159,33.01721306603574,-13.52897431397747))
    (local direction: (-0.1007093303124158,0.05799193670643884,-0.9932243281681441)).
  Previous phys volume: 'World'

  Likely geometry overlap - else navigation problem !
   *** Trying to get *unstuck* using a push - expanding step to 1e-07 (mm) ...       Potential overlap in geometry !

*** This is just a warning message. ***
-------- WWWW -------- G4Exception-END --------- WWWW -------


-------- WWWW ------- G4Exception-START -------- WWWW -------
*** G4Exception : GeomNav1002
      issued by : G4Navigator::ComputeStep()
Stuck Track: potential geometry or navigation problem.
  Track stuck, not moving for 10 steps.
  Current  phys volume: 'Crystal'
   - at position : (-38.09243000411555,-0.7594579524618715,-19.64836720241548)
     in direction: (-0.01939684623235802,0.9728952142927058,0.2304314743314999)
    (local position: (-38.09243000411555,-0.7594579524618715,-19.64836720241548))
    (local direction: (-0.01939684623235802,0.9728952142927058,0.2304314743314999)).
  Previous phys volume: 'World'

  Likely geometry overlap - else navigation problem !
   *** Trying to get *unstuck* using a push - expanding step to 1e-07 (mm) ...       Potential overlap in geometry !

*** This is just a warning message. ***
-------- WWWW -------- G4Exception-END --------- WWWW -------


-------- WWWW ------- G4Exception-START -------- WWWW -------
*** G4Exception : GeomNav1002
      issued by : G4Navigator::ComputeStep()
Stuck Track: potential geometry or navigation problem.
  Track stuck, not moving for 10 steps.
  Current  phys volume: 'Crystal'
   - at position : (-18.94156432262723,33.05793612752882,-29.31638368735539)
     in direction: (0.8675218499687748,0.497073406490863,-0.0179963436932006)
    (local position: (-18.94156432262723,33.05793612752882,-29.31638368735539))
    (local direction: (0.8675218499687748,0.497073406490863,-0.0179963436932006)).
  Previous phys volume: 'World'

  Likely geometry overlap - else navigation problem !
   *** Trying to get *unstuck* using a push - expanding step to 1e-07 (mm) ...       Potential overlap in geometry !

*** This is just a warning message. ***
-------- WWWW -------- G4Exception-END --------- WWWW -------


-------- WWWW ------- G4Exception-START -------- WWWW -------
*** G4Exception : GeomNav1002
      issued by : G4Navigator::ComputeStep()
Stuck Track: potential geometry or navigation problem.
  Track stuck, not moving for 10 steps.
  Current  phys volume: 'Crystal'
   - at position : (-7.387826678024924,-37.37686472907356,29.0950071450127)
     in direction: (0.874850841943437,-0.1729210418329939,0.4524757647015492)
    (local position: (-7.387826678024924,-37.37686472907356,29.0950071450127))
    (local direction: (0.874850841943437,-0.1729210418329939,0.4524757647015492)).
  Previous phys volume: 'World'

  Likely geometry overlap - else navigation problem !
   *** Trying to get *unstuck* using a push - expanding step to 1e-07 (mm) ...       Potential overlap in geometry !

*** This is just a warning message. ***
-------- WWWW -------- G4Exception-END --------- WWWW -------


-------- WWWW ------- G4Exception-START -------- WWWW -------
*** G4Exception : GeomNav1002
      issued by : G4Navigator::ComputeStep()
Stuck Track: potential geometry or navigation problem.
  Track stuck, not moving for 10 steps.
  Current  phys volume: 'Crystal'
   - at position : (-26.48959984267452,27.38450474584081,15.29016547276332)
     in direction: (-0.6743176691675827,-0.6522814777509246,0.346156835598358)
    (local position: (-26.48959984267452,27.38450474584081,15.29016547276332))
    (local direction: (-0.6743176691675827,-0.6522814777509246,0.346156835598358)).
  Previous phys volume: 'World'

  Likely geometry overlap - else navigation problem !
   *** Trying to get *unstuck* using a push - expanding step to 1e-07 (mm) ...       Potential overlap in geometry !

*** This is just a warning message. ***
-------- WWWW -------- G4Exception-END --------- WWWW -------


-------- WWWW ------- G4Exception-START -------- WWWW -------
*** G4Exception : GeomNav1002
      issued by : G4Navigator::ComputeStep()
Stuck Track: potential geometry or navigation problem.
  Track stuck, not moving for 10 steps.
  Current  phys volume: 'Crystal'
   - at position : (26.36987628595717,27.49981135686777,28.19148765768336)
     in direction: (-0.7193893930157588,0.6898305246198633,0.0813188079050749)
    (local position: (26.36987628595717,27.49981135686777,28.19148765768336))
    (local direction: (-0.7193893930157588,0.6898305246198633,0.0813188079050749)).
  Previous phys volume: 'World'

  Likely geometry overlap - else navigation problem !
   *** Trying to get *unstuck* using a push - expanding step to 1e-07 (mm) ...       Potential overlap in geometry !

*** This is just a warning message. ***
-------- WWWW -------- G4Exception-END --------- WWWW -------


-------- WWWW ------- G4Exception-START -------- WWWW -------
*** G4Exception : GeomNav1002
      issued by : G4Navigator::ComputeStep()
Stuck Track: potential geometry or navigation problem.
  Track stuck, not moving for 10 steps.
  Current  phys volume: 'Crystal'
   - at position : (-16.77000597757145,-34.21077168834719,-15.50768363139051)
     in direction: (-0.8018623613406491,0.3930702503694947,0.4500139239397611)
    (local position: (-16.77000597757145,-34.21077168834719,-15.50768363139051))
    (local direction: (-0.8018623613406491,0.3930702503694947,0.4500139239397611)).
  Previous phys volume: 'World'

  Likely geometry overlap - else navigation problem !
   *** Trying to get *unstuck* using a push - expanding step to 1e-07 (mm) ...       Potential overlap in geometry !

*** This is just a warning message. ***
-------- WWWW -------- G4Exception-END --------- WWWW -------


-------- WWWW ------- G4Exception-START -------- WWWW -------
*** G4Exception : GeomNav1002
      issued by : G4Navigator::ComputeStep()
Stuck Track: potential geometry or navigation problem.
  Track stuck, not moving for 10 steps.
  Current  phys volume: 'Crystal'
   - at position : (37.92532490289728,3.644136524566481,-28.9384383248611)
     in direction: (-0.09542726071734139,0.9931323491589537,-0.06768880975466293)
    (local position: (37.92532490289728,3.644136524566481,-28.9384383248611))
    (local direction: (-0.09542726071734139,0.9931323491589537,-0.06768880975466293)).
  Previous phys volume: 'World'

  Likely geometry overlap - else navigation problem !
   *** Trying to get *unstuck* using a push - expanding step to 1e-07 (mm) ...       Potential overlap in geometry !

*** This is just a warning message. ***
-------- WWWW -------- G4Exception-END --------- WWWW -------


-------- WWWW ------- G4Exception-START -------- WWWW -------
*** G4Exception : GeomNav1002
      issued by : G4Navigator::ComputeStep()
Stuck Track: potential geometry or navigation problem.
  Track stuck, not moving for 10 steps.
  Current  phys volume: 'Crystal'
   - at position : (4.825062849808874,-37.79323707352142,-23.14722718313305)
     in direction: (-0.8582635882020827,-0.109574518497091,-0.5013751470332537)
    (local position: (4.825062849808874,-37.79323707352142,-23.14722718313305))
    (local direction: (-0.8582635882020827,-0.109574518497091,-0.5013751470332537)).
  Previous phys volume: 'World'

  Likely geometry overlap - else navigation problem !
   *** Trying to get *unstuck* using a push - expanding step to 1e-07 (mm) ...       Potential overlap in geometry !

*** This is just a warning message. ***
-------- WWWW -------- G4Exception-END --------- WWWW -------


-------- WWWW ------- G4Exception-START -------- WWWW -------
*** G4Exception : GeomNav1002
      issued by : G4Navigator::ComputeStep()
Stuck Track: potential geometry or navigation problem.
  Track stuck, not moving for 10 steps.
  Current  phys volume: 'Crystal'
   - at position : (25.92528574518339,27.91934023272382,-25.37941408606061)
     in direction: (-0.637081036090145,0.5915794487190553,0.4941270173827433)
    (local position: (25.92528574518339,27.91934023272382,-25.37941408606061))
    (local direction: (-0.637081036090145,0.5915794487190553,0.4941270173827433)).
  Previous phys volume: 'World'

  Likely geometry overlap - else navigation problem !
   *** Trying to get *unstuck* using a push - expanding step to 1e-07 (mm) ...       Potential overlap in geometry !

*** This is just a warning message. ***
-------- WWWW -------- G4Exception-END --------- WWWW -------


-------- WWWW ------- G4Exception-START -------- WWWW -------
*** G4Exception : GeomNav1002
      issued by : G4Navigator::ComputeStep()
Stuck Track: potential geometry or navigation problem.
  Track stuck, not moving for 10 steps.
  Current  phys volume: 'Crystal'
   - at position : (32.83503426063227,-19.32538550981856,-25.54363864732913)
     in direction: (-0.423905043418249,-0.7202410848063695,0.5491423257421675)
    (local position: (32.83503426063227,-19.32538550981856,-25.54363864732913))
    (local direction: (-0.423905043418249,-0.7202410848063695,0.5491423257421675)).
  Previous phys volume: 'World'

  Likely geometry overlap - else navigation problem !
   *** Trying to get *unstuck* using a push - expanding step to 1e-07 (mm) ...       Potential overlap in geometry !

*** This is just a warning message. ***
-------- WWWW -------- G4Exception-END --------- WWWW -------


-------- WWWW ------- G4Exception-START -------- WWWW -------
*** G4Exception : GeomNav1002
      issued by : G4Navigator::ComputeStep()
Stuck Track: potential geometry or navigation problem.
  Track stuck, not moving for 10 steps.
  Current  phys volume: 'Crystal'
   - at position : (13.21943620737779,35.73312897521107,-22.76473300055073)
     in direction: (-0.8108026391213053,0.2999556454200589,-0.5026188328888624)
    (local position: (13.21943620737779,35.73312897521107,-22.76473300055073))
    (local direction: (-0.8108026391213053,0.2999556454200589,-0.5026188328888624)).
  Previous phys volume: 'World'

  Likely geometry overlap - else navigation problem !
   *** Trying to get *unstuck* using a push - expanding step to 1e-07 (mm) ...       Potential overlap in geometry !

*** This is just a warning message. ***
-------- WWWW -------- G4Exception-END --------- WWWW -------


-------- WWWW ------- G4Exception-START -------- WWWW -------
*** G4Exception : GeomNav1002
      issued by : G4Navigator::ComputeStep()
Stuck Track: potential geometry or navigation problem.
  Track stuck, not moving for 10 steps.
  Current  phys volume: 'Crystal'
   - at position : (-37.63726569558644,-5.919985722941614,-23.77956766726665)
     in direction: (0.155167209442776,-0.986500603609321,0.05234210725780245)
    (local position: (-37.63726569558644,-5.919985722941614,-23.77956766726665))
    (local direction: (0.155167209442776,-0.986500603609321,0.05234210725780245)).
  Previous phys volume: 'World'

  Likely geometry overlap - else navigation problem !
   *** Trying to get *unstuck* using a push - expanding step to 1e-07 (mm) ...       Potential overlap in geometry !

*** This is just a warning message. ***
-------- WWWW -------- G4Exception-END --------- WWWW -------


-------- WWWW ------- G4Exception-START -------- WWWW -------
*** G4Exception : GeomNav1002
      issued by : G4Navigator::ComputeStep()
Stuck Track: potential geometry or navigation problem.
  Track stuck, not moving for 10 steps.
  Current  phys volume: 'Crystal'
   - at position : (-8.644944212303972,-37.10626550282515,-35.415712749998)
     in direction: (0.8939840686613442,-0.208278636923929,-0.3967524346249426)
    (local position: (-8.644944212303972,-37.10626550282515,-35.415712749998))
    (local direction: (0.8939840686613442,-0.208278636923929,-0.3967524346249426)).
  Previous phys volume: 'World'

  Likely geometry overlap - else navigation problem !
   *** Trying to get *unstuck* using a push - expanding step to 1e-07 (mm) ...       Potential overlap in geometry !

*** This is just a warning message. ***
-------- WWWW -------- G4Exception-END --------- WWWW -------


-------- WWWW ------- G4Exception-START -------- WWWW -------
*** G4Exception : GeomNav1002
      issued by : G4Navigator::ComputeStep()
Stuck Track: potential geometry or navigation problem.
  Track stuck, not moving for 10 steps.
  Current  phys volume: 'Crystal'
   - at position : (-34.88156153774968,-15.32601268067406,25.47995200916056)
     in direction: (0.3810673334576741,-0.8672982281158744,0.3202834227344941)
    (local position: (-34.88156153774968,-15.32601268067406,25.47995200916056))
    (local direction: (0.3810673334576741,-0.8672982281158744,0.3202834227344941)).
  Previous phys volume: 'World'

  Likely geometry overlap - else navigation problem !
   *** Trying to get *unstuck* using a push - expanding step to 1e-07 (mm) ...       Potential overlap in geometry !

*** This is just a warning message. ***
-------- WWWW -------- G4Exception-END --------- WWWW -------


-------- WWWW ------- G4Exception-START -------- WWWW -------
*** G4Exception : GeomNav1002
      issued by : G4Navigator::ComputeStep()
Stuck Track: potential geometry or navigation problem.
  Track stuck, not moving for 10 steps.
  Current  phys volume: 'Crystal'
   - at position : (28.98315217925398,-24.73028284824509,20.15837186972372)
     in direction: (-0.5074894809299971,-0.594762500106563,0.623467717859067)
    (local position: (28.98315217925398,-24.73028284824509,20.15837186972372))
    (local direction: (-0.5074894809299971,-0.594762500106563,0.623467717859067)).
  Previous phys volume: 'World'

  Likely geometry overlap - else navigation problem !
   *** Trying to get *unstuck* using a push - expanding step to 1e-07 (mm) ...       Potential overlap in geometry !

*** This is just a warning message. ***
-------- WWWW -------- G4Exception-END --------- WWWW -------


-------- WWWW ------- G4Exception-START -------- WWWW -------
*** G4Exception : GeomNav1002
      issued by : G4Navigator::ComputeStep()
Stuck Track: potential geometry or navigation problem.
  Track stuck, not moving for 10 steps.
  Current  phys volume: 'Crystal'
   - at position : (-38.09827547785375,-0.3624991221608094,34.25781491869503)
     in direction: (0.009001644058016029,-0.9460632981167086,0.3238567682800355)
    (local position: (-38.09827547785375,-0.3624991221608094,34.25781491869503))
    (local direction: (0.009001644058016029,-0.9460632981167086,0.3238567682800355)).
  Previous phys volume: 'World'

  Likely geometry overlap - else navigation problem !
   *** Trying to get *unstuck* using a push - expanding step to 1e-07 (mm) ...       Potential overlap in geometry !

*** This is just a warning message. ***
-------- WWWW -------- G4Exception-END --------- WWWW -------


-------- WWWW ------- G4Exception-START -------- WWWW -------
*** G4Exception : GeomNav1002
      issued by : G4Navigator::ComputeStep()
Stuck Track: potential geometry or navigation problem.
  Track stuck, not moving for 10 steps.
  Current  phys volume: 'Crystal'
   - at position : (10.43034492516276,-36.64447986726147,-30.78227175177355)
     in direction: (-0.786695982843575,-0.223922142762607,-0.5752984482495883)
    (local position: (10.43034492516276,-36.64447986726147,-30.78227175177355))
    (local direction: (-0.786695982843575,-0.223922142762607,-0.5752984482495883)).
  Previous phys volume: 'World'

  Likely geometry overlap - else navigation problem !
   *** Trying to get *unstuck* using a push - expanding step to 1e-07 (mm) ...       Potential overlap in geometry !

*** This is just a warning message. ***
-------- WWWW -------- G4Exception-END --------- WWWW -------


-------- WWWW ------- G4Exception-START -------- WWWW -------
*** G4Exception : GeomNav1002
      issued by : G4Navigator::ComputeStep()
Stuck Track: potential geometry or navigation problem.
  Track stuck, not moving for 10 steps.
  Current  phys volume: 'Crystal'
   - at position : (29.6067753450429,-23.98017626432633,-21.89719145686877)
     in direction: (-0.5472255672575783,-0.6756240760815743,-0.4940407739838292)
    (local position: (29.6067753450429,-23.98017626432633,-21.89719145686877))
    (local direction: (-0.5472255672575783,-0.6756240760815743,-0.4940407739838292)).
  Previous phys volume: 'World'

  Likely geometry overlap - else navigation problem !
   *** Trying to get *unstuck* using a push - expanding step to 1e-07 (mm) ...       Potential overlap in geometry !

*** This is just a warning message. ***
-------- WWWW -------- G4Exception-END --------- WWWW -------


-------- WWWW ------- G4Exception-START -------- WWWW -------
*** G4Exception : GeomNav1002
      issued by : G4Navigator::ComputeStep()
Stuck Track: potential geometry or navigation problem.
  Track stuck, not moving for 10 steps.
  Current  phys volume: 'Crystal'
   - at position : (37.69234166354588,5.558541168195465,34.63318521699331)
     in direction: (-0.1306855929843274,0.8861760437167883,0.4445371697943781)
    (local position: (37.69234166354588,5.558541168195465,34.63318521699331))
    (local direction: (-0.1306855929843274,0.8861760437167883,0.4445371697943781)).
  Previous phys volume: 'World'

  Likely geometry overlap - else navigation problem !
   *** Trying to get *unstuck* using a push - expanding step to 1e-07 (mm) ...       Potential overlap in geometry !

*** This is just a warning message. ***
-------- WWWW -------- G4Exception-END --------- WWWW -------


-------- WWWW ------- G4Exception-START -------- WWWW -------
*** G4Exception : GeomNav1002
      issued by : G4Navigator::ComputeStep()
Stuck Track: potential geometry or navigation problem.
  Track stuck, not moving for 10 steps.
  Current  phys volume: 'Crystal'
   - at position : (-25.36973288743181,-28.42510603709968,-4.004969569433526)
     in direction: (0.6334778586812202,-0.5653862484758779,0.5282463370389131)
    (local position: (-25.36973288743181,-28.42510603709968,-4.004969569433526))
    (local direction: (0.6334778586812202,-0.5653862484758779,0.5282463370389131)).
  Previous phys volume: 'World'

  Likely geometry overlap - else navigation problem !
   *** Trying to get *unstuck* using a push - expanding step to 1e-07 (mm) ...       Potential overlap in geometry !

*** This is just a warning message. ***
-------- WWWW -------- G4Exception-END --------- WWWW -------


-------- WWWW ------- G4Exception-START -------- WWWW -------
*** G4Exception : GeomNav1002
      issued by : G4Navigator::ComputeStep()
Stuck Track: potential geometry or navigation problem.
  Track stuck, not moving for 10 steps.
  Current  phys volume: 'Crystal'
   - at position : (17.820882973934,-33.67530445340248,14.28328544636866)
     in direction: (-0.766539967259958,-0.4056509443080237,0.4978592069803584)
    (local position: (17.820882973934,-33.67530445340248,14.28328544636866))
    (local direction: (-0.766539967259958,-0.4056509443080237,0.4978592069803584)).
  Previous phys volume: 'World'

  Likely geometry overlap - else navigation problem !
   *** Trying to get *unstuck* using a push - expanding step to 1e-07 (mm) ...       Potential overlap in geometry !

*** This is just a warning message. ***
-------- WWWW -------- G4Exception-END --------- WWWW -------


-------- WWWW ------- G4Exception-START -------- WWWW -------
*** G4Exception : GeomNav1002
      issued by : G4Navigator::ComputeStep()
Stuck Track: potential geometry or navigation problem.
  Track stuck, not moving for 10 steps.
  Current  phys volume: 'Crystal'
   - at position : (37.76779237465992,5.020344524490339,-6.433617080325745)
     in direction: (0.1285489710140354,-0.9670672647166872,-0.2196726372687721)
    (local position: (37.76779237465992,5.020344524490339,-6.433617080325745))
    (local direction: (0.1285489710140354,-0.9670672647166872,-0.2196726372687721)).
  Previous phys volume: 'World'

  Likely geometry overlap - else navigation problem !
   *** Trying to get *unstuck* using a push - expanding step to 1e-07 (mm) ...       Potential overlap in geometry !

*** This is just a warning message. ***
-------- WWWW -------- G4Exception-END --------- WWWW -------


-------- WWWW ------- G4Exception-START -------- WWWW -------
*** G4Exception : GeomNav1002
      issued by : G4Navigator::ComputeStep()
Stuck Track: potential geometry or navigation problem.
  Track stuck, not moving for 10 steps.
  Current  phys volume: 'Crystal'
   - at position : (26.08448615539582,-27.77066045323668,8.311613620678644)
     in direction: (-0.6251736154122146,-0.5872144288177357,0.5141373018763382)
    (local position: (26.08448615539582,-27.77066045323668,8.311613620678644))
    (local direction: (-0.6251736154122146,-0.5872144288177357,0.5141373018763382)).
  Previous phys volume: 'World'

  Likely geometry overlap - else navigation problem !
   *** Trying to get *unstuck* using a push - expanding step to 1e-07 (mm) ...       Potential overlap in geometry !

*** This is just a warning message. ***
-------- WWWW -------- G4Exception-END --------- WWWW -------


-------- WWWW ------- G4Exception-START -------- WWWW -------
*** G4Exception : GeomNav1002
      issued by : G4Navigator::ComputeStep()
Stuck Track: potential geometry or navigation problem.
  Track stuck, not moving for 10 steps.
  Current  phys volume: 'Crystal'
   - at position : (-13.77524997156274,35.52256308631122,-24.279613116171)
     in direction: (-0.8880410604134718,-0.3443723236548001,0.3046157870503605)
    (local position: (-13.77524997156274,35.52256308631122,-24.279613116171))
    (local direction: (-0.8880410604134718,-0.3443723236548001,0.3046157870503605)).
  Previous phys volume: 'World'

  Likely geometry overlap - else navigation problem !
   *** Trying to get *unstuck* using a push - expanding step to 1e-07 (mm) ...       Potential overlap in geometry !

*** This is just a warning message. ***
-------- WWWW -------- G4Exception-END --------- WWWW -------


-------- WWWW ------- G4Exception-START -------- WWWW -------
*** G4Exception : GeomNav1002
      issued by : G4Navigator::ComputeStep()
Stuck Track: potential geometry or navigation problem.
  Track stuck, not moving for 10 steps.
  Current  phys volume: 'Crystal'
   - at position : (-15.86875598618723,-34.63802222198674,33.15031682035419)
     in direction: (0.9090029422813747,-0.4164425378950519,0.01700774986093252)
    (local position: (-15.86875598618723,-34.63802222198674,33.15031682035419))
    (local direction: (0.9090029422813747,-0.4164425378950519,0.01700774986093252)).
  Previous phys volume: 'World'

  Likely geometry overlap - else navigation problem !
   *** Trying to get *unstuck* using a push - expanding step to 1e-07 (mm) ...       Potential overlap in geometry !

*** This is just a warning message. ***
-------- WWWW -------- G4Exception-END --------- WWWW -------


-------- WWWW ------- G4Exception-START -------- WWWW -------
*** G4Exception : GeomNav1002
      issued by : G4Navigator::ComputeStep()
Stuck Track: potential geometry or navigation problem.
  Track stuck, not moving for 10 steps.
  Current  phys volume: 'Crystal'
   - at position : (-36.70797173703082,-10.20464653740377,-14.81559268452368)
     in direction: (-0.2349857487492318,0.8452865262971071,0.479867050697725)
    (local position: (-36.70797173703082,-10.20464653740377,-14.81559268452368))
    (local direction: (-0.2349857487492318,0.8452865262971071,0.479867050697725)).
  Previous phys volume: 'World'

  Likely geometry overlap - else navigation problem !
   *** Trying to get *unstuck* using a push - expanding step to 1e-07 (mm) ...       Potential overlap in geometry !

*** This is just a warning message. ***
-------- WWWW -------- G4Exception-END --------- WWWW -------


-------- WWWW ------- G4Exception-START -------- WWWW -------
*** G4Exception : GeomNav1002
      issued by : G4Navigator::ComputeStep()
Stuck Track: potential geometry or navigation problem.
  Track stuck, not moving for 10 steps.
  Current  phys volume: 'Crystal'
   - at position : (19.6384762872039,32.64874039096961,-32.63791332820816)
     in direction: (0.7251722423456028,-0.4361968552202288,-0.5327828098084932)
    (local position: (19.6384762872039,32.64874039096961,-32.63791332820816))
    (local direction: (0.7251722423456028,-0.4361968552202288,-0.5327828098084932)).
  Previous phys volume: 'World'

  Likely geometry overlap - else navigation problem !
   *** Trying to get *unstuck* using a push - expanding step to 1e-07 (mm) ...       Potential overlap in geometry !

*** This is just a warning message. ***
-------- WWWW -------- G4Exception-END --------- WWWW -------


-------- WWWW ------- G4Exception-START -------- WWWW -------
*** G4Exception : GeomNav1002
      issued by : G4Navigator::ComputeStep()
Stuck Track: potential geometry or navigation problem.
  Track stuck, not moving for 10 steps.
  Current  phys volume: 'Crystal'
   - at position : (-9.272998060015277,-36.95431648642622,-36.11538840408691)
     in direction: (0.9321732085769795,-0.2339115204013477,0.2762942450266183)
    (local position: (-9.272998060015277,-36.95431648642622,-36.11538840408691))
    (local direction: (0.9321732085769795,-0.2339115204013477,0.2762942450266183)).
  Previous phys volume: 'World'

  Likely geometry overlap - else navigation problem !
   *** Trying to get *unstuck* using a push - expanding step to 1e-07 (mm) ...       Potential overlap in geometry !

*** This is just a warning message. ***
-------- WWWW -------- G4Exception-END --------- WWWW -------


-------- WWWW ------- G4Exception-START -------- WWWW -------
*** G4Exception : GeomNav1002
      issued by : G4Navigator::ComputeStep()
Stuck Track: potential geometry or navigation problem.
  Track stuck, not moving for 10 steps.
  Current  phys volume: 'Crystal'
   - at position : (32.14260940068776,-20.4563599136019,30.86329392130133)
     in direction: (0.5280181932292446,0.8296628829911964,-0.1812630359606187)
    (local position: (32.14260940068776,-20.4563599136019,30.86329392130133))
    (local direction: (0.5280181932292446,0.8296628829911964,-0.1812630359606187)).
  Previous phys volume: 'World'

  Likely geometry overlap - else navigation problem !
   *** Trying to get *unstuck* using a push - expanding step to 1e-07 (mm) ...       Potential overlap in geometry !

*** This is just a warning message. ***
-------- WWWW -------- G4Exception-END --------- WWWW -------


-------- WWWW ------- G4Exception-START -------- WWWW -------
*** G4Exception : GeomNav1002
      issued by : G4Navigator::ComputeStep()
Stuck Track: potential geometry or navigation problem.
  Track stuck, not moving for 10 steps.
  Current  phys volume: 'Crystal'
   - at position : (-8.421834304585705,37.15753903242387,14.89144314113605)
     in direction: (-0.9302191682695842,-0.2108361292517205,-0.3004004420535942)
    (local position: (-8.421834304585705,37.15753903242387,14.89144314113605))
    (local direction: (-0.9302191682695842,-0.2108361292517205,-0.3004004420535942)).
  Previous phys volume: 'World'

  Likely geometry overlap - else navigation problem !
   *** Trying to get *unstuck* using a push - expanding step to 1e-07 (mm) ...       Potential overlap in geometry !

*** This is just a warning message. ***
-------- WWWW -------- G4Exception-END --------- WWWW -------


-------- WWWW ------- G4Exception-START -------- WWWW -------
*** G4Exception : GeomNav1002
      issued by : G4Navigator::ComputeStep()
Stuck Track: potential geometry or navigation problem.
  Track stuck, not moving for 10 steps.
  Current  phys volume: 'Crystal'
   - at position : (10.75444872521996,36.55067485856608,-25.51512260887037)
     in direction: (-0.9048673023605751,0.2662426629336022,0.3321596145721508)
    (local position: (10.75444872521996,36.55067485856608,-25.51512260887037))
    (local direction: (-0.9048673023605751,0.2662426629336022,0.3321596145721508)).
  Previous phys volume: 'World'

  Likely geometry overlap - else navigation problem !
   *** Trying to get *unstuck* using a push - expanding step to 1e-07 (mm) ...       Potential overlap in geometry !

*** This is just a warning message. ***
-------- WWWW -------- G4Exception-END --------- WWWW -------


-------- WWWW ------- G4Exception-START -------- WWWW -------
*** G4Exception : GeomNav1002
      issued by : G4Navigator::ComputeStep()
Stuck Track: potential geometry or navigation problem.
  Track stuck, not moving for 10 steps.
  Current  phys volume: 'Crystal'
   - at position : (28.0341154681706,-25.80113117514962,-30.39916188352267)
     in direction: (-0.5503986092324873,-0.5980333986133679,-0.5825954214529054)
    (local position: (28.0341154681706,-25.80113117514962,-30.39916188352267))
    (local direction: (-0.5503986092324873,-0.5980333986133679,-0.5825954214529054)).
  Previous phys volume: 'World'

  Likely geometry overlap - else navigation problem !
   *** Trying to get *unstuck* using a push - expanding step to 1e-07 (mm) ...       Potential overlap in geometry !

*** This is just a warning message. ***
-------- WWWW -------- G4Exception-END --------- WWWW -------


-------- WWWW ------- G4Exception-START -------- WWWW -------
*** G4Exception : GeomNav1002
      issued by : G4Navigator::ComputeStep()
Stuck Track: potential geometry or navigation problem.
  Track stuck, not moving for 10 steps.
  Current  phys volume: 'Crystal'
   - at position : (34.04883283177617,17.09640262727108,-15.93824515393481)
     in direction: (-0.4397597434255965,0.8758161770335503,-0.1988904022535795)
    (local position: (34.04883283177617,17.09640262727108,-15.93824515393481))
    (local direction: (-0.4397597434255965,0.8758161770335503,-0.1988904022535795)).
  Previous phys volume: 'World'

  Likely geometry overlap - else navigation problem !
   *** Trying to get *unstuck* using a push - expanding step to 1e-07 (mm) ...       Potential overlap in geometry !

*** This is just a warning message. ***
-------- WWWW -------- G4Exception-END --------- WWWW -------


-------- WWWW ------- G4Exception-START -------- WWWW -------
*** G4Exception : GeomNav1002
      issued by : G4Navigator::ComputeStep()
Stuck Track: potential geometry or navigation problem.
  Track stuck, not moving for 10 steps.
  Current  phys volume: 'Crystal'
   - at position : (-37.49145219477467,6.782404612445752,-37.56521946479292)
     in direction: (0.1570685013243918,0.8682357578464852,0.4706337797995904)
    (local position: (-37.49145219477467,6.782404612445752,-37.56521946479292))
    (local direction: (0.1570685013243918,0.8682357578464852,0.4706337797995904)).
  Previous phys volume: 'World'

  Likely geometry overlap - else navigation problem !
   *** Trying to get *unstuck* using a push - expanding step to 1e-07 (mm) ...       Potential overlap in geometry !

*** This is just a warning message. ***
-------- WWWW -------- G4Exception-END --------- WWWW -------


-------- WWWW ------- G4Exception-START -------- WWWW -------
*** G4Exception : GeomNav1002
      issued by : G4Navigator::ComputeStep()
Stuck Track: potential geometry or navigation problem.
  Track stuck, not moving for 10 steps.
  Current  phys volume: 'Crystal'
   - at position : (-32.93167923269773,19.16023232935094,8.857324837609857)
     in direction: (-0.4501228110735624,-0.7736492843506616,-0.4459329991993674)
    (local position: (-32.93167923269773,19.16023232935094,8.857324837609857))
    (local direction: (-0.4501228110735624,-0.7736492843506616,-0.4459329991993674)).
  Previous phys volume: 'World'

  Likely geometry overlap - else navigation problem !
   *** Trying to get *unstuck* using a push - expanding step to 1e-07 (mm) ...       Potential overlap in geometry !

*** This is just a warning message. ***
-------- WWWW -------- G4Exception-END --------- WWWW -------


-------- WWWW ------- G4Exception-START -------- WWWW -------
*** G4Exception : GeomNav1002
      issued by : G4Navigator::ComputeStep()
Stuck Track: potential geometry or navigation problem.
  Track stuck, not moving for 10 steps.
  Current  phys volume: 'Crystal'
   - at position : (-3.229096200240363,37.96291529545108,5.905775202044537)
     in direction: (-0.9928820881693838,-0.0844537821514106,0.08398046006498287)
    (local position: (-3.229096200240363,37.96291529545108,5.905775202044537))
    (local direction: (-0.9928820881693838,-0.0844537821514106,0.08398046006498287)).
  Previous phys volume: 'World'

  Likely geometry overlap - else navigation problem !
   *** Trying to get *unstuck* using a push - expanding step to 1e-07 (mm) ...       Potential overlap in geometry !

*** This is just a warning message. ***
-------- WWWW -------- G4Exception-END --------- WWWW -------


-------- WWWW ------- G4Exception-START -------- WWWW -------
*** G4Exception : GeomNav1002
      issued by : G4Navigator::ComputeStep()
Stuck Track: potential geometry or navigation problem.
  Track stuck, not moving for 10 steps.
  Current  phys volume: 'Crystal'
   - at position : (36.2931105893635,-11.59396928356423,-5.539376063214239)
     in direction: (-0.2880265763756957,-0.9016222256080778,-0.3226732923420097)
    (local position: (36.2931105893635,-11.59396928356423,-5.539376063214239))
    (local direction: (-0.2880265763756957,-0.9016222256080778,-0.3226732923420097)).
  Previous phys volume: 'World'

  Likely geometry overlap - else navigation problem !
   *** Trying to get *unstuck* using a push - expanding step to 1e-07 (mm) ...       Potential overlap in geometry !

*** This is just a warning message. ***
-------- WWWW -------- G4Exception-END --------- WWWW -------


-------- WWWW ------- G4Exception-START -------- WWWW -------
*** G4Exception : GeomNav1002
      issued by : G4Navigator::ComputeStep()
Stuck Track: potential geometry or navigation problem.
  Track stuck, not moving for 10 steps.
  Current  phys volume: 'Crystal'
   - at position : (-36.46134592176868,11.05351770130768,26.8137242444352)
     in direction: (-0.2848903252432919,-0.9397447020175281,-0.188990469634738)
    (local position: (-36.46134592176868,11.05351770130768,26.8137242444352))
    (local direction: (-0.2848903252432919,-0.9397447020175281,-0.188990469634738)).
  Previous phys volume: 'World'

  Likely geometry overlap - else navigation problem !
   *** Trying to get *unstuck* using a push - expanding step to 1e-07 (mm) ...       Potential overlap in geometry !

*** This is just a warning message. ***
-------- WWWW -------- G4Exception-END --------- WWWW -------


-------- WWWW ------- G4Exception-START -------- WWWW -------
*** G4Exception : GeomNav1002
      issued by : G4Navigator::ComputeStep()
Stuck Track: potential geometry or navigation problem.
  Track stuck, not moving for 10 steps.
  Current  phys volume: 'Crystal'
   - at position : (-24.86986743122529,28.86346642302826,-4.10559655781982)
     in direction: (-0.7325408731783489,-0.6311852546360982,-0.2549294872176737)
    (local position: (-24.86986743122529,28.86346642302826,-4.10559655781982))
    (local direction: (-0.7325408731783489,-0.6311852546360982,-0.2549294872176737)).
  Previous phys volume: 'World'

  Likely geometry overlap - else navigation problem !
   *** Trying to get *unstuck* using a push - expanding step to 1e-07 (mm) ...       Potential overlap in geometry !

*** This is just a warning message. ***
-------- WWWW -------- G4Exception-END --------- WWWW -------


-------- WWWW ------- G4Exception-START -------- WWWW -------
*** G4Exception : GeomNav1002
      issued by : G4Navigator::ComputeStep()
Stuck Track: potential geometry or navigation problem.
  Track stuck, not moving for 10 steps.
  Current  phys volume: 'Crystal'
   - at position : (-35.59118425642369,13.59697036936163,6.593215788239697)
     in direction: (-0.3336670802993597,-0.8734009277535106,0.3547352518763923)
    (local position: (-35.59118425642369,13.59697036936163,6.593215788239697))
    (local direction: (-0.3336670802993597,-0.8734009277535106,0.3547352518763923)).
  Previous phys volume: 'World'

  Likely geometry overlap - else navigation problem !
   *** Trying to get *unstuck* using a push - expanding step to 1e-07 (mm) ...       Potential overlap in geometry !

*** This is just a warning message. ***
-------- WWWW -------- G4Exception-END --------- WWWW -------


-------- WWWW ------- G4Exception-START -------- WWWW -------
*** G4Exception : GeomNav1002
      issued by : G4Navigator::ComputeStep()
Stuck Track: potential geometry or navigation problem.
  Track stuck, not moving for 10 steps.
  Current  phys volume: 'Crystal'
   - at position : (33.91447235219574,17.36141022705675,-28.9907192033705)
     in direction: (0.4484352478858204,-0.8759913288882614,-0.1776091781585647)
    (local position: (33.91447235219574,17.36141022705675,-28.9907192033705))
    (local direction: (0.4484352478858204,-0.8759913288882614,-0.1776091781585647)).
  Previous phys volume: 'World'

  Likely geometry overlap - else navigation problem !
   *** Trying to get *unstuck* using a push - expanding step to 1e-07 (mm) ...       Potential overlap in geometry !

*** This is just a warning message. ***
-------- WWWW -------- G4Exception-END --------- WWWW -------


-------- WWWW ------- G4Exception-START -------- WWWW -------
*** G4Exception : GeomNav1002
      issued by : G4Navigator::ComputeStep()
Stuck Track: potential geometry or navigation problem.
  Track stuck, not moving for 10 steps.
  Current  phys volume: 'Crystal'
   - at position : (-36.00793255168234,12.45145747908636,-33.73939449784911)
     in direction: (0.3235662161294426,0.9357097758203109,0.1405422328482746)
    (local position: (-36.00793255168234,12.45145747908636,-33.73939449784911))
    (local direction: (0.3235662161294426,0.9357097758203109,0.1405422328482746)).
  Previous phys volume: 'World'

  Likely geometry overlap - else navigation problem !
   *** Trying to get *unstuck* using a push - expanding step to 1e-07 (mm) ...       Potential overlap in geometry !

*** This is just a warning message. ***
-------- WWWW -------- G4Exception-END --------- WWWW -------


-------- WWWW ------- G4Exception-START -------- WWWW -------
*** G4Exception : GeomNav1002
      issued by : G4Navigator::ComputeStep()
Stuck Track: potential geometry or navigation problem.
  Track stuck, not moving for 10 steps.
  Current  phys volume: 'Crystal'
   - at position : (-27.84128855350855,-26.00908786713355,29.54069774034409)
     in direction: (-0.6826264054980445,0.7307137730781927,-0.008864104616418327)
    (local position: (-27.84128855350855,-26.00908786713355,29.54069774034409))
    (local direction: (-0.6826264054980445,0.7307137730781927,-0.008864104616418327)).
  Previous phys volume: 'World'

  Likely geometry overlap - else navigation problem !
   *** Trying to get *unstuck* using a push - expanding step to 1e-07 (mm) ...       Potential overlap in geometry !

*** This is just a warning message. ***
-------- WWWW -------- G4Exception-END --------- WWWW -------


-------- WWWW ------- G4Exception-START -------- WWWW -------
*** G4Exception : GeomNav1002
      issued by : G4Navigator::ComputeStep()
Stuck Track: potential geometry or navigation problem.
  Track stuck, not moving for 10 steps.
  Current  phys volume: 'Crystal'
   - at position : (-25.42644295524867,28.37438983737774,-14.10443651033818)
     in direction: (-0.7440347823240109,-0.6667335600133797,0.04334284997490229)
    (local position: (-25.42644295524867,28.37438983737774,-14.10443651033818))
    (local direction: (-0.7440347823240109,-0.6667335600133797,0.04334284997490229)).
  Previous phys volume: 'World'

  Likely geometry overlap - else navigation problem !
   *** Trying to get *unstuck* using a push - expanding step to 1e-07 (mm) ...       Potential overlap in geometry !

*** This is just a warning message. ***
-------- WWWW -------- G4Exception-END --------- WWWW -------


-------- WWWW ------- G4Exception-START -------- WWWW -------
*** G4Exception : GeomNav1002
      issued by : G4Navigator::ComputeStep()
Stuck Track: potential geometry or navigation problem.
  Track stuck, not moving for 10 steps.
  Current  phys volume: 'Crystal'
   - at position : (29.07324960342709,24.62430014227464,-17.83573657499199)
     in direction: (0.5753985597542358,-0.6793576204209663,-0.4554006159511795)
    (local position: (29.07324960342709,24.62430014227464,-17.83573657499199))
    (local direction: (0.5753985597542358,-0.6793576204209663,-0.4554006159511795)).
  Previous phys volume: 'World'

  Likely geometry overlap - else navigation problem !
   *** Trying to get *unstuck* using a push - expanding step to 1e-07 (mm) ...       Potential overlap in geometry !

*** This is just a warning message. ***
-------- WWWW -------- G4Exception-END --------- WWWW -------


-------- WWWW ------- G4Exception-START -------- WWWW -------
*** G4Exception : GeomNav1002
      issued by : G4Navigator::ComputeStep()
Stuck Track: potential geometry or navigation problem.
  Track stuck, not moving for 10 steps.
  Current  phys volume: 'Crystal'
   - at position : (-31.8789793967758,-20.86481901718642,7.176600489736935)
     in direction: (-0.5361645830288062,0.8191961637231144,0.2035809058995431)
    (local position: (-31.8789793967758,-20.86481901718642,7.176600489736935))
    (local direction: (-0.5361645830288062,0.8191961637231144,0.2035809058995431)).
  Previous phys volume: 'World'

  Likely geometry overlap - else navigation problem !
   *** Trying to get *unstuck* using a push - expanding step to 1e-07 (mm) ...       Potential overlap in geometry !

*** This is just a warning message. ***
-------- WWWW -------- G4Exception-END --------- WWWW -------


-------- WWWW ------- G4Exception-START -------- WWWW -------
*** G4Exception : GeomNav1002
      issued by : G4Navigator::ComputeStep()
Stuck Track: potential geometry or navigation problem.
  Track stuck, not moving for 10 steps.
  Current  phys volume: 'Crystal'
   - at position : (-30.43673467835975,-22.91757365252991,32.17374952449346)
     in direction: (-0.5844791572671129,0.7762443487470415,0.2362812429258977)
    (local position: (-30.43673467835975,-22.91757365252991,32.17374952449346))
    (local direction: (-0.5844791572671129,0.7762443487470415,0.2362812429258977)).
  Previous phys volume: 'World'

  Likely geometry overlap - else navigation problem !
   *** Trying to get *unstuck* using a push - expanding step to 1e-07 (mm) ...       Potential overlap in geometry !

*** This is just a warning message. ***
-------- WWWW -------- G4Exception-END --------- WWWW -------


-------- WWWW ------- G4Exception-START -------- WWWW -------
*** G4Exception : GeomNav1002
      issued by : G4Navigator::ComputeStep()
Stuck Track: potential geometry or navigation problem.
  Track stuck, not moving for 10 steps.
  Current  phys volume: 'Crystal'
   - at position : (33.21209617228928,-18.66994022064902,-26.47705868975661)
     in direction: (-0.48610181224069,-0.8647301462597116,0.1262806488975052)
    (local position: (33.21209617228928,-18.66994022064902,-26.47705868975661))
    (local direction: (-0.48610181224069,-0.8647301462597116,0.1262806488975052)).
  Previous phys volume: 'World'

  Likely geometry overlap - else navigation problem !
   *** Trying to get *unstuck* using a push - expanding step to 1e-07 (mm) ...       Potential overlap in geometry !

*** This is just a warning message. ***
-------- WWWW -------- G4Exception-END --------- WWWW -------


-------- WWWW ------- G4Exception-START -------- WWWW -------
*** G4Exception : GeomNav1002
      issued by : G4Navigator::ComputeStep()
Stuck Track: potential geometry or navigation problem.
  Track stuck, not moving for 10 steps.
  Current  phys volume: 'Crystal'
   - at position : (-7.650284120456719,37.32402916187222,27.83690276009543)
     in direction: (0.02605747698738807,0.005340985603435609,0.9996461782880161)
    (local position: (-7.650284120456719,37.32402916187222,27.83690276009543))
    (local direction: (0.02605747698738807,0.005340985603435609,0.9996461782880161)).
  Previous phys volume: 'World'

  Likely geometry overlap - else navigation problem !
   *** Trying to get *unstuck* using a push - expanding step to 1e-07 (mm) ...       Potential overlap in geometry !

*** This is just a warning message. ***
-------- WWWW -------- G4Exception-END --------- WWWW -------


-------- WWWW ------- G4Exception-START -------- WWWW -------
*** G4Exception : GeomNav1002
      issued by : G4Navigator::ComputeStep()
Stuck Track: potential geometry or navigation problem.
  Track stuck, not moving for 10 steps.
  Current  phys volume: 'Crystal'
   - at position : (-28.16297604341618,25.66041270864454,6.845322716380992)
     in direction: (0.6465166368140678,0.7095689676156567,-0.2802286896794794)
    (local position: (-28.16297604341618,25.66041270864454,6.845322716380992))
    (local direction: (0.6465166368140678,0.7095689676156567,-0.2802286896794794)).
  Previous phys volume: 'World'

  Likely geometry overlap - else navigation problem !
   *** Trying to get *unstuck* using a push - expanding step to 1e-07 (mm) ...       Potential overlap in geometry !

*** This is just a warning message. ***
-------- WWWW -------- G4Exception-END --------- WWWW -------


-------- WWWW ------- G4Exception-START -------- WWWW -------
*** G4Exception : GeomNav1002
      issued by : G4Navigator::ComputeStep()
Stuck Track: potential geometry or navigation problem.
  Track stuck, not moving for 10 steps.
  Current  phys volume: 'Crystal'
   - at position : (-37.96297501641941,-3.22839401292903,-28.89771458200784)
     in direction: (-0.01527775150613958,0.1796524514702736,0.983611502062495)
    (local position: (-37.96297501641941,-3.22839401292903,-28.89771458200784))
    (local direction: (-0.01527775150613958,0.1796524514702736,0.983611502062495)).
  Previous phys volume: 'World'

  Likely geometry overlap - else navigation problem !
   *** Trying to get *unstuck* using a push - expanding step to 1e-07 (mm) ...       Potential overlap in geometry !

*** This is just a warning message. ***
-------- WWWW -------- G4Exception-END --------- WWWW -------


-------- WWWW ------- G4Exception-START -------- WWWW -------
*** G4Exception : GeomNav1002
      issued by : G4Navigator::ComputeStep()
Stuck Track: potential geometry or navigation problem.
  Track stuck, not moving for 10 steps.
  Current  phys volume: 'Crystal'
   - at position : (-23.23703086628508,30.19354892223361,-29.10750454509561)
     in direction: (-0.7614030353939717,-0.5859776828720019,0.2773005100406523)
    (local position: (-23.23703086628508,30.19354892223361,-29.10750454509561))
    (local direction: (-0.7614030353939717,-0.5859776828720019,0.2773005100406523)).
  Previous phys volume: 'World'

  Likely geometry overlap - else navigation problem !
   *** Trying to get *unstuck* using a push - expanding step to 1e-07 (mm) ...       Potential overlap in geometry !

*** This is just a warning message. ***
-------- WWWW -------- G4Exception-END --------- WWWW -------


-------- WWWW ------- G4Exception-START -------- WWWW -------
*** G4Exception : GeomNav1002
      issued by : G4Navigator::ComputeStep()
Stuck Track: potential geometry or navigation problem.
  Track stuck, not moving for 10 steps.
  Current  phys volume: 'Crystal'
   - at position : (34.10916615480845,-16.97571159697495,-27.11256295925551)
     in direction: (-0.4200587210038799,-0.8440207426739549,-0.3334361360810951)
    (local position: (34.10916615480845,-16.97571159697495,-27.11256295925551))
    (local direction: (-0.4200587210038799,-0.8440207426739549,-0.3334361360810951)).
  Previous phys volume: 'World'

  Likely geometry overlap - else navigation problem !
   *** Trying to get *unstuck* using a push - expanding step to 1e-07 (mm) ...       Potential overlap in geometry !

*** This is just a warning message. ***
-------- WWWW -------- G4Exception-END --------- WWWW -------


-------- WWWW ------- G4Exception-START -------- WWWW -------
*** G4Exception : GeomNav1002
      issued by : G4Navigator::ComputeStep()
Stuck Track: potential geometry or navigation problem.
  Track stuck, not moving for 10 steps.
  Current  phys volume: 'Crystal'
   - at position : (-37.464790282519,6.928166358198223,18.92139458753535)
     in direction: (-0.001044685634681101,-0.005649247750551422,0.9999834971797172)
    (local position: (-37.464790282519,6.928166358198223,18.92139458753535))
    (local direction: (-0.001044685634681101,-0.005649247750551422,0.9999834971797172)).
  Previous phys volume: 'World'

  Likely geometry overlap - else navigation problem !
   *** Trying to get *unstuck* using a push - expanding step to 1e-07 (mm) ...       Potential overlap in geometry !

*** This is just a warning message. ***
-------- WWWW -------- G4Exception-END --------- WWWW -------


-------- WWWW ------- G4Exception-START -------- WWWW -------
*** G4Exception : GeomNav1002
      issued by : G4Navigator::ComputeStep()
Stuck Track: potential geometry or navigation problem.
  Track stuck, not moving for 10 steps.
  Current  phys volume: 'Crystal'
   - at position : (30.54388396207022,-22.77457249898644,-10.35495694944097)
     in direction: (-0.5802913074268349,-0.7782517260875939,-0.2399713511370376)
    (local position: (30.54388396207022,-22.77457249898644,-10.35495694944097))
    (local direction: (-0.5802913074268349,-0.7782517260875939,-0.2399713511370376)).
  Previous phys volume: 'World'

  Likely geometry overlap - else navigation problem !
   *** Trying to get *unstuck* using a push - expanding step to 1e-07 (mm) ...       Potential overlap in geometry !

*** This is just a warning message. ***
-------- WWWW -------- G4Exception-END --------- WWWW -------


-------- WWWW ------- G4Exception-START -------- WWWW -------
*** G4Exception : GeomNav1002
      issued by : G4Navigator::ComputeStep()
Stuck Track: potential geometry or navigation problem.
  Track stuck, not moving for 10 steps.
  Current  phys volume: 'Crystal'
   - at position : (8.119080194371454,-37.22486449669582,29.08929152859214)
     in direction: (0.9734529590071425,0.2123189095914296,0.08549863876194254)
    (local position: (8.119080194371454,-37.22486449669582,29.08929152859214))
    (local direction: (0.9734529590071425,0.2123189095914296,0.08549863876194254)).
  Previous phys volume: 'World'

  Likely geometry overlap - else navigation problem !
   *** Trying to get *unstuck* using a push - expanding step to 1e-07 (mm) ...       Potential overlap in geometry !

*** This is just a warning message. ***
-------- WWWW -------- G4Exception-END --------- WWWW -------


-------- WWWW ------- G4Exception-START -------- WWWW -------
*** G4Exception : GeomNav1002
      issued by : G4Navigator::ComputeStep()
Stuck Track: potential geometry or navigation problem.
  Track stuck, not moving for 10 steps.
  Current  phys volume: 'Crystal'
   - at position : (-16.42943602649514,-34.37562554850899,-21.28065305123015)
     in direction: (-0.8722267033399425,0.4168707505526661,-0.2558111712071875)
    (local position: (-16.42943602649514,-34.37562554850899,-21.28065305123015))
    (local direction: (-0.8722267033399425,0.4168707505526661,-0.2558111712071875)).
  Previous phys volume: 'World'

  Likely geometry overlap - else navigation problem !
   *** Trying to get *unstuck* using a push - expanding step to 1e-07 (mm) ...       Potential overlap in geometry !

*** This is just a warning message. ***
-------- WWWW -------- G4Exception-END --------- WWWW -------


-------- WWWW ------- G4Exception-START -------- WWWW -------
*** G4Exception : GeomNav1002
      issued by : G4Navigator::ComputeStep()
Stuck Track: potential geometry or navigation problem.
  Track stuck, not moving for 10 steps.
  Current  phys volume: 'Crystal'
   - at position : (-4.751531051189784,-37.80255219782891,-18.24340544620292)
     in direction: (0.941996701267119,-0.1184027616115855,-0.3140429920323273)
    (local position: (-4.751531051189784,-37.80255219782891,-18.24340544620292))
    (local direction: (0.941996701267119,-0.1184027616115855,-0.3140429920323273)).
  Previous phys volume: 'World'

  Likely geometry overlap - else navigation problem !
   *** Trying to get *unstuck* using a push - expanding step to 1e-07 (mm) ...       Potential overlap in geometry !

*** This is just a warning message. ***
-------- WWWW -------- G4Exception-END --------- WWWW -------


-------- WWWW ------- G4Exception-START -------- WWWW -------
*** G4Exception : GeomNav1002
      issued by : G4Navigator::ComputeStep()
Stuck Track: potential geometry or navigation problem.
  Track stuck, not moving for 10 steps.
  Current  phys volume: 'Crystal'
   - at position : (-32.45697052253346,-19.95382330530653,37.65223665639847)
     in direction: (-0.5139748833640866,0.8360336454535157,0.1920353169096224)
    (local position: (-32.45697052253346,-19.95382330530653,37.65223665639847))
    (local direction: (-0.5139748833640866,0.8360336454535157,0.1920353169096224)).
  Previous phys volume: 'World'

  Likely geometry overlap - else navigation problem !
   *** Trying to get *unstuck* using a push - expanding step to 1e-07 (mm) ...       Potential overlap in geometry !

*** This is just a warning message. ***
-------- WWWW -------- G4Exception-END --------- WWWW -------


-------- WWWW ------- G4Exception-START -------- WWWW -------
*** G4Exception : GeomNav1002
      issued by : G4Navigator::ComputeStep()
Stuck Track: potential geometry or navigation problem.
  Track stuck, not moving for 10 steps.
  Current  phys volume: 'Crystal'
   - at position : (6.621210421207059,-37.52025549697255,27.16601211794529)
     in direction: (0.9847647370995614,0.1737817201230669,0.006190825171185955)
    (local position: (6.621210421207059,-37.52025549697255,27.16601211794529))
    (local direction: (0.9847647370995614,0.1737817201230669,0.006190825171185955)).
  Previous phys volume: 'World'

  Likely geometry overlap - else navigation problem !
   *** Trying to get *unstuck* using a push - expanding step to 1e-07 (mm) ...       Potential overlap in geometry !

*** This is just a warning message. ***
-------- WWWW -------- G4Exception-END --------- WWWW -------


-------- WWWW ------- G4Exception-START -------- WWWW -------
*** G4Exception : GeomNav1002
      issued by : G4Navigator::ComputeStep()
Stuck Track: potential geometry or navigation problem.
  Track stuck, not moving for 10 steps.
  Current  phys volume: 'Crystal'
   - at position : (12.15300810187992,36.10975483267148,3.283175406007905)
     in direction: (0.9080535416200994,-0.3056122119739517,0.2864261535607087)
    (local position: (12.15300810187992,36.10975483267148,3.283175406007905))
    (local direction: (0.9080535416200994,-0.3056122119739517,0.2864261535607087)).
  Previous phys volume: 'World'

  Likely geometry overlap - else navigation problem !
   *** Trying to get *unstuck* using a push - expanding step to 1e-07 (mm) ...       Potential overlap in geometry !

*** This is just a warning message. ***
-------- WWWW -------- G4Exception-END --------- WWWW -------


-------- WWWW ------- G4Exception-START -------- WWWW -------
*** G4Exception : GeomNav1002
      issued by : G4Navigator::ComputeStep()
Stuck Track: potential geometry or navigation problem.
  Track stuck, not moving for 10 steps.
  Current  phys volume: 'Crystal'
   - at position : (-36.89102566987037,9.521671335693423,3.923550321522718)
     in direction: (0.2418968506598757,0.9372118205447785,-0.2512367749195484)
    (local position: (-36.89102566987037,9.521671335693423,3.923550321522718))
    (local direction: (0.2418968506598757,0.9372118205447785,-0.2512367749195484)).
  Previous phys volume: 'World'

  Likely geometry overlap - else navigation problem !
   *** Trying to get *unstuck* using a push - expanding step to 1e-07 (mm) ...       Potential overlap in geometry !

*** This is just a warning message. ***
-------- WWWW -------- G4Exception-END --------- WWWW -------


-------- WWWW ------- G4Exception-START -------- WWWW -------
*** G4Exception : GeomNav1002
      issued by : G4Navigator::ComputeStep()
Stuck Track: potential geometry or navigation problem.
  Track stuck, not moving for 10 steps.
  Current  phys volume: 'Crystal'
   - at position : (-18.47694158139948,-33.31985338799603,3.535105987366432)
     in direction: (-0.856432365994533,0.4749195805465834,0.202422811190992)
    (local position: (-18.47694158139948,-33.31985338799603,3.535105987366432))
    (local direction: (-0.856432365994533,0.4749195805465834,0.202422811190992)).
  Previous phys volume: 'World'

  Likely geometry overlap - else navigation problem !
   *** Trying to get *unstuck* using a push - expanding step to 1e-07 (mm) ...       Potential overlap in geometry !

*** This is just a warning message. ***
-------- WWWW -------- G4Exception-END --------- WWWW -------


-------- WWWW ------- G4Exception-START -------- WWWW -------
*** G4Exception : GeomNav1002
      issued by : G4Navigator::ComputeStep()
Stuck Track: potential geometry or navigation problem.
  Track stuck, not moving for 10 steps.
  Current  phys volume: 'Crystal'
   - at position : (13.81646856957438,-35.50655145555483,35.73725620351772)
     in direction: (-0.8607198276168375,-0.334927160142922,0.3833864574366695)
    (local position: (13.81646856957438,-35.50655145555483,35.73725620351772))
    (local direction: (-0.8607198276168375,-0.334927160142922,0.3833864574366695)).
  Previous phys volume: 'World'

  Likely geometry overlap - else navigation problem !
   *** Trying to get *unstuck* using a push - expanding step to 1e-07 (mm) ...       Potential overlap in geometry !

*** This is just a warning message. ***
-------- WWWW -------- G4Exception-END --------- WWWW -------


-------- WWWW ------- G4Exception-START -------- WWWW -------
*** G4Exception : GeomNav1002
      issued by : G4Navigator::ComputeStep()
Stuck Track: potential geometry or navigation problem.
  Track stuck, not moving for 10 steps.
  Current  phys volume: 'Crystal'
   - at position : (33.07834837120291,18.9058950868066,14.91826993045388)
     in direction: (-0.4191254628675959,0.7333150854968467,0.5353343177480554)
    (local position: (33.07834837120291,18.9058950868066,14.91826993045388))
    (local direction: (-0.4191254628675959,0.7333150854968467,0.5353343177480554)).
  Previous phys volume: 'World'

  Likely geometry overlap - else navigation problem !
   *** Trying to get *unstuck* using a push - expanding step to 1e-07 (mm) ...       Potential overlap in geometry !

*** This is just a warning message. ***
-------- WWWW -------- G4Exception-END --------- WWWW -------


-------- WWWW ------- G4Exception-START -------- WWWW -------
*** G4Exception : GeomNav1002
      issued by : G4Navigator::ComputeStep()
Stuck Track: potential geometry or navigation problem.
  Track stuck, not moving for 10 steps.
  Current  phys volume: 'Crystal'
   - at position : (-20.32773806741788,32.22410689317006,-4.302982657138324)
     in direction: (0.8143281708327219,0.5136977050282689,-0.2701560623730714)
    (local position: (-20.32773806741788,32.22410689317006,-4.302982657138324))
    (local direction: (0.8143281708327219,0.5136977050282689,-0.2701560623730714)).
  Previous phys volume: 'World'

  Likely geometry overlap - else navigation problem !
   *** Trying to get *unstuck* using a push - expanding step to 1e-07 (mm) ...       Potential overlap in geometry !

*** This is just a warning message. ***
-------- WWWW -------- G4Exception-END --------- WWWW -------


-------- WWWW ------- G4Exception-START -------- WWWW -------
*** G4Exception : GeomNav1002
      issued by : G4Navigator::ComputeStep()
Stuck Track: potential geometry or navigation problem.
  Track stuck, not moving for 10 steps.
  Current  phys volume: 'Crystal'
   - at position : (-24.58066391679916,-29.11015220519068,-22.83690391565257)
     in direction: (0.7639957002908991,-0.645119318180054,-0.0114732405152683)
    (local position: (-24.58066391679916,-29.11015220519068,-22.83690391565257))
    (local direction: (0.7639957002908991,-0.645119318180054,-0.0114732405152683)).
  Previous phys volume: 'World'

  Likely geometry overlap - else navigation problem !
   *** Trying to get *unstuck* using a push - expanding step to 1e-07 (mm) ...       Potential overlap in geometry !

*** This is just a warning message. ***
-------- WWWW -------- G4Exception-END --------- WWWW -------


-------- WWWW ------- G4Exception-START -------- WWWW -------
*** G4Exception : GeomNav1002
      issued by : G4Navigator::ComputeStep()
Stuck Track: potential geometry or navigation problem.
  Track stuck, not moving for 10 steps.
  Current  phys volume: 'Crystal'
   - at position : (-36.30496147831889,-11.55680630874212,4.975530052990035)
     in direction: (-0.2736485144031232,0.859649154670821,0.4314160653460958)
    (local position: (-36.30496147831889,-11.55680630874212,4.975530052990035))
    (local direction: (-0.2736485144031232,0.859649154670821,0.4314160653460958)).
  Previous phys volume: 'World'

  Likely geometry overlap - else navigation problem !
   *** Trying to get *unstuck* using a push - expanding step to 1e-07 (mm) ...       Potential overlap in geometry !

*** This is just a warning message. ***
-------- WWWW -------- G4Exception-END --------- WWWW -------


-------- WWWW ------- G4Exception-START -------- WWWW -------
*** G4Exception : GeomNav1002
      issued by : G4Navigator::ComputeStep()
Stuck Track: potential geometry or navigation problem.
  Track stuck, not moving for 10 steps.
  Current  phys volume: 'Crystal'
   - at position : (-36.84165782490565,-9.710934492239593,-4.492962276432197)
     in direction: (0.2291740961257519,-0.8694481090923072,0.4376519384862316)
    (local position: (-36.84165782490565,-9.710934492239593,-4.492962276432197))
    (local direction: (0.2291740961257519,-0.8694481090923072,0.4376519384862316)).
  Previous phys volume: 'World'

  Likely geometry overlap - else navigation problem !
   *** Trying to get *unstuck* using a push - expanding step to 1e-07 (mm) ...       Potential overlap in geometry !

*** This is just a warning message. ***
-------- WWWW -------- G4Exception-END --------- WWWW -------


-------- WWWW ------- G4Exception-START -------- WWWW -------
*** G4Exception : GeomNav1002
      issued by : G4Navigator::ComputeStep()
Stuck Track: potential geometry or navigation problem.
  Track stuck, not moving for 10 steps.
  Current  phys volume: 'Crystal'
   - at position : (28.98661969655533,-24.72621844454325,-28.09373740392134)
     in direction: (-0.6484419205820772,-0.7601703992615444,-0.04079264294418209)
    (local position: (28.98661969655533,-24.72621844454325,-28.09373740392134))
    (local direction: (-0.6484419205820772,-0.7601703992615444,-0.04079264294418209)).
  Previous phys volume: 'World'

  Likely geometry overlap - else navigation problem !
   *** Trying to get *unstuck* using a push - expanding step to 1e-07 (mm) ...       Potential overlap in geometry !

*** This is just a warning message. ***
-------- WWWW -------- G4Exception-END --------- WWWW -------


-------- WWWW ------- G4Exception-START -------- WWWW -------
*** G4Exception : GeomNav1002
      issued by : G4Navigator::ComputeStep()
Stuck Track: potential geometry or navigation problem.
  Track stuck, not moving for 10 steps.
  Current  phys volume: 'Crystal'
   - at position : (-32.31947095640275,20.17577252791673,-34.3543648839546)
     in direction: (0.4872245765269661,0.7804826570343405,0.3917384766610689)
    (local position: (-32.31947095640275,20.17577252791673,-34.3543648839546))
    (local direction: (0.4872245765269661,0.7804826570343405,0.3917384766610689)).
  Previous phys volume: 'World'

  Likely geometry overlap - else navigation problem !
   *** Trying to get *unstuck* using a push - expanding step to 1e-07 (mm) ...       Potential overlap in geometry !

*** This is just a warning message. ***
-------- WWWW -------- G4Exception-END --------- WWWW -------


-------- WWWW ------- G4Exception-START -------- WWWW -------
*** G4Exception : GeomNav1002
      issued by : G4Navigator::ComputeStep()
Stuck Track: potential geometry or navigation problem.
  Track stuck, not moving for 10 steps.
  Current  phys volume: 'Crystal'
   - at position : (-18.25147756164991,33.44388683775541,33.91952928762097)
     in direction: (0.4780193926698298,0.2608715984978632,0.8387153684825005)
    (local position: (-18.25147756164991,33.44388683775541,33.91952928762097))
    (local direction: (0.4780193926698298,0.2608715984978632,0.8387153684825005)).
  Previous phys volume: 'World'

  Likely geometry overlap - else navigation problem !
   *** Trying to get *unstuck* using a push - expanding step to 1e-07 (mm) ...       Potential overlap in geometry !

*** This is just a warning message. ***
-------- WWWW -------- G4Exception-END --------- WWWW -------


-------- WWWW ------- G4Exception-START -------- WWWW -------
*** G4Exception : GeomNav1002
      issued by : G4Navigator::ComputeStep()
Stuck Track: potential geometry or navigation problem.
  Track stuck, not moving for 10 steps.
  Current  phys volume: 'Crystal'
   - at position : (-34.78632261987804,15.54097032317358,-0.7153037274186882)
     in direction: (0.4071030117472894,0.9112440479374968,0.06246137146085925)
    (local position: (-34.78632261987804,15.54097032317358,-0.7153037274186882))
    (local direction: (0.4071030117472894,0.9112440479374968,0.06246137146085925)).
  Previous phys volume: 'World'

  Likely geometry overlap - else navigation problem !
   *** Trying to get *unstuck* using a push - expanding step to 1e-07 (mm) ...       Potential overlap in geometry !

*** This is just a warning message. ***
-------- WWWW -------- G4Exception-END --------- WWWW -------


-------- WWWW ------- G4Exception-START -------- WWWW -------
*** G4Exception : GeomNav1002
      issued by : G4Navigator::ComputeStep()
Stuck Track: potential geometry or navigation problem.
  Track stuck, not moving for 10 steps.
  Current  phys volume: 'Crystal'
   - at position : (33.36671703746474,18.39217752583311,0.7474987636961872)
     in direction: (0.3466581039630444,-0.628900131451673,0.6959258463491752)
    (local position: (33.36671703746474,18.39217752583311,0.7474987636961872))
    (local direction: (0.3466581039630444,-0.628900131451673,0.6959258463491752)).
  Previous phys volume: 'World'

  Likely geometry overlap - else navigation problem !
   *** Trying to get *unstuck* using a push - expanding step to 1e-07 (mm) ...       Potential overlap in geometry !

*** This is just a warning message. ***
-------- WWWW -------- G4Exception-END --------- WWWW -------


-------- WWWW ------- G4Exception-START -------- WWWW -------
*** G4Exception : GeomNav1002
      issued by : G4Navigator::ComputeStep()
Stuck Track: potential geometry or navigation problem.
  Track stuck, not moving for 10 steps.
  Current  phys volume: 'Crystal'
   - at position : (-1.927793594888117,38.05119724601985,-3.50119085362253)
     in direction: (0.9971414047944902,0.05051832668843604,0.05618645310990199)
    (local position: (-1.927793594888117,38.05119724601985,-3.50119085362253))
    (local direction: (0.9971414047944902,0.05051832668843604,0.05618645310990199)).
  Previous phys volume: 'World'

  Likely geometry overlap - else navigation problem !
   *** Trying to get *unstuck* using a push - expanding step to 1e-07 (mm) ...       Potential overlap in geometry !

*** This is just a warning message. ***
-------- WWWW -------- G4Exception-END --------- WWWW -------


-------- WWWW ------- G4Exception-START -------- WWWW -------
*** G4Exception : GeomNav1002
      issued by : G4Navigator::ComputeStep()
Stuck Track: potential geometry or navigation problem.
  Track stuck, not moving for 10 steps.
  Current  phys volume: 'Crystal'
   - at position : (27.17524827004072,26.70422965490015,15.27331527048008)
     in direction: (-0.6387261858406147,0.6499922634394287,-0.4117510376312231)
    (local position: (27.17524827004072,26.70422965490015,15.27331527048008))
    (local direction: (-0.6387261858406147,0.6499922634394287,-0.4117510376312231)).
  Previous phys volume: 'World'

  Likely geometry overlap - else navigation problem !
   *** Trying to get *unstuck* using a push - expanding step to 1e-07 (mm) ...       Potential overlap in geometry !

*** This is just a warning message. ***
-------- WWWW -------- G4Exception-END --------- WWWW -------


-------- WWWW ------- G4Exception-START -------- WWWW -------
*** G4Exception : GeomNav1002
      issued by : G4Navigator::ComputeStep()
Stuck Track: potential geometry or navigation problem.
  Track stuck, not moving for 10 steps.
  Current  phys volume: 'Crystal'
   - at position : (25.58476254547619,-28.2317184296599,-23.67886684132045)
     in direction: (0.6915286954622573,0.6266921905893321,0.35922828620059)
    (local position: (25.58476254547619,-28.2317184296599,-23.67886684132045))
    (local direction: (0.6915286954622573,0.6266921905893321,0.35922828620059)).
  Previous phys volume: 'World'

  Likely geometry overlap - else navigation problem !
   *** Trying to get *unstuck* using a push - expanding step to 1e-07 (mm) ...       Potential overlap in geometry !

*** This is just a warning message. ***
-------- WWWW -------- G4Exception-END --------- WWWW -------


-------- WWWW ------- G4Exception-START -------- WWWW -------
*** G4Exception : GeomNav1002
      issued by : G4Navigator::ComputeStep()
Stuck Track: potential geometry or navigation problem.
  Track stuck, not moving for 10 steps.
  Current  phys volume: 'Crystal'
   - at position : (-10.04157912015146,36.75291401744545,-8.058696335223457)
     in direction: (-0.8626138062500995,-0.2356821225518011,-0.4476062537277528)
    (local position: (-10.04157912015146,36.75291401744545,-8.058696335223457))
    (local direction: (-0.8626138062500995,-0.2356821225518011,-0.4476062537277528)).
  Previous phys volume: 'World'

  Likely geometry overlap - else navigation problem !
   *** Trying to get *unstuck* using a push - expanding step to 1e-07 (mm) ...       Potential overlap in geometry !

*** This is just a warning message. ***
-------- WWWW -------- G4Exception-END --------- WWWW -------


-------- WWWW ------- G4Exception-START -------- WWWW -------
*** G4Exception : GeomNav1002
      issued by : G4Navigator::ComputeStep()
Stuck Track: potential geometry or navigation problem.
  Track stuck, not moving for 10 steps.
  Current  phys volume: 'Crystal'
   - at position : (-29.83540418161557,23.69511885008464,28.53270097669391)
     in direction: (0.6213141161305535,0.7823196792461785,0.04409862311983594)
    (local position: (-29.83540418161557,23.69511885008464,28.53270097669391))
    (local direction: (0.6213141161305535,0.7823196792461785,0.04409862311983594)).
  Previous phys volume: 'World'

  Likely geometry overlap - else navigation problem !
   *** Trying to get *unstuck* using a push - expanding step to 1e-07 (mm) ...       Potential overlap in geometry !

*** This is just a warning message. ***
-------- WWWW -------- G4Exception-END --------- WWWW -------


-------- WWWW ------- G4Exception-START -------- WWWW -------
*** G4Exception : GeomNav1002
      issued by : G4Navigator::ComputeStep()
Stuck Track: potential geometry or navigation problem.
  Track stuck, not moving for 10 steps.
  Current  phys volume: 'Crystal'
   - at position : (30.85296326029685,-22.3540747529119,-13.5349250712055)
     in direction: (-0.581596698584155,-0.8027163625454655,-0.1318776762677776)
    (local position: (30.85296326029685,-22.3540747529119,-13.5349250712055))
    (local direction: (-0.581596698584155,-0.8027163625454655,-0.1318776762677776)).
  Previous phys volume: 'World'

  Likely geometry overlap - else navigation problem !
   *** Trying to get *unstuck* using a push - expanding step to 1e-07 (mm) ...       Potential overlap in geometry !

*** This is just a warning message. ***
-------- WWWW -------- G4Exception-END --------- WWWW -------


-------- WWWW ------- G4Exception-START -------- WWWW -------
*** G4Exception : GeomNav1002
      issued by : G4Navigator::ComputeStep()
Stuck Track: potential geometry or navigation problem.
  Track stuck, not moving for 10 steps.
  Current  phys volume: 'Crystal'
   - at position : (6.560315992033724,37.53095061525443,-4.138631194879613)
     in direction: (-0.9762577024277794,0.1706473966843763,0.1334180064881741)
    (local position: (6.560315992033724,37.53095061525443,-4.138631194879613))
    (local direction: (-0.9762577024277794,0.1706473966843763,0.1334180064881741)).
  Previous phys volume: 'World'

  Likely geometry overlap - else navigation problem !
   *** Trying to get *unstuck* using a push - expanding step to 1e-07 (mm) ...       Potential overlap in geometry !

*** This is just a warning message. ***
-------- WWWW -------- G4Exception-END --------- WWWW -------


-------- WWWW ------- G4Exception-START -------- WWWW -------
*** G4Exception : GeomNav1002
      issued by : G4Navigator::ComputeStep()
Stuck Track: potential geometry or navigation problem.
  Track stuck, not moving for 10 steps.
  Current  phys volume: 'Crystal'
   - at position : (35.59333915220024,13.59132841176495,27.42284976604102)
     in direction: (0.3567277631947961,-0.9342083331168162,-0.0003054523491330286)
    (local position: (35.59333915220024,13.59132841176495,27.42284976604102))
    (local direction: (0.3567277631947961,-0.9342083331168162,-0.0003054523491330286)).
  Previous phys volume: 'World'

  Likely geometry overlap - else navigation problem !
   *** Trying to get *unstuck* using a push - expanding step to 1e-07 (mm) ...       Potential overlap in geometry !

*** This is just a warning message. ***
-------- WWWW -------- G4Exception-END --------- WWWW -------


-------- WWWW ------- G4Exception-START -------- WWWW -------
*** G4Exception : GeomNav1002
      issued by : G4Navigator::ComputeStep()
Stuck Track: potential geometry or navigation problem.
  Track stuck, not moving for 10 steps.
  Current  phys volume: 'Crystal'
   - at position : (-31.68078825876328,21.16453768225063,34.82936604397583)
     in direction: (-0.5364585578581789,-0.8030144686486338,0.2595765375408096)
    (local position: (-31.68078825876328,21.16453768225063,34.82936604397583))
    (local direction: (-0.5364585578581789,-0.8030144686486338,0.2595765375408096)).
  Previous phys volume: 'World'

  Likely geometry overlap - else navigation problem !
   *** Trying to get *unstuck* using a push - expanding step to 1e-07 (mm) ...       Potential overlap in geometry !

*** This is just a warning message. ***
-------- WWWW -------- G4Exception-END --------- WWWW -------


-------- WWWW ------- G4Exception-START -------- WWWW -------
*** G4Exception : GeomNav1002
      issued by : G4Navigator::ComputeStep()
Stuck Track: potential geometry or navigation problem.
  Track stuck, not moving for 10 steps.
  Current  phys volume: 'Crystal'
   - at position : (37.93724475456457,3.517877262251106,15.36246715987847)
     in direction: (0.09203657432204906,-0.9925343569812216,0.08003011432539005)
    (local position: (37.93724475456457,3.517877262251106,15.36246715987847))
    (local direction: (0.09203657432204906,-0.9925343569812216,0.08003011432539005)).
  Previous phys volume: 'World'

  Likely geometry overlap - else navigation problem !
   *** Trying to get *unstuck* using a push - expanding step to 1e-07 (mm) ...       Potential overlap in geometry !

*** This is just a warning message. ***
-------- WWWW -------- G4Exception-END --------- WWWW -------


-------- WWWW ------- G4Exception-START -------- WWWW -------
*** G4Exception : GeomNav1002
      issued by : G4Navigator::ComputeStep()
Stuck Track: potential geometry or navigation problem.
  Track stuck, not moving for 10 steps.
  Current  phys volume: 'Crystal'
   - at position : (32.80765766601917,-19.37182486162039,8.425921074670914)
     in direction: (-0.4628166451205541,-0.7838151626764462,0.4140465478154012)
    (local position: (32.80765766601917,-19.37182486162039,8.425921074670914))
    (local direction: (-0.4628166451205541,-0.7838151626764462,0.4140465478154012)).
  Previous phys volume: 'World'

  Likely geometry overlap - else navigation problem !
   *** Trying to get *unstuck* using a push - expanding step to 1e-07 (mm) ...       Potential overlap in geometry !

*** This is just a warning message. ***
-------- WWWW -------- G4Exception-END --------- WWWW -------


-------- WWWW ------- G4Exception-START -------- WWWW -------
*** G4Exception : GeomNav1002
      issued by : G4Navigator::ComputeStep()
Stuck Track: potential geometry or navigation problem.
  Track stuck, not moving for 10 steps.
  Current  phys volume: 'Crystal'
   - at position : (-27.73971820574634,-26.11738949178851,-33.32387717393469)
     in direction: (-0.6258945060411053,0.6647730711970213,0.4078392221437767)
    (local position: (-27.73971820574634,-26.11738949178851,-33.32387717393469))
    (local direction: (-0.6258945060411053,0.6647730711970213,0.4078392221437767)).
  Previous phys volume: 'World'

  Likely geometry overlap - else navigation problem !
   *** Trying to get *unstuck* using a push - expanding step to 1e-07 (mm) ...       Potential overlap in geometry !

*** This is just a warning message. ***
-------- WWWW -------- G4Exception-END --------- WWWW -------


-------- WWWW ------- G4Exception-START -------- WWWW -------
*** G4Exception : GeomNav1002
      issued by : G4Navigator::ComputeStep()
Stuck Track: potential geometry or navigation problem.
  Track stuck, not moving for 10 steps.
  Current  phys volume: 'Crystal'
   - at position : (36.70055571827481,-10.23128584146716,-24.69532390496344)
     in direction: (-0.2527946750559861,-0.9067975620007667,-0.3373618736798877)
    (local position: (36.70055571827481,-10.23128584146716,-24.69532390496344))
    (local direction: (-0.2527946750559861,-0.9067975620007667,-0.3373618736798877)).
  Previous phys volume: 'World'

  Likely geometry overlap - else navigation problem !
   *** Trying to get *unstuck* using a push - expanding step to 1e-07 (mm) ...       Potential overlap in geometry !

*** This is just a warning message. ***
-------- WWWW -------- G4Exception-END --------- WWWW -------


-------- WWWW ------- G4Exception-START -------- WWWW -------
*** G4Exception : GeomNav1002
      issued by : G4Navigator::ComputeStep()
Stuck Track: potential geometry or navigation problem.
  Track stuck, not moving for 10 steps.
  Current  phys volume: 'Crystal'
   - at position : (-38.08419139146352,-1.097436129520048,2.40185282986165)
     in direction: (-0.02769563688832759,0.9611182897949969,0.274744580872654)
    (local position: (-38.08419139146352,-1.097436129520048,2.40185282986165))
    (local direction: (-0.02769563688832759,0.9611182897949969,0.274744580872654)).
  Previous phys volume: 'World'

  Likely geometry overlap - else navigation problem !
   *** Trying to get *unstuck* using a push - expanding step to 1e-07 (mm) ...       Potential overlap in geometry !

*** This is just a warning message. ***
-------- WWWW -------- G4Exception-END --------- WWWW -------


-------- WWWW ------- G4Exception-START -------- WWWW -------
*** G4Exception : GeomNav1002
      issued by : G4Navigator::ComputeStep()
Stuck Track: potential geometry or navigation problem.
  Track stuck, not moving for 10 steps.
  Current  phys volume: 'Crystal'
   - at position : (0.6592854792308167,38.09429540832689,16.87757302719917)
     in direction: (-0.9473616192874358,0.01639567689812876,-0.3197454363710917)
    (local position: (0.6592854792308167,38.09429540832689,16.87757302719917))
    (local direction: (-0.9473616192874358,0.01639567689812876,-0.3197454363710917)).
  Previous phys volume: 'World'

  Likely geometry overlap - else navigation problem !
   *** Trying to get *unstuck* using a push - expanding step to 1e-07 (mm) ...       Potential overlap in geometry !

*** This is just a warning message. ***
-------- WWWW -------- G4Exception-END --------- WWWW -------


-------- WWWW ------- G4Exception-START -------- WWWW -------
*** G4Exception : GeomNav1002
      issued by : G4Navigator::ComputeStep()
Stuck Track: potential geometry or navigation problem.
  Track stuck, not moving for 10 steps.
  Current  phys volume: 'Crystal'
   - at position : (-8.689323242416153,37.09589817741048,-24.15348743534242)
     in direction: (0.932600733373572,0.2184518943210829,0.2872884299421168)
    (local position: (-8.689323242416153,37.09589817741048,-24.15348743534242))
    (local direction: (0.932600733373572,0.2184518943210829,0.2872884299421168)).
  Previous phys volume: 'World'

  Likely geometry overlap - else navigation problem !
   *** Trying to get *unstuck* using a push - expanding step to 1e-07 (mm) ...       Potential overlap in geometry !

*** This is just a warning message. ***
-------- WWWW -------- G4Exception-END --------- WWWW -------


-------- WWWW ------- G4Exception-START -------- WWWW -------
*** G4Exception : GeomNav1002
      issued by : G4Navigator::ComputeStep()
Stuck Track: potential geometry or navigation problem.
  Track stuck, not moving for 10 steps.
  Current  phys volume: 'Crystal'
   - at position : (-13.98708934426672,-35.43968582924375,6.14146512248466)
     in direction: (-0.8979422220749316,0.3543936068357489,-0.2609692266323426)
    (local position: (-13.98708934426672,-35.43968582924375,6.14146512248466))
    (local direction: (-0.8979422220749316,0.3543936068357489,-0.2609692266323426)).
  Previous phys volume: 'World'

  Likely geometry overlap - else navigation problem !
   *** Trying to get *unstuck* using a push - expanding step to 1e-07 (mm) ...       Potential overlap in geometry !

*** This is just a warning message. ***
-------- WWWW -------- G4Exception-END --------- WWWW -------


-------- WWWW ------- G4Exception-START -------- WWWW -------
*** G4Exception : GeomNav1002
      issued by : G4Navigator::ComputeStep()
Stuck Track: potential geometry or navigation problem.
  Track stuck, not moving for 10 steps.
  Current  phys volume: 'Crystal'
   - at position : (-5.192859356751402,-37.74445935102263,-4.946771508002736)
     in direction: (-0.985644836279834,0.1356044065410827,-0.1005768444600458)
    (local position: (-5.192859356751402,-37.74445935102263,-4.946771508002736))
    (local direction: (-0.985644836279834,0.1356044065410827,-0.1005768444600458)).
  Previous phys volume: 'World'

  Likely geometry overlap - else navigation problem !
   *** Trying to get *unstuck* using a push - expanding step to 1e-07 (mm) ...       Potential overlap in geometry !

*** This is just a warning message. ***
-------- WWWW -------- G4Exception-END --------- WWWW -------


-------- WWWW ------- G4Exception-START -------- WWWW -------
*** G4Exception : GeomNav1002
      issued by : G4Navigator::ComputeStep()
Stuck Track: potential geometry or navigation problem.
  Track stuck, not moving for 10 steps.
  Current  phys volume: 'Crystal'
   - at position : (27.23193074566253,-26.6464246731797,6.886434722608753)
     in direction: (-0.6991376489916944,-0.7144999103084264,0.02638988313003804)
    (local position: (27.23193074566253,-26.6464246731797,6.886434722608753))
    (local direction: (-0.6991376489916944,-0.7144999103084264,0.02638988313003804)).
  Previous phys volume: 'World'

  Likely geometry overlap - else navigation problem !
   *** Trying to get *unstuck* using a push - expanding step to 1e-07 (mm) ...       Potential overlap in geometry !

*** This is just a warning message. ***
-------- WWWW -------- G4Exception-END --------- WWWW -------


-------- WWWW ------- G4Exception-START -------- WWWW -------
*** G4Exception : GeomNav1002
      issued by : G4Navigator::ComputeStep()
Stuck Track: potential geometry or navigation problem.
  Track stuck, not moving for 10 steps.
  Current  phys volume: 'Crystal'
   - at position : (27.80217355709047,-26.05089529174418,28.34522694100886)
     in direction: (0.5751799887417217,0.6138466142708922,-0.5407035367918687)
    (local position: (27.80217355709047,-26.05089529174418,28.34522694100886))
    (local direction: (0.5751799887417217,0.6138466142708922,-0.5407035367918687)).
  Previous phys volume: 'World'

  Likely geometry overlap - else navigation problem !
   *** Trying to get *unstuck* using a push - expanding step to 1e-07 (mm) ...       Potential overlap in geometry !

*** This is just a warning message. ***
-------- WWWW -------- G4Exception-END --------- WWWW -------


-------- WWWW ------- G4Exception-START -------- WWWW -------
*** G4Exception : GeomNav1002
      issued by : G4Navigator::ComputeStep()
Stuck Track: potential geometry or navigation problem.
  Track stuck, not moving for 10 steps.
  Current  phys volume: 'Crystal'
   - at position : (34.56643665617669,-16.02408989286207,-3.249671475051809)
     in direction: (-0.4197156333270756,-0.9053914418858852,-0.06407124238415977)
    (local position: (34.56643665617669,-16.02408989286207,-3.249671475051809))
    (local direction: (-0.4197156333270756,-0.9053914418858852,-0.06407124238415977)).
  Previous phys volume: 'World'

  Likely geometry overlap - else navigation problem !
   *** Trying to get *unstuck* using a push - expanding step to 1e-07 (mm) ...       Potential overlap in geometry !

*** This is just a warning message. ***
-------- WWWW -------- G4Exception-END --------- WWWW -------


-------- WWWW ------- G4Exception-START -------- WWWW -------
*** G4Exception : GeomNav1002
      issued by : G4Navigator::ComputeStep()
Stuck Track: potential geometry or navigation problem.
  Track stuck, not moving for 10 steps.
  Current  phys volume: 'Crystal'
   - at position : (-36.47751994878664,11.00002447205789,32.94652696525741)
     in direction: (-0.2685161887345983,-0.8904348036696738,0.3674573673246944)
    (local position: (-36.47751994878664,11.00002447205789,32.94652696525741))
    (local direction: (-0.2685161887345983,-0.8904348036696738,0.3674573673246944)).
  Previous phys volume: 'World'

  Likely geometry overlap - else navigation problem !
   *** Trying to get *unstuck* using a push - expanding step to 1e-07 (mm) ...       Potential overlap in geometry !

*** This is just a warning message. ***
-------- WWWW -------- G4Exception-END --------- WWWW -------


-------- WWWW ------- G4Exception-START -------- WWWW -------
*** G4Exception : GeomNav1002
      issued by : G4Navigator::ComputeStep()
Stuck Track: potential geometry or navigation problem.
  Track stuck, not moving for 10 steps.
  Current  phys volume: 'Crystal'
   - at position : (27.14304562743936,26.73696082330123,20.50023628251527)
     in direction: (-0.6562108206025961,0.6661774448692364,0.3543938076089411)
    (local position: (27.14304562743936,26.73696082330123,20.50023628251527))
    (local direction: (-0.6562108206025961,0.6661774448692364,0.3543938076089411)).
  Previous phys volume: 'World'

  Likely geometry overlap - else navigation problem !
   *** Trying to get *unstuck* using a push - expanding step to 1e-07 (mm) ...       Potential overlap in geometry !

*** This is just a warning message. ***
-------- WWWW -------- G4Exception-END --------- WWWW -------


-------- WWWW ------- G4Exception-START -------- WWWW -------
*** G4Exception : GeomNav1002
      issued by : G4Navigator::ComputeStep()
Stuck Track: potential geometry or navigation problem.
  Track stuck, not moving for 10 steps.
  Current  phys volume: 'Crystal'
   - at position : (-23.7345571391476,-29.80403995112974,9.591803019986857)
     in direction: (-0.7255614817483,0.5778035620257203,-0.3737694207845275)
    (local position: (-23.7345571391476,-29.80403995112974,9.591803019986857))
    (local direction: (-0.7255614817483,0.5778035620257203,-0.3737694207845275)).
  Previous phys volume: 'World'

  Likely geometry overlap - else navigation problem !
   *** Trying to get *unstuck* using a push - expanding step to 1e-07 (mm) ...       Potential overlap in geometry !

*** This is just a warning message. ***
-------- WWWW -------- G4Exception-END --------- WWWW -------


-------- WWWW ------- G4Exception-START -------- WWWW -------
*** G4Exception : GeomNav1002
      issued by : G4Navigator::ComputeStep()
Stuck Track: potential geometry or navigation problem.
  Track stuck, not moving for 10 steps.
  Current  phys volume: 'Crystal'
   - at position : (25.06129427043223,-28.69741328919387,-22.30363267696811)
     in direction: (-0.7337484500061012,-0.6407785134070173,0.2258674586334583)
    (local position: (25.06129427043223,-28.69741328919387,-22.30363267696811))
    (local direction: (-0.7337484500061012,-0.6407785134070173,0.2258674586334583)).
  Previous phys volume: 'World'

  Likely geometry overlap - else navigation problem !
   *** Trying to get *unstuck* using a push - expanding step to 1e-07 (mm) ...       Potential overlap in geometry !

*** This is just a warning message. ***
-------- WWWW -------- G4Exception-END --------- WWWW -------


-------- WWWW ------- G4Exception-START -------- WWWW -------
*** G4Exception : GeomNav1002
      issued by : G4Navigator::ComputeStep()
Stuck Track: potential geometry or navigation problem.
  Track stuck, not moving for 10 steps.
  Current  phys volume: 'Crystal'
   - at position : (-25.30826171375994,28.4798505794506,-25.37147113089852)
     in direction: (0.7407256149886625,0.6582365195323464,0.1343512100935857)
    (local position: (-25.30826171375994,28.4798505794506,-25.37147113089852))
    (local direction: (0.7407256149886625,0.6582365195323464,0.1343512100935857)).
  Previous phys volume: 'World'

  Likely geometry overlap - else navigation problem !
   *** Trying to get *unstuck* using a push - expanding step to 1e-07 (mm) ...       Potential overlap in geometry !

*** This is just a warning message. ***
-------- WWWW -------- G4Exception-END --------- WWWW -------


-------- WWWW ------- G4Exception-START -------- WWWW -------
*** G4Exception : GeomNav1002
      issued by : G4Navigator::ComputeStep()
Stuck Track: potential geometry or navigation problem.
  Track stuck, not moving for 10 steps.
  Current  phys volume: 'Crystal'
   - at position : (2.859132430242165,37.99256982287902,-23.44461860998263)
     in direction: (0.9173455817590802,-0.06903488010351194,-0.3920602874000231)
    (local position: (2.859132430242165,37.99256982287902,-23.44461860998263))
    (local direction: (0.9173455817590802,-0.06903488010351194,-0.3920602874000231)).
  Previous phys volume: 'World'

  Likely geometry overlap - else navigation problem !
   *** Trying to get *unstuck* using a push - expanding step to 1e-07 (mm) ...       Potential overlap in geometry !

*** This is just a warning message. ***
-------- WWWW -------- G4Exception-END --------- WWWW -------


-------- WWWW ------- G4Exception-START -------- WWWW -------
*** G4Exception : GeomNav1002
      issued by : G4Navigator::ComputeStep()
Stuck Track: potential geometry or navigation problem.
  Track stuck, not moving for 10 steps.
  Current  phys volume: 'Crystal'
   - at position : (16.67237538073561,-34.25845733777049,-26.41894080346374)
     in direction: (0.8987602293569592,0.4373947073382857,-0.03026417219554359)
    (local position: (16.67237538073561,-34.25845733777049,-26.41894080346374))
    (local direction: (0.8987602293569592,0.4373947073382857,-0.03026417219554359)).
  Previous phys volume: 'World'

  Likely geometry overlap - else navigation problem !
   *** Trying to get *unstuck* using a push - expanding step to 1e-07 (mm) ...       Potential overlap in geometry !

*** This is just a warning message. ***
-------- WWWW -------- G4Exception-END --------- WWWW -------


-------- WWWW ------- G4Exception-START -------- WWWW -------
*** G4Exception : GeomNav1002
      issued by : G4Navigator::ComputeStep()
Stuck Track: potential geometry or navigation problem.
  Track stuck, not moving for 10 steps.
  Current  phys volume: 'Crystal'
   - at position : (37.9738477832484,-3.09788388011566,-8.470728308498055)
     in direction: (0.07871590672952562,0.964899258959889,0.2505458562547098)
    (local position: (37.9738477832484,-3.09788388011566,-8.470728308498055))
    (local direction: (0.07871590672952562,0.964899258959889,0.2505458562547098)).
  Previous phys volume: 'World'

  Likely geometry overlap - else navigation problem !
   *** Trying to get *unstuck* using a push - expanding step to 1e-07 (mm) ...       Potential overlap in geometry !

*** This is just a warning message. ***
-------- WWWW -------- G4Exception-END --------- WWWW -------


-------- WWWW ------- G4Exception-START -------- WWWW -------
*** G4Exception : GeomNav1002
      issued by : G4Navigator::ComputeStep()
Stuck Track: potential geometry or navigation problem.
  Track stuck, not moving for 10 steps.
  Current  phys volume: 'Crystal'
   - at position : (29.83540317880945,-23.69512011275501,11.98106984835544)
     in direction: (0.6141887066377633,0.7733477443123464,0.157179830148901)
    (local position: (29.83540317880945,-23.69512011275501,11.98106984835544))
    (local direction: (0.6141887066377633,0.7733477443123464,0.157179830148901)).
  Previous phys volume: 'World'

  Likely geometry overlap - else navigation problem !
   *** Trying to get *unstuck* using a push - expanding step to 1e-07 (mm) ...       Potential overlap in geometry !

*** This is just a warning message. ***
-------- WWWW -------- G4Exception-END --------- WWWW -------


-------- WWWW ------- G4Exception-START -------- WWWW -------
*** G4Exception : GeomNav1002
      issued by : G4Navigator::ComputeStep()
Stuck Track: potential geometry or navigation problem.
  Track stuck, not moving for 10 steps.
  Current  phys volume: 'Crystal'
   - at position : (-37.32984366514208,-7.621861448232437,-33.62436466614173)
     in direction: (0.198531249646885,-0.9723530875364047,-0.1229423282359149)
    (local position: (-37.32984366514208,-7.621861448232437,-33.62436466614173))
    (local direction: (0.198531249646885,-0.9723530875364047,-0.1229423282359149)).
  Previous phys volume: 'World'

  Likely geometry overlap - else navigation problem !
   *** Trying to get *unstuck* using a push - expanding step to 1e-07 (mm) ...       Potential overlap in geometry !

*** This is just a warning message. ***
-------- WWWW -------- G4Exception-END --------- WWWW -------


-------- WWWW ------- G4Exception-START -------- WWWW -------
*** G4Exception : GeomNav1002
      issued by : G4Navigator::ComputeStep()
Stuck Track: potential geometry or navigation problem.
  Track stuck, not moving for 10 steps.
  Current  phys volume: 'Crystal'
   - at position : (16.39915540188416,-34.3900814495234,29.31492491984085)
     in direction: (-0.8180126946635486,-0.3900751825840021,0.4227251864998555)
    (local position: (16.39915540188416,-34.3900814495234,29.31492491984085))
    (local direction: (-0.8180126946635486,-0.3900751825840021,0.4227251864998555)).
  Previous phys volume: 'World'

  Likely geometry overlap - else navigation problem !
   *** Trying to get *unstuck* using a push - expanding step to 1e-07 (mm) ...       Potential overlap in geometry !

*** This is just a warning message. ***
-------- WWWW -------- G4Exception-END --------- WWWW -------


-------- WWWW ------- G4Exception-START -------- WWWW -------
*** G4Exception : GeomNav1002
      issued by : G4Navigator::ComputeStep()
Stuck Track: potential geometry or navigation problem.
  Track stuck, not moving for 10 steps.
  Current  phys volume: 'Crystal'
   - at position : (38.03934336068532,-2.149036223027914,34.7466660537932)
     in direction: (-0.05640023369366141,-0.9983209366630622,-0.01320307007806704)
    (local position: (38.03934336068532,-2.149036223027914,34.7466660537932))
    (local direction: (-0.05640023369366141,-0.9983209366630622,-0.01320307007806704)).
  Previous phys volume: 'World'

  Likely geometry overlap - else navigation problem !
   *** Trying to get *unstuck* using a push - expanding step to 1e-07 (mm) ...       Potential overlap in geometry !

*** This is just a warning message. ***
-------- WWWW -------- G4Exception-END --------- WWWW -------


-------- WWWW ------- G4Exception-START -------- WWWW -------
*** G4Exception : GeomNav1002
      issued by : G4Navigator::ComputeStep()
Stuck Track: potential geometry or navigation problem.
  Track stuck, not moving for 10 steps.
  Current  phys volume: 'Crystal'
   - at position : (-29.15683213521196,-24.52527553033953,-2.674117612832573)
     in direction: (0.5640798667935211,-0.6706053910222358,0.4817699797726276)
    (local position: (-29.15683213521196,-24.52527553033953,-2.674117612832573))
    (local direction: (0.5640798667935211,-0.6706053910222358,0.4817699797726276)).
  Previous phys volume: 'World'

  Likely geometry overlap - else navigation problem !
   *** Trying to get *unstuck* using a push - expanding step to 1e-07 (mm) ...       Potential overlap in geometry !

*** This is just a warning message. ***
-------- WWWW -------- G4Exception-END --------- WWWW -------


-------- WWWW ------- G4Exception-START -------- WWWW -------
*** G4Exception : GeomNav1002
      issued by : G4Navigator::ComputeStep()
Stuck Track: potential geometry or navigation problem.
  Track stuck, not moving for 10 steps.
  Current  phys volume: 'Crystal'
   - at position : (-37.86716658021928,4.205674165448845,-3.579070568542694)
     in direction: (0.09191211945202971,0.8275609096454017,-0.5538005987038214)
    (local position: (-37.86716658021928,4.205674165448845,-3.579070568542694))
    (local direction: (0.09191211945202971,0.8275609096454017,-0.5538005987038214)).
  Previous phys volume: 'World'

  Likely geometry overlap - else navigation problem !
   *** Trying to get *unstuck* using a push - expanding step to 1e-07 (mm) ...       Potential overlap in geometry !

*** This is just a warning message. ***
-------- WWWW -------- G4Exception-END --------- WWWW -------


-------- WWWW ------- G4Exception-START -------- WWWW -------
*** G4Exception : GeomNav1002
      issued by : G4Navigator::ComputeStep()
Stuck Track: potential geometry or navigation problem.
  Track stuck, not moving for 10 steps.
  Current  phys volume: 'Crystal'
   - at position : (-6.417231495687687,37.55568052812722,-32.31521307571396)
     in direction: (0.05267043638126373,0.008999927001304371,0.998571392763371)
    (local position: (-6.417231495687687,37.55568052812722,-32.31521307571396))
    (local direction: (0.05267043638126373,0.008999927001304371,0.998571392763371)).
  Previous phys volume: 'World'

  Likely geometry overlap - else navigation problem !
   *** Trying to get *unstuck* using a push - expanding step to 1e-07 (mm) ...       Potential overlap in geometry !

*** This is just a warning message. ***
-------- WWWW -------- G4Exception-END --------- WWWW -------


-------- WWWW ------- G4Exception-START -------- WWWW -------
*** G4Exception : GeomNav1002
      issued by : G4Navigator::ComputeStep()
Stuck Track: potential geometry or navigation problem.
  Track stuck, not moving for 10 steps.
  Current  phys volume: 'Crystal'
   - at position : (-18.44934647022167,-33.33514083998625,-23.15926026504594)
     in direction: (-0.8715001965771927,0.4823321177102174,-0.08856147916047731)
    (local position: (-18.44934647022167,-33.33514083998625,-23.15926026504594))
    (local direction: (-0.8715001965771927,0.4823321177102174,-0.08856147916047731)).
  Previous phys volume: 'World'

  Likely geometry overlap - else navigation problem !
   *** Trying to get *unstuck* using a push - expanding step to 1e-07 (mm) ...       Potential overlap in geometry !

*** This is just a warning message. ***
-------- WWWW -------- G4Exception-END --------- WWWW -------


-------- WWWW ------- G4Exception-START -------- WWWW -------
*** G4Exception : GeomNav1002
      issued by : G4Navigator::ComputeStep()
Stuck Track: potential geometry or navigation problem.
  Track stuck, not moving for 10 steps.
  Current  phys volume: 'Crystal'
   - at position : (20.64521141257099,-32.0216371494377,36.79654565077365)
     in direction: (0.7261143263685301,0.4681454513901428,-0.5035849693796425)
    (local position: (20.64521141257099,-32.0216371494377,36.79654565077365))
    (local direction: (0.7261143263685301,0.4681454513901428,-0.5035849693796425)).
  Previous phys volume: 'World'

  Likely geometry overlap - else navigation problem !
   *** Trying to get *unstuck* using a push - expanding step to 1e-07 (mm) ...       Potential overlap in geometry !

*** This is just a warning message. ***
-------- WWWW -------- G4Exception-END --------- WWWW -------


-------- WWWW ------- G4Exception-START -------- WWWW -------
*** G4Exception : GeomNav1002
      issued by : G4Navigator::ComputeStep()
Stuck Track: potential geometry or navigation problem.
  Track stuck, not moving for 10 steps.
  Current  phys volume: 'Crystal'
   - at position : (-32.89698957496636,19.21973144725376,-6.071830674120169)
     in direction: (0.474384446500656,0.8119686913361177,0.3400973995904388)
    (local position: (-32.89698957496636,19.21973144725376,-6.071830674120169))
    (local direction: (0.474384446500656,0.8119686913361177,0.3400973995904388)).
  Previous phys volume: 'World'

  Likely geometry overlap - else navigation problem !
   *** Trying to get *unstuck* using a push - expanding step to 1e-07 (mm) ...       Potential overlap in geometry !

*** This is just a warning message. ***
-------- WWWW -------- G4Exception-END --------- WWWW -------


-------- WWWW ------- G4Exception-START -------- WWWW -------
*** G4Exception : GeomNav1002
      issued by : G4Navigator::ComputeStep()
Stuck Track: potential geometry or navigation problem.
  Track stuck, not moving for 10 steps.
  Current  phys volume: 'Crystal'
   - at position : (-37.14508425823015,-8.476598105902085,-5.035359983489747)
     in direction: (-0.1899246865889067,0.8322641226969111,0.5208311084177353)
    (local position: (-37.14508425823015,-8.476598105902085,-5.035359983489747))
    (local direction: (-0.1899246865889067,0.8322641226969111,0.5208311084177353)).
  Previous phys volume: 'World'

  Likely geometry overlap - else navigation problem !
   *** Trying to get *unstuck* using a push - expanding step to 1e-07 (mm) ...       Potential overlap in geometry !

*** This is just a warning message. ***
-------- WWWW -------- G4Exception-END --------- WWWW -------


-------- WWWW ------- G4Exception-START -------- WWWW -------
*** G4Exception : GeomNav1002
      issued by : G4Navigator::ComputeStep()
Stuck Track: potential geometry or navigation problem.
  Track stuck, not moving for 10 steps.
  Current  phys volume: 'Crystal'
   - at position : (-19.14874804209317,32.93835831398452,-6.776002416351425)
     in direction: (-0.8132763260474375,-0.4727990177175814,-0.3391794603688028)
    (local position: (-19.14874804209317,32.93835831398452,-6.776002416351425))
    (local direction: (-0.8132763260474375,-0.4727990177175814,-0.3391794603688028)).
  Previous phys volume: 'World'

  Likely geometry overlap - else navigation problem !
   *** Trying to get *unstuck* using a push - expanding step to 1e-07 (mm) ...       Potential overlap in geometry !

*** This is just a warning message. ***
-------- WWWW -------- G4Exception-END --------- WWWW -------


-------- WWWW ------- G4Exception-START -------- WWWW -------
*** G4Exception : GeomNav1002
      issued by : G4Navigator::ComputeStep()
Stuck Track: potential geometry or navigation problem.
  Track stuck, not moving for 10 steps.
  Current  phys volume: 'Crystal'
   - at position : (-12.95849813703097,35.82858252893303,33.98400838676709)
     in direction: (-0.8910036993566419,-0.3222586260250969,-0.319783967210984)
    (local position: (-12.95849813703097,35.82858252893303,33.98400838676709))
    (local direction: (-0.8910036993566419,-0.3222586260250969,-0.319783967210984)).
  Previous phys volume: 'World'

  Likely geometry overlap - else navigation problem !
   *** Trying to get *unstuck* using a push - expanding step to 1e-07 (mm) ...       Potential overlap in geometry !

*** This is just a warning message. ***
-------- WWWW -------- G4Exception-END --------- WWWW -------


-------- WWWW ------- G4Exception-START -------- WWWW -------
*** G4Exception : GeomNav1002
      issued by : G4Navigator::ComputeStep()
Stuck Track: potential geometry or navigation problem.
  Track stuck, not moving for 10 steps.
  Current  phys volume: 'Crystal'
   - at position : (-7.461307428524694,37.362265609262,5.446525340415056)
     in direction: (-0.9654927125817429,-0.1928105223572634,-0.1750654860898266)
    (local position: (-7.461307428524694,37.362265609262,5.446525340415056))
    (local direction: (-0.9654927125817429,-0.1928105223572634,-0.1750654860898266)).
  Previous phys volume: 'World'

  Likely geometry overlap - else navigation problem !
   *** Trying to get *unstuck* using a push - expanding step to 1e-07 (mm) ...       Potential overlap in geometry !

*** This is just a warning message. ***
-------- WWWW -------- G4Exception-END --------- WWWW -------


-------- WWWW ------- G4Exception-START -------- WWWW -------
*** G4Exception : GeomNav1002
      issued by : G4Navigator::ComputeStep()
Stuck Track: potential geometry or navigation problem.
  Track stuck, not moving for 10 steps.
  Current  phys volume: 'Crystal'
   - at position : (22.84130558732375,-30.49401185587907,-25.9456025021524)
     in direction: (0.7301050138683625,0.5468795582365912,-0.4097187053421278)
    (local position: (22.84130558732375,-30.49401185587907,-25.9456025021524))
    (local direction: (0.7301050138683625,0.5468795582365912,-0.4097187053421278)).
  Previous phys volume: 'World'

  Likely geometry overlap - else navigation problem !
   *** Trying to get *unstuck* using a push - expanding step to 1e-07 (mm) ...       Potential overlap in geometry !

*** This is just a warning message. ***
-------- WWWW -------- G4Exception-END --------- WWWW -------


-------- WWWW ------- G4Exception-START -------- WWWW -------
*** G4Exception : GeomNav1002
      issued by : G4Navigator::ComputeStep()
Stuck Track: potential geometry or navigation problem.
  Track stuck, not moving for 10 steps.
  Current  phys volume: 'Crystal'
   - at position : (37.36906194699025,-7.427193898236754,34.24857025835638)
     in direction: (-0.1643367070463164,-0.826841020972416,0.5378915994458975)
    (local position: (37.36906194699025,-7.427193898236754,34.24857025835638))
    (local direction: (-0.1643367070463164,-0.826841020972416,0.5378915994458975)).
  Previous phys volume: 'World'

  Likely geometry overlap - else navigation problem !
   *** Trying to get *unstuck* using a push - expanding step to 1e-07 (mm) ...       Potential overlap in geometry !

*** This is just a warning message. ***
-------- WWWW -------- G4Exception-END --------- WWWW -------


-------- WWWW ------- G4Exception-START -------- WWWW -------
*** G4Exception : GeomNav1002
      issued by : G4Navigator::ComputeStep()
Stuck Track: potential geometry or navigation problem.
  Track stuck, not moving for 10 steps.
  Current  phys volume: 'Crystal'
   - at position : (5.748468205809756,-37.66384358090388,2.920809392704813)
     in direction: (-0.8889546244970939,-0.1356772678909489,-0.437437257858631)
    (local position: (5.748468205809756,-37.66384358090388,2.920809392704813))
    (local direction: (-0.8889546244970939,-0.1356772678909489,-0.437437257858631)).
  Previous phys volume: 'World'

  Likely geometry overlap - else navigation problem !
   *** Trying to get *unstuck* using a push - expanding step to 1e-07 (mm) ...       Potential overlap in geometry !

*** This is just a warning message. ***
-------- WWWW -------- G4Exception-END --------- WWWW -------


-------- WWWW ------- G4Exception-START -------- WWWW -------
*** G4Exception : GeomNav1002
      issued by : G4Navigator::ComputeStep()
Stuck Track: potential geometry or navigation problem.
  Track stuck, not moving for 10 steps.
  Current  phys volume: 'Crystal'
   - at position : (36.47159010320107,-11.01966947526495,13.47173624442296)
     in direction: (-0.1613125182694206,-0.5338929682095545,0.8300220297955772)
    (local position: (36.47159010320107,-11.01966947526495,13.47173624442296))
    (local direction: (-0.1613125182694206,-0.5338929682095545,0.8300220297955772)).
  Previous phys volume: 'World'

  Likely geometry overlap - else navigation problem !
   *** Trying to get *unstuck* using a push - expanding step to 1e-07 (mm) ...       Potential overlap in geometry !

*** This is just a warning message. ***
-------- WWWW -------- G4Exception-END --------- WWWW -------


-------- WWWW ------- G4Exception-START -------- WWWW -------
*** G4Exception : GeomNav1002
      issued by : G4Navigator::ComputeStep()
Stuck Track: potential geometry or navigation problem.
  Track stuck, not moving for 10 steps.
  Current  phys volume: 'Crystal'
   - at position : (30.15079262189457,23.29248171130564,22.59182296999409)
     in direction: (-0.6075056851972557,0.786381552555384,-0.1119861431320716)
    (local position: (30.15079262189457,23.29248171130564,22.59182296999409))
    (local direction: (-0.6075056851972557,0.786381552555384,-0.1119861431320716)).
  Previous phys volume: 'World'

  Likely geometry overlap - else navigation problem !
   *** Trying to get *unstuck* using a push - expanding step to 1e-07 (mm) ...       Potential overlap in geometry !

*** This is just a warning message. ***
-------- WWWW -------- G4Exception-END --------- WWWW -------


-------- WWWW ------- G4Exception-START -------- WWWW -------
*** G4Exception : GeomNav1002
      issued by : G4Navigator::ComputeStep()
Stuck Track: potential geometry or navigation problem.
  Track stuck, not moving for 10 steps.
  Current  phys volume: 'Crystal'
   - at position : (29.29658967031299,24.35815743625347,-0.1491591860539944)
     in direction: (0.619245841163922,-0.7447932529833272,0.2486314511716096)
    (local position: (29.29658967031299,24.35815743625347,-0.1491591860539944))
    (local direction: (0.619245841163922,-0.7447932529833272,0.2486314511716096)).
  Previous phys volume: 'World'

  Likely geometry overlap - else navigation problem !
   *** Trying to get *unstuck* using a push - expanding step to 1e-07 (mm) ...       Potential overlap in geometry !

*** This is just a warning message. ***
-------- WWWW -------- G4Exception-END --------- WWWW -------


-------- WWWW ------- G4Exception-START -------- WWWW -------
*** G4Exception : GeomNav1002
      issued by : G4Navigator::ComputeStep()
Stuck Track: potential geometry or navigation problem.
  Track stuck, not moving for 10 steps.
  Current  phys volume: 'Crystal'
   - at position : (14.82076189520467,-35.09921675544412,-0.1877383388534112)
     in direction: (0.8465598202561255,0.3574627209912664,-0.3944069900869362)
    (local position: (14.82076189520467,-35.09921675544412,-0.1877383388534112))
    (local direction: (0.8465598202561255,0.3574627209912664,-0.3944069900869362)).
  Previous phys volume: 'World'

  Likely geometry overlap - else navigation problem !
   *** Trying to get *unstuck* using a push - expanding step to 1e-07 (mm) ...       Potential overlap in geometry !

*** This is just a warning message. ***
-------- WWWW -------- G4Exception-END --------- WWWW -------


-------- WWWW ------- G4Exception-START -------- WWWW -------
*** G4Exception : GeomNav1002
      issued by : G4Navigator::ComputeStep()
Stuck Track: potential geometry or navigation problem.
  Track stuck, not moving for 10 steps.
  Current  phys volume: 'Crystal'
   - at position : (-4.492010275711102,-37.83426811348286,35.87718914784185)
     in direction: (0.9135119807345949,-0.1084600128152777,0.3920870906756135)
    (local position: (-4.492010275711102,-37.83426811348286,35.87718914784185))
    (local direction: (0.9135119807345949,-0.1084600128152777,0.3920870906756135)).
  Previous phys volume: 'World'

  Likely geometry overlap - else navigation problem !
   *** Trying to get *unstuck* using a push - expanding step to 1e-07 (mm) ...       Potential overlap in geometry !

*** This is just a warning message. ***
-------- WWWW -------- G4Exception-END --------- WWWW -------


-------- WWWW ------- G4Exception-START -------- WWWW -------
*** G4Exception : GeomNav1002
      issued by : G4Navigator::ComputeStep()
Stuck Track: potential geometry or navigation problem.
  Track stuck, not moving for 10 steps.
  Current  phys volume: 'Crystal'
   - at position : (-21.16008450211089,-31.68376277943525,27.10965949117696)
     in direction: (-0.6939640995955332,0.4634657534553894,-0.551011183050389)
    (local position: (-21.16008450211089,-31.68376277943525,27.10965949117696))
    (local direction: (-0.6939640995955332,0.4634657534553894,-0.551011183050389)).
  Previous phys volume: 'World'

  Likely geometry overlap - else navigation problem !
   *** Trying to get *unstuck* using a push - expanding step to 1e-07 (mm) ...       Potential overlap in geometry !

*** This is just a warning message. ***
-------- WWWW -------- G4Exception-END --------- WWWW -------


-------- WWWW ------- G4Exception-START -------- WWWW -------
*** G4Exception : GeomNav1002
      issued by : G4Navigator::ComputeStep()
Stuck Track: potential geometry or navigation problem.
  Track stuck, not moving for 10 steps.
  Current  phys volume: 'Crystal'
   - at position : (35.84962768271347,12.90016259629406,-19.38469088803692)
     in direction: (0.3278737477234218,-0.9111630721768825,-0.2495609373579589)
    (local position: (35.84962768271347,12.90016259629406,-19.38469088803692))
    (local direction: (0.3278737477234218,-0.9111630721768825,-0.2495609373579589)).
  Previous phys volume: 'World'

  Likely geometry overlap - else navigation problem !
   *** Trying to get *unstuck* using a push - expanding step to 1e-07 (mm) ...       Potential overlap in geometry !

*** This is just a warning message. ***
-------- WWWW -------- G4Exception-END --------- WWWW -------


-------- WWWW ------- G4Exception-START -------- WWWW -------
*** G4Exception : GeomNav1002
      issued by : G4Navigator::ComputeStep()
Stuck Track: potential geometry or navigation problem.
  Track stuck, not moving for 10 steps.
  Current  phys volume: 'Crystal'
   - at position : (-34.10101720498488,-16.99207537604883,35.51854302346462)
     in direction: (-0.423765142354712,0.8504448156274109,-0.3117157674830545)
    (local position: (-34.10101720498488,-16.99207537604883,35.51854302346462))
    (local direction: (-0.423765142354712,0.8504448156274109,-0.3117157674830545)).
  Previous phys volume: 'World'

  Likely geometry overlap - else navigation problem !
   *** Trying to get *unstuck* using a push - expanding step to 1e-07 (mm) ...       Potential overlap in geometry !

*** This is just a warning message. ***
-------- WWWW -------- G4Exception-END --------- WWWW -------


-------- WWWW ------- G4Exception-START -------- WWWW -------
*** G4Exception : GeomNav1002
      issued by : G4Navigator::ComputeStep()
Stuck Track: potential geometry or navigation problem.
  Track stuck, not moving for 10 steps.
  Current  phys volume: 'Crystal'
   - at position : (-4.736164258613613,-37.8044805296334,-31.30830681777216)
     in direction: (-0.6729361221931989,0.08430577449049227,-0.7348806105995302)
    (local position: (-4.736164258613613,-37.8044805296334,-31.30830681777216))
    (local direction: (-0.6729361221931989,0.08430577449049227,-0.7348806105995302)).
  Previous phys volume: 'World'

  Likely geometry overlap - else navigation problem !
   *** Trying to get *unstuck* using a push - expanding step to 1e-07 (mm) ...       Potential overlap in geometry !

*** This is just a warning message. ***
-------- WWWW -------- G4Exception-END --------- WWWW -------


-------- WWWW ------- G4Exception-START -------- WWWW -------
*** G4Exception : GeomNav1002
      issued by : G4Navigator::ComputeStep()
Stuck Track: potential geometry or navigation problem.
  Track stuck, not moving for 10 steps.
  Current  phys volume: 'Crystal'
   - at position : (28.60326480000356,25.16869569089501,37.39598328287354)
     in direction: (0.6568530460661669,-0.7464884887982611,-0.1062968107013873)
    (local position: (28.60326480000356,25.16869569089501,37.39598328287354))
    (local direction: (0.6568530460661669,-0.7464884887982611,-0.1062968107013873)).
  Previous phys volume: 'World'

  Likely geometry overlap - else navigation problem !
   *** Trying to get *unstuck* using a push - expanding step to 1e-07 (mm) ...       Potential overlap in geometry !

*** This is just a warning message. ***
-------- WWWW -------- G4Exception-END --------- WWWW -------


-------- WWWW ------- G4Exception-START -------- WWWW -------
*** G4Exception : GeomNav1002
      issued by : G4Navigator::ComputeStep()
Stuck Track: potential geometry or navigation problem.
  Track stuck, not moving for 10 steps.
  Current  phys volume: 'Crystal'
   - at position : (36.25729527841615,11.70549183476465,1.014941397421671)
     in direction: (-0.262278333158885,0.8123967027365573,0.5207894712243775)
    (local position: (36.25729527841615,11.70549183476465,1.014941397421671))
    (local direction: (-0.262278333158885,0.8123967027365573,0.5207894712243775)).
  Previous phys volume: 'World'

  Likely geometry overlap - else navigation problem !
   *** Trying to get *unstuck* using a push - expanding step to 1e-07 (mm) ...       Potential overlap in geometry !

*** This is just a warning message. ***
-------- WWWW -------- G4Exception-END --------- WWWW -------


-------- WWWW ------- G4Exception-START -------- WWWW -------
*** G4Exception : GeomNav1002
      issued by : G4Navigator::ComputeStep()
Stuck Track: potential geometry or navigation problem.
  Track stuck, not moving for 10 steps.
  Current  phys volume: 'Crystal'
   - at position : (31.71224460391331,21.11737536204656,22.72231816542541)
     in direction: (-0.5530566649451527,0.8305325798246112,0.06590871876786332)
    (local position: (31.71224460391331,21.11737536204656,22.72231816542541))
    (local direction: (-0.5530566649451527,0.8305325798246112,0.06590871876786332)).
  Previous phys volume: 'World'

  Likely geometry overlap - else navigation problem !
   *** Trying to get *unstuck* using a push - expanding step to 1e-07 (mm) ...       Potential overlap in geometry !

*** This is just a warning message. ***
-------- WWWW -------- G4Exception-END --------- WWWW -------


-------- WWWW ------- G4Exception-START -------- WWWW -------
*** G4Exception : GeomNav1002
      issued by : G4Navigator::ComputeStep()
Stuck Track: potential geometry or navigation problem.
  Track stuck, not moving for 10 steps.
  Current  phys volume: 'Crystal'
   - at position : (-26.87970644615868,-27.00169219453358,13.46632607292115)
     in direction: (0.7056050457850825,-0.702417328550656,-0.09344204575238894)
    (local position: (-26.87970644615868,-27.00169219453358,13.46632607292115))
    (local direction: (0.7056050457850825,-0.702417328550656,-0.09344204575238894)).
  Previous phys volume: 'World'

  Likely geometry overlap - else navigation problem !
   *** Trying to get *unstuck* using a push - expanding step to 1e-07 (mm) ...       Potential overlap in geometry !

*** This is just a warning message. ***
-------- WWWW -------- G4Exception-END --------- WWWW -------


-------- WWWW ------- G4Exception-START -------- WWWW -------
*** G4Exception : GeomNav1002
      issued by : G4Navigator::ComputeStep()
Stuck Track: potential geometry or navigation problem.
  Track stuck, not moving for 10 steps.
  Current  phys volume: 'Crystal'
   - at position : (18.72658516224766,33.18018999585575,35.53647893318681)
     in direction: (-0.7338159534635625,0.4141587781042767,-0.5385040881567524)
    (local position: (18.72658516224766,33.18018999585575,35.53647893318681))
    (local direction: (-0.7338159534635625,0.4141587781042767,-0.5385040881567524)).
  Previous phys volume: 'World'

  Likely geometry overlap - else navigation problem !
   *** Trying to get *unstuck* using a push - expanding step to 1e-07 (mm) ...       Potential overlap in geometry !

*** This is just a warning message. ***
-------- WWWW -------- G4Exception-END --------- WWWW -------


-------- WWWW ------- G4Exception-START -------- WWWW -------
*** G4Exception : GeomNav1002
      issued by : G4Navigator::ComputeStep()
Stuck Track: potential geometry or navigation problem.
  Track stuck, not moving for 10 steps.
  Current  phys volume: 'Crystal'
   - at position : (-5.593795712534769,37.68712577958722,-9.412616628957672)
     in direction: (0.7303634793097085,0.1084058286389005,0.6744014860657784)
    (local position: (-5.593795712534769,37.68712577958722,-9.412616628957672))
    (local direction: (0.7303634793097085,0.1084058286389005,0.6744014860657784)).
  Previous phys volume: 'World'

  Likely geometry overlap - else navigation problem !
   *** Trying to get *unstuck* using a push - expanding step to 1e-07 (mm) ...       Potential overlap in geometry !

*** This is just a warning message. ***
-------- WWWW -------- G4Exception-END --------- WWWW -------


-------- WWWW ------- G4Exception-START -------- WWWW -------
*** G4Exception : GeomNav1002
      issued by : G4Navigator::ComputeStep()
Stuck Track: potential geometry or navigation problem.
  Track stuck, not moving for 10 steps.
  Current  phys volume: 'Crystal'
   - at position : (-38.05529564683047,1.845121468176614,-18.6317958321136)
     in direction: (0.04816125937265012,0.993317239954442,0.1048873391069201)
    (local position: (-38.05529564683047,1.845121468176614,-18.6317958321136))
    (local direction: (0.04816125937265012,0.993317239954442,0.1048873391069201)).
  Previous phys volume: 'World'

  Likely geometry overlap - else navigation problem !
   *** Trying to get *unstuck* using a push - expanding step to 1e-07 (mm) ...       Potential overlap in geometry !

*** This is just a warning message. ***
-------- WWWW -------- G4Exception-END --------- WWWW -------


-------- WWWW ------- G4Exception-START -------- WWWW -------
*** G4Exception : GeomNav1002
      issued by : G4Navigator::ComputeStep()
Stuck Track: potential geometry or navigation problem.
  Track stuck, not moving for 10 steps.
  Current  phys volume: 'Crystal'
   - at position : (-14.55737733728398,35.20927101006112,3.139825527238464)
     in direction: (-0.921379011954666,-0.380946880264724,0.07707263292516656)
    (local position: (-14.55737733728398,35.20927101006112,3.139825527238464))
    (local direction: (-0.921379011954666,-0.380946880264724,0.07707263292516656)).
  Previous phys volume: 'World'

  Likely geometry overlap - else navigation problem !
   *** Trying to get *unstuck* using a push - expanding step to 1e-07 (mm) ...       Potential overlap in geometry !

*** This is just a warning message. ***
-------- WWWW -------- G4Exception-END --------- WWWW -------


-------- WWWW ------- G4Exception-START -------- WWWW -------
*** G4Exception : GeomNav1002
      issued by : G4Navigator::ComputeStep()
Stuck Track: potential geometry or navigation problem.
  Track stuck, not moving for 10 steps.
  Current  phys volume: 'Crystal'
   - at position : (26.11518335604136,27.74179515244715,24.51371830647594)
     in direction: (0.6670789715899573,-0.6279654780917999,0.4008303930435195)
    (local position: (26.11518335604136,27.74179515244715,24.51371830647594))
    (local direction: (0.6670789715899573,-0.6279654780917999,0.4008303930435195)).
  Previous phys volume: 'World'

  Likely geometry overlap - else navigation problem !
   *** Trying to get *unstuck* using a push - expanding step to 1e-07 (mm) ...       Potential overlap in geometry !

*** This is just a warning message. ***
-------- WWWW -------- G4Exception-END --------- WWWW -------


-------- WWWW ------- G4Exception-START -------- WWWW -------
*** G4Exception : GeomNav1002
      issued by : G4Navigator::ComputeStep()
Stuck Track: potential geometry or navigation problem.
  Track stuck, not moving for 10 steps.
  Current  phys volume: 'Crystal'
   - at position : (19.597692648031,32.67323741035332,13.72937261066445)
     in direction: (-0.7187280873009135,0.431099372722924,0.5455119314576647)
    (local position: (19.597692648031,32.67323741035332,13.72937261066445))
    (local direction: (-0.7187280873009135,0.431099372722924,0.5455119314576647)).
  Previous phys volume: 'World'

  Likely geometry overlap - else navigation problem !
   *** Trying to get *unstuck* using a push - expanding step to 1e-07 (mm) ...       Potential overlap in geometry !

*** This is just a warning message. ***
-------- WWWW -------- G4Exception-END --------- WWWW -------


-------- WWWW ------- G4Exception-START -------- WWWW -------
*** G4Exception : GeomNav1002
      issued by : G4Navigator::ComputeStep()
Stuck Track: potential geometry or navigation problem.
  Track stuck, not moving for 10 steps.
  Current  phys volume: 'Crystal'
   - at position : (-5.239008661542377,37.73808140650878,22.25667956821583)
     in direction: (-0.8485855880192221,-0.1178053329686753,-0.5157755358004206)
    (local position: (-5.239008661542377,37.73808140650878,22.25667956821583))
    (local direction: (-0.8485855880192221,-0.1178053329686753,-0.5157755358004206)).
  Previous phys volume: 'World'

  Likely geometry overlap - else navigation problem !
   *** Trying to get *unstuck* using a push - expanding step to 1e-07 (mm) ...       Potential overlap in geometry !

*** This is just a warning message. ***
-------- WWWW -------- G4Exception-END --------- WWWW -------


-------- WWWW ------- G4Exception-START -------- WWWW -------
*** G4Exception : GeomNav1002
      issued by : G4Navigator::ComputeStep()
Stuck Track: potential geometry or navigation problem.
  Track stuck, not moving for 10 steps.
  Current  phys volume: 'Crystal'
   - at position : (-18.62953331008084,-33.23477829997649,-25.60056999139972)
     in direction: (0.6547341458319511,-0.3670068585663558,0.6607792097569054)
    (local position: (-18.62953331008084,-33.23477829997649,-25.60056999139972))
    (local direction: (0.6547341458319511,-0.3670068585663558,0.6607792097569054)).
  Previous phys volume: 'World'

  Likely geometry overlap - else navigation problem !
   *** Trying to get *unstuck* using a push - expanding step to 1e-07 (mm) ...       Potential overlap in geometry !

*** This is just a warning message. ***
-------- WWWW -------- G4Exception-END --------- WWWW -------


-------- WWWW ------- G4Exception-START -------- WWWW -------
*** G4Exception : GeomNav1002
      issued by : G4Navigator::ComputeStep()
Stuck Track: potential geometry or navigation problem.
  Track stuck, not moving for 10 steps.
  Current  phys volume: 'Crystal'
   - at position : (-37.37439818092727,7.400294630182016,30.30942097544685)
     in direction: (0.1926253565873857,0.9728338041404403,0.1284128557474758)
    (local position: (-37.37439818092727,7.400294630182016,30.30942097544685))
    (local direction: (0.1926253565873857,0.9728338041404403,0.1284128557474758)).
  Previous phys volume: 'World'

  Likely geometry overlap - else navigation problem !
   *** Trying to get *unstuck* using a push - expanding step to 1e-07 (mm) ...       Potential overlap in geometry !

*** This is just a warning message. ***
-------- WWWW -------- G4Exception-END --------- WWWW -------


-------- WWWW ------- G4Exception-START -------- WWWW -------
*** G4Exception : GeomNav1002
      issued by : G4Navigator::ComputeStep()
Stuck Track: potential geometry or navigation problem.
  Track stuck, not moving for 10 steps.
  Current  phys volume: 'Crystal'
   - at position : (-28.28868451348843,-25.52176186113177,-37.78588574447254)
     in direction: (-0.6582417872247368,0.7296045764283149,-0.1854586520118263)
    (local position: (-28.28868451348843,-25.52176186113177,-37.78588574447254))
    (local direction: (-0.6582417872247368,0.7296045764283149,-0.1854586520118263)).
  Previous phys volume: 'World'

  Likely geometry overlap - else navigation problem !
   *** Trying to get *unstuck* using a push - expanding step to 1e-07 (mm) ...       Potential overlap in geometry !

*** This is just a warning message. ***
-------- WWWW -------- G4Exception-END --------- WWWW -------


-------- WWWW ------- G4Exception-START -------- WWWW -------
*** G4Exception : GeomNav1002
      issued by : G4Navigator::ComputeStep()
Stuck Track: potential geometry or navigation problem.
  Track stuck, not moving for 10 steps.
  Current  phys volume: 'Crystal'
   - at position : (-37.94464552510852,-3.43713194013003,3.034456721189844)
     in direction: (-0.07592410614042033,0.8381736123286531,0.5400930713337425)
    (local position: (-37.94464552510852,-3.43713194013003,3.034456721189844))
    (local direction: (-0.07592410614042033,0.8381736123286531,0.5400930713337425)).
  Previous phys volume: 'World'

  Likely geometry overlap - else navigation problem !
   *** Trying to get *unstuck* using a push - expanding step to 1e-07 (mm) ...       Potential overlap in geometry !

*** This is just a warning message. ***
-------- WWWW -------- G4Exception-END --------- WWWW -------


-------- WWWW ------- G4Exception-START -------- WWWW -------
*** G4Exception : GeomNav1002
      issued by : G4Navigator::ComputeStep()
Stuck Track: potential geometry or navigation problem.
  Track stuck, not moving for 10 steps.
  Current  phys volume: 'Crystal'
   - at position : (14.87666863645349,35.07555744790325,35.37261608843713)
     in direction: (0.9107175402973328,-0.3862645116483902,-0.1462644482976191)
    (local position: (14.87666863645349,35.07555744790325,35.37261608843713))
    (local direction: (0.9107175402973328,-0.3862645116483902,-0.1462644482976191)).
  Previous phys volume: 'World'

  Likely geometry overlap - else navigation problem !
   *** Trying to get *unstuck* using a push - expanding step to 1e-07 (mm) ...       Potential overlap in geometry !

*** This is just a warning message. ***
-------- WWWW -------- G4Exception-END --------- WWWW -------


-------- WWWW ------- G4Exception-START -------- WWWW -------
*** G4Exception : GeomNav1002
      issued by : G4Navigator::ComputeStep()
Stuck Track: potential geometry or navigation problem.
  Track stuck, not moving for 10 steps.
  Current  phys volume: 'Crystal'
   - at position : (3.386915591610573,37.94916076509868,36.79415358856215)
     in direction: (0.9911829200167195,-0.08846184785804694,0.09864542838200477)
    (local position: (3.386915591610573,37.94916076509868,36.79415358856215))
    (local direction: (0.9911829200167195,-0.08846184785804694,0.09864542838200477)).
  Previous phys volume: 'World'

  Likely geometry overlap - else navigation problem !
   *** Trying to get *unstuck* using a push - expanding step to 1e-07 (mm) ...       Potential overlap in geometry !

*** This is just a warning message. ***
-------- WWWW -------- G4Exception-END --------- WWWW -------


-------- WWWW ------- G4Exception-START -------- WWWW -------
*** G4Exception : GeomNav1002
      issued by : G4Navigator::ComputeStep()
Stuck Track: potential geometry or navigation problem.
  Track stuck, not moving for 10 steps.
  Current  phys volume: 'Crystal'
   - at position : (-22.092940981826,31.04048902278367,-21.61860167772873)
     in direction: (0.8141201427301311,0.5794466785703862,0.03807807630143937)
    (local position: (-22.092940981826,31.04048902278367,-21.61860167772873))
    (local direction: (0.8141201427301311,0.5794466785703862,0.03807807630143937)).
  Previous phys volume: 'World'

  Likely geometry overlap - else navigation problem !
   *** Trying to get *unstuck* using a push - expanding step to 1e-07 (mm) ...       Potential overlap in geometry !

*** This is just a warning message. ***
-------- WWWW -------- G4Exception-END --------- WWWW -------


-------- WWWW ------- G4Exception-START -------- WWWW -------
*** G4Exception : GeomNav1002
      issued by : G4Navigator::ComputeStep()
Stuck Track: potential geometry or navigation problem.
  Track stuck, not moving for 10 steps.
  Current  phys volume: 'Crystal'
   - at position : (28.76519697034213,24.98346339596294,-30.5383679298135)
     in direction: (0.6110792972837622,-0.7035780456966616,-0.3627120428726486)
    (local position: (28.76519697034213,24.98346339596294,-30.5383679298135))
    (local direction: (0.6110792972837622,-0.7035780456966616,-0.3627120428726486)).
  Previous phys volume: 'World'

  Likely geometry overlap - else navigation problem !
   *** Trying to get *unstuck* using a push - expanding step to 1e-07 (mm) ...       Potential overlap in geometry !

*** This is just a warning message. ***
-------- WWWW -------- G4Exception-END --------- WWWW -------


-------- WWWW ------- G4Exception-START -------- WWWW -------
*** G4Exception : GeomNav1002
      issued by : G4Navigator::ComputeStep()
Stuck Track: potential geometry or navigation problem.
  Track stuck, not moving for 10 steps.
  Current  phys volume: 'Crystal'
   - at position : (30.21555872090134,23.20840389134425,2.900379596496806)
     in direction: (0.5746272889334966,-0.7481205804884304,-0.3318419440977795)
    (local position: (30.21555872090134,23.20840389134425,2.900379596496806))
    (local direction: (0.5746272889334966,-0.7481205804884304,-0.3318419440977795)).
  Previous phys volume: 'World'

  Likely geometry overlap - else navigation problem !
   *** Trying to get *unstuck* using a push - expanding step to 1e-07 (mm) ...       Potential overlap in geometry !

*** This is just a warning message. ***
-------- WWWW -------- G4Exception-END --------- WWWW -------


-------- WWWW ------- G4Exception-START -------- WWWW -------
*** G4Exception : GeomNav1002
      issued by : G4Navigator::ComputeStep()
Stuck Track: potential geometry or navigation problem.
  Track stuck, not moving for 10 steps.
  Current  phys volume: 'Crystal'
   - at position : (19.0230443171879,-33.01111608089471,-35.35132890443936)
     in direction: (-0.848700377261184,-0.4890735850641983,-0.20128263220948)
    (local position: (19.0230443171879,-33.01111608089471,-35.35132890443936))
    (local direction: (-0.848700377261184,-0.4890735850641983,-0.20128263220948)).
  Previous phys volume: 'World'

  Likely geometry overlap - else navigation problem !
   *** Trying to get *unstuck* using a push - expanding step to 1e-07 (mm) ...       Potential overlap in geometry !

*** This is just a warning message. ***
-------- WWWW -------- G4Exception-END --------- WWWW -------


-------- WWWW ------- G4Exception-START -------- WWWW -------
*** G4Exception : GeomNav1002
      issued by : G4Navigator::ComputeStep()
Stuck Track: potential geometry or navigation problem.
  Track stuck, not moving for 10 steps.
  Current  phys volume: 'Crystal'
   - at position : (-1.09550887406034,-38.08424687855669,-19.7079893177908)
     in direction: (0.8998345027998085,-0.02588410599653745,-0.4354628349558451)
    (local position: (-1.09550887406034,-38.08424687855669,-19.7079893177908))
    (local direction: (0.8998345027998085,-0.02588410599653745,-0.4354628349558451)).
  Previous phys volume: 'World'

  Likely geometry overlap - else navigation problem !
   *** Trying to get *unstuck* using a push - expanding step to 1e-07 (mm) ...       Potential overlap in geometry !

*** This is just a warning message. ***
-------- WWWW -------- G4Exception-END --------- WWWW -------


-------- WWWW ------- G4Exception-START -------- WWWW -------
*** G4Exception : GeomNav1002
      issued by : G4Navigator::ComputeStep()
Stuck Track: potential geometry or navigation problem.
  Track stuck, not moving for 10 steps.
  Current  phys volume: 'Crystal'
   - at position : (-20.82112345337503,31.90753544445757,-29.40291428836773)
     in direction: (-0.7017747233481094,-0.4579400429319966,-0.545713436474791)
    (local position: (-20.82112345337503,31.90753544445757,-29.40291428836773))
    (local direction: (-0.7017747233481094,-0.4579400429319966,-0.545713436474791)).
  Previous phys volume: 'World'

  Likely geometry overlap - else navigation problem !
   *** Trying to get *unstuck* using a push - expanding step to 1e-07 (mm) ...       Potential overlap in geometry !

*** This is just a warning message. ***
-------- WWWW -------- G4Exception-END --------- WWWW -------


-------- WWWW ------- G4Exception-START -------- WWWW -------
*** G4Exception : GeomNav1002
      issued by : G4Navigator::ComputeStep()
Stuck Track: potential geometry or navigation problem.
  Track stuck, not moving for 10 steps.
  Current  phys volume: 'Crystal'
   - at position : (37.19712222016972,-8.245247027091171,-22.18629711682266)
     in direction: (-0.2164062369436086,-0.9762823622324194,-0.006410133055867301)
    (local position: (37.19712222016972,-8.245247027091171,-22.18629711682266))
    (local direction: (-0.2164062369436086,-0.9762823622324194,-0.006410133055867301)).
  Previous phys volume: 'World'

  Likely geometry overlap - else navigation problem !
   *** Trying to get *unstuck* using a push - expanding step to 1e-07 (mm) ...       Potential overlap in geometry !

*** This is just a warning message. ***
-------- WWWW -------- G4Exception-END --------- WWWW -------


-------- WWWW ------- G4Exception-START -------- WWWW -------
*** G4Exception : GeomNav1002
      issued by : G4Navigator::ComputeStep()
Stuck Track: potential geometry or navigation problem.
  Track stuck, not moving for 10 steps.
  Current  phys volume: 'Crystal'
   - at position : (29.07795616450437,24.61874215501601,21.04737148687009)
     in direction: (0.5977859075129008,-0.7060633847565194,0.3796399682398376)
    (local position: (29.07795616450437,24.61874215501601,21.04737148687009))
    (local direction: (0.5977859075129008,-0.7060633847565194,0.3796399682398376)).
  Previous phys volume: 'World'

  Likely geometry overlap - else navigation problem !
   *** Trying to get *unstuck* using a push - expanding step to 1e-07 (mm) ...       Potential overlap in geometry !

*** This is just a warning message. ***
-------- WWWW -------- G4Exception-END --------- WWWW -------


-------- WWWW ------- G4Exception-START -------- WWWW -------
*** G4Exception : GeomNav1002
      issued by : G4Navigator::ComputeStep()
Stuck Track: potential geometry or navigation problem.
  Track stuck, not moving for 10 steps.
  Current  phys volume: 'Crystal'
   - at position : (-28.80860219356457,24.93340008207759,-19.35527931089813)
     in direction: (-0.6416436324854702,-0.7413692515845356,0.1966343858429564)
    (local position: (-28.80860219356457,24.93340008207759,-19.35527931089813))
    (local direction: (-0.6416436324854702,-0.7413692515845356,0.1966343858429564)).
  Previous phys volume: 'World'

  Likely geometry overlap - else navigation problem !
   *** Trying to get *unstuck* using a push - expanding step to 1e-07 (mm) ...       Potential overlap in geometry !

*** This is just a warning message. ***
-------- WWWW -------- G4Exception-END --------- WWWW -------


-------- WWWW ------- G4Exception-START -------- WWWW -------
*** G4Exception : GeomNav1002
      issued by : G4Navigator::ComputeStep()
Stuck Track: potential geometry or navigation problem.
  Track stuck, not moving for 10 steps.
  Current  phys volume: 'Crystal'
   - at position : (-38.07866815070496,1.274767378186121,-16.33434992735962)
     in direction: (0.03079965484241426,0.9200187077028489,0.3906622054132809)
    (local position: (-38.07866815070496,1.274767378186121,-16.33434992735962))
    (local direction: (0.03079965484241426,0.9200187077028489,0.3906622054132809)).
  Previous phys volume: 'World'

  Likely geometry overlap - else navigation problem !
   *** Trying to get *unstuck* using a push - expanding step to 1e-07 (mm) ...       Potential overlap in geometry !

*** This is just a warning message. ***
-------- WWWW -------- G4Exception-END --------- WWWW -------


-------- WWWW ------- G4Exception-START -------- WWWW -------
*** G4Exception : GeomNav1002
      issued by : G4Navigator::ComputeStep()
Stuck Track: potential geometry or navigation problem.
  Track stuck, not moving for 10 steps.
  Current  phys volume: 'Crystal'
   - at position : (-37.89577502271439,3.939573000696442,7.862548038536948)
     in direction: (-0.08813343742568014,-0.8477784054443556,-0.5229763593794269)
    (local position: (-37.89577502271439,3.939573000696442,7.862548038536948))
    (local direction: (-0.08813343742568014,-0.8477784054443556,-0.5229763593794269)).
  Previous phys volume: 'World'

  Likely geometry overlap - else navigation problem !
   *** Trying to get *unstuck* using a push - expanding step to 1e-07 (mm) ...       Potential overlap in geometry !

*** This is just a warning message. ***
-------- WWWW -------- G4Exception-END --------- WWWW -------


-------- WWWW ------- G4Exception-START -------- WWWW -------
*** G4Exception : GeomNav1002
      issued by : G4Navigator::ComputeStep()
Stuck Track: potential geometry or navigation problem.
  Track stuck, not moving for 10 steps.
  Current  phys volume: 'Crystal'
   - at position : (31.71426460993162,21.11434157749748,19.75613464237914)
     in direction: (-0.4838629475524617,0.7267741453029475,0.4875202454309094)
    (local position: (31.71426460993162,21.11434157749748,19.75613464237914))
    (local direction: (-0.4838629475524617,0.7267741453029475,0.4875202454309094)).
  Previous phys volume: 'World'

  Likely geometry overlap - else navigation problem !
   *** Trying to get *unstuck* using a push - expanding step to 1e-07 (mm) ...       Potential overlap in geometry !

*** This is just a warning message. ***
-------- WWWW -------- G4Exception-END --------- WWWW -------


-------- WWWW ------- G4Exception-START -------- WWWW -------
*** G4Exception : GeomNav1002
      issued by : G4Navigator::ComputeStep()
Stuck Track: potential geometry or navigation problem.
  Track stuck, not moving for 10 steps.
  Current  phys volume: 'Crystal'
   - at position : (36.76687254052003,9.990349522872286,-24.72690786636569)
     in direction: (-0.2215290060463789,0.8152796567014992,0.5350177388169381)
    (local position: (36.76687254052003,9.990349522872286,-24.72690786636569))
    (local direction: (-0.2215290060463789,0.8152796567014992,0.5350177388169381)).
  Previous phys volume: 'World'

  Likely geometry overlap - else navigation problem !
   *** Trying to get *unstuck* using a push - expanding step to 1e-07 (mm) ...       Potential overlap in geometry !

*** This is just a warning message. ***
-------- WWWW -------- G4Exception-END --------- WWWW -------


-------- WWWW ------- G4Exception-START -------- WWWW -------
*** G4Exception : GeomNav1002
      issued by : G4Navigator::ComputeStep()
Stuck Track: potential geometry or navigation problem.
  Track stuck, not moving for 10 steps.
  Current  phys volume: 'Crystal'
   - at position : (-25.25602420084348,28.52618519126609,9.531693567947594)
     in direction: (-0.0608320880856948,-0.05385846998394154,0.9966938959731435)
    (local position: (-25.25602420084348,28.52618519126609,9.531693567947594))
    (local direction: (-0.0608320880856948,-0.05385846998394154,0.9966938959731435)).
  Previous phys volume: 'World'

  Likely geometry overlap - else navigation problem !
   *** Trying to get *unstuck* using a push - expanding step to 1e-07 (mm) ...       Potential overlap in geometry !

*** This is just a warning message. ***
-------- WWWW -------- G4Exception-END --------- WWWW -------


-------- WWWW ------- G4Exception-START -------- WWWW -------
*** G4Exception : GeomNav1002
      issued by : G4Navigator::ComputeStep()
Stuck Track: potential geometry or navigation problem.
  Track stuck, not moving for 10 steps.
  Current  phys volume: 'Crystal'
   - at position : (33.39323508429765,-18.34398676964287,15.98149661814479)
     in direction: (-0.379450234227312,-0.6907479291968064,-0.6155362036916772)
    (local position: (33.39323508429765,-18.34398676964287,15.98149661814479))
    (local direction: (-0.379450234227312,-0.6907479291968064,-0.6155362036916772)).
  Previous phys volume: 'World'

  Likely geometry overlap - else navigation problem !
   *** Trying to get *unstuck* using a push - expanding step to 1e-07 (mm) ...       Potential overlap in geometry !

*** This is just a warning message. ***
-------- WWWW -------- G4Exception-END --------- WWWW -------


-------- WWWW ------- G4Exception-START -------- WWWW -------
*** G4Exception : GeomNav1002
      issued by : G4Navigator::ComputeStep()
Stuck Track: potential geometry or navigation problem.
  Track stuck, not moving for 10 steps.
  Current  phys volume: 'Crystal'
   - at position : (32.43731427467654,-19.98576099741678,3.333102109992643)
     in direction: (0.5102707316658887,0.8281802274306673,0.2318216799569157)
    (local position: (32.43731427467654,-19.98576099741678,3.333102109992643))
    (local direction: (0.5102707316658887,0.8281802274306673,0.2318216799569157)).
  Previous phys volume: 'World'

  Likely geometry overlap - else navigation problem !
   *** Trying to get *unstuck* using a push - expanding step to 1e-07 (mm) ...       Potential overlap in geometry !

*** This is just a warning message. ***
-------- WWWW -------- G4Exception-END --------- WWWW -------


-------- WWWW ------- G4Exception-START -------- WWWW -------
*** G4Exception : GeomNav1002
      issued by : G4Navigator::ComputeStep()
Stuck Track: potential geometry or navigation problem.
  Track stuck, not moving for 10 steps.
  Current  phys volume: 'Crystal'
   - at position : (25.66467752753277,-28.15908960544986,3.953686590449825)
     in direction: (0.639273957413526,0.5826452558889733,0.5018498910659663)
    (local position: (25.66467752753277,-28.15908960544986,3.953686590449825))
    (local direction: (0.639273957413526,0.5826452558889733,0.5018498910659663)).
  Previous phys volume: 'World'

  Likely geometry overlap - else navigation problem !
   *** Trying to get *unstuck* using a push - expanding step to 1e-07 (mm) ...       Potential overlap in geometry !

*** This is just a warning message. ***
-------- WWWW -------- G4Exception-END --------- WWWW -------


-------- WWWW ------- G4Exception-START -------- WWWW -------
*** G4Exception : GeomNav1002
      issued by : G4Navigator::ComputeStep()
Stuck Track: potential geometry or navigation problem.
  Track stuck, not moving for 10 steps.
  Current  phys volume: 'Crystal'
   - at position : (35.84632198706236,-12.90934545203008,-9.215565462061678)
     in direction: (-0.3283069892281422,-0.9116339856428826,-0.247260989735189)
    (local position: (35.84632198706236,-12.90934545203008,-9.215565462061678))
    (local direction: (-0.3283069892281422,-0.9116339856428826,-0.247260989735189)).
  Previous phys volume: 'World'

  Likely geometry overlap - else navigation problem !
   *** Trying to get *unstuck* using a push - expanding step to 1e-07 (mm) ...       Potential overlap in geometry !

*** This is just a warning message. ***
-------- WWWW -------- G4Exception-END --------- WWWW -------


-------- WWWW ------- G4Exception-START -------- WWWW -------
*** G4Exception : GeomNav1002
      issued by : G4Navigator::ComputeStep()
Stuck Track: potential geometry or navigation problem.
  Track stuck, not moving for 10 steps.
  Current  phys volume: 'Crystal'
   - at position : (22.85771543632584,30.4817132889861,-33.35388665405624)
     in direction: (0.7309886280603021,-0.5481558693562661,0.4064243700084846)
    (local position: (22.85771543632584,30.4817132889861,-33.35388665405624))
    (local direction: (0.7309886280603021,-0.5481558693562661,0.4064243700084846)).
  Previous phys volume: 'World'

  Likely geometry overlap - else navigation problem !
   *** Trying to get *unstuck* using a push - expanding step to 1e-07 (mm) ...       Potential overlap in geometry !

*** This is just a warning message. ***
-------- WWWW -------- G4Exception-END --------- WWWW -------


-------- WWWW ------- G4Exception-START -------- WWWW -------
*** G4Exception : GeomNav1002
      issued by : G4Navigator::ComputeStep()
Stuck Track: potential geometry or navigation problem.
  Track stuck, not moving for 10 steps.
  Current  phys volume: 'Crystal'
   - at position : (2.502131911449539,-38.01775027401945,35.91609847552517)
     in direction: (0.9938306790411739,0.06540880085442217,-0.08956712659980755)
    (local position: (2.502131911449539,-38.01775027401945,35.91609847552517))
    (local direction: (0.9938306790411739,0.06540880085442217,-0.08956712659980755)).
  Previous phys volume: 'World'

  Likely geometry overlap - else navigation problem !
   *** Trying to get *unstuck* using a push - expanding step to 1e-07 (mm) ...       Potential overlap in geometry !

*** This is just a warning message. ***
-------- WWWW -------- G4Exception-END --------- WWWW -------


-------- WWWW ------- G4Exception-START -------- WWWW -------
*** G4Exception : GeomNav1002
      issued by : G4Navigator::ComputeStep()
Stuck Track: potential geometry or navigation problem.
  Track stuck, not moving for 10 steps.
  Current  phys volume: 'Crystal'
   - at position : (-30.95499532338318,22.21256996678515,-18.36211849677452)
     in direction: (0.5514235206517281,0.768452841274187,-0.3246726530055815)
    (local position: (-30.95499532338318,22.21256996678515,-18.36211849677452))
    (local direction: (0.5514235206517281,0.768452841274187,-0.3246726530055815)).
  Previous phys volume: 'World'

  Likely geometry overlap - else navigation problem !
   *** Trying to get *unstuck* using a push - expanding step to 1e-07 (mm) ...       Potential overlap in geometry !

*** This is just a warning message. ***
-------- WWWW -------- G4Exception-END --------- WWWW -------


-------- WWWW ------- G4Exception-START -------- WWWW -------
*** G4Exception : GeomNav1002
      issued by : G4Navigator::ComputeStep()
Stuck Track: potential geometry or navigation problem.
  Track stuck, not moving for 10 steps.
  Current  phys volume: 'Crystal'
   - at position : (32.68308358057256,19.58126777472053,9.958080785824601)
     in direction: (-0.5011722792819716,0.8365063835746714,0.2215477752498048)
    (local position: (32.68308358057256,19.58126777472053,9.958080785824601))
    (local direction: (-0.5011722792819716,0.8365063835746714,0.2215477752498048)).
  Previous phys volume: 'World'

  Likely geometry overlap - else navigation problem !
   *** Trying to get *unstuck* using a push - expanding step to 1e-07 (mm) ...       Potential overlap in geometry !

*** This is just a warning message. ***
-------- WWWW -------- G4Exception-END --------- WWWW -------


-------- WWWW ------- G4Exception-START -------- WWWW -------
*** G4Exception : GeomNav1002
      issued by : G4Navigator::ComputeStep()
Stuck Track: potential geometry or navigation problem.
  Track stuck, not moving for 10 steps.
  Current  phys volume: 'Crystal'
   - at position : (27.09585295479319,26.78478584294123,8.234540083357954)
     in direction: (0.0145942436753566,-0.01476373501482012,0.9997844968691787)
    (local position: (27.09585295479319,26.78478584294123,8.234540083357954))
    (local direction: (0.0145942436753566,-0.01476373501482012,0.9997844968691787)).
  Previous phys volume: 'World'

  Likely geometry overlap - else navigation problem !
   *** Trying to get *unstuck* using a push - expanding step to 1e-07 (mm) ...       Potential overlap in geometry !

*** This is just a warning message. ***
-------- WWWW -------- G4Exception-END --------- WWWW -------


-------- WWWW ------- G4Exception-START -------- WWWW -------
*** G4Exception : GeomNav1002
      issued by : G4Navigator::ComputeStep()
Stuck Track: potential geometry or navigation problem.
  Track stuck, not moving for 10 steps.
  Current  phys volume: 'Crystal'
   - at position : (38.06544426001692,1.622329586595946,-22.82390529110118)
     in direction: (0.03895338866568927,-0.9139807701490612,-0.4038833808281653)
    (local position: (38.06544426001692,1.622329586595946,-22.82390529110118))
    (local direction: (0.03895338866568927,-0.9139807701490612,-0.4038833808281653)).
  Previous phys volume: 'World'

  Likely geometry overlap - else navigation problem !
   *** Trying to get *unstuck* using a push - expanding step to 1e-07 (mm) ...       Potential overlap in geometry !

*** This is just a warning message. ***
-------- WWWW -------- G4Exception-END --------- WWWW -------


-------- WWWW ------- G4Exception-START -------- WWWW -------
*** G4Exception : GeomNav1002
      issued by : G4Navigator::ComputeStep()
Stuck Track: potential geometry or navigation problem.
  Track stuck, not moving for 10 steps.
  Current  phys volume: 'Crystal'
   - at position : (-35.13238692409116,-14.74196014836386,-19.57980865089827)
     in direction: (0.3458206843505963,-0.8241445483969478,-0.448546338322894)
    (local position: (-35.13238692409116,-14.74196014836386,-19.57980865089827))
    (local direction: (0.3458206843505963,-0.8241445483969478,-0.448546338322894)).
  Previous phys volume: 'World'

  Likely geometry overlap - else navigation problem !
   *** Trying to get *unstuck* using a push - expanding step to 1e-07 (mm) ...       Potential overlap in geometry !

*** This is just a warning message. ***
-------- WWWW -------- G4Exception-END --------- WWWW -------


-------- WWWW ------- G4Exception-START -------- WWWW -------
*** G4Exception : GeomNav1002
      issued by : G4Navigator::ComputeStep()
Stuck Track: potential geometry or navigation problem.
  Track stuck, not moving for 10 steps.
  Current  phys volume: 'Crystal'
   - at position : (-21.52139713737896,31.43945713995737,2.523972548405011)
     in direction: (0.8159648823195949,0.5585562182063331,-0.1490512057120269)
    (local position: (-21.52139713737896,31.43945713995737,2.523972548405011))
    (local direction: (0.8159648823195949,0.5585562182063331,-0.1490512057120269)).
  Previous phys volume: 'World'

  Likely geometry overlap - else navigation problem !
   *** Trying to get *unstuck* using a push - expanding step to 1e-07 (mm) ...       Potential overlap in geometry !

*** This is just a warning message. ***
-------- WWWW -------- G4Exception-END --------- WWWW -------


-------- WWWW ------- G4Exception-START -------- WWWW -------
*** G4Exception : GeomNav1002
      issued by : G4Navigator::ComputeStep()
Stuck Track: potential geometry or navigation problem.
  Track stuck, not moving for 10 steps.
  Current  phys volume: 'Crystal'
   - at position : (-38.04191786862881,2.10297048873737,24.87274123634681)
     in direction: (-0.05470286201894047,-0.9895534888618043,-0.1333847426371083)
    (local position: (-38.04191786862881,2.10297048873737,24.87274123634681))
    (local direction: (-0.05470286201894047,-0.9895534888618043,-0.1333847426371083)).
  Previous phys volume: 'World'

  Likely geometry overlap - else navigation problem !
   *** Trying to get *unstuck* using a push - expanding step to 1e-07 (mm) ...       Potential overlap in geometry !

*** This is just a warning message. ***
-------- WWWW -------- G4Exception-END --------- WWWW -------


-------- WWWW ------- G4Exception-START -------- WWWW -------
*** G4Exception : GeomNav1002
      issued by : G4Navigator::ComputeStep()
Stuck Track: potential geometry or navigation problem.
  Track stuck, not moving for 10 steps.
  Current  phys volume: 'Crystal'
   - at position : (22.36570824771881,30.84453103190131,-16.8310608811183)
     in direction: (-0.7988432204924945,0.5792499936771417,0.1622311742490064)
    (local position: (22.36570824771881,30.84453103190131,-16.8310608811183))
    (local direction: (-0.7988432204924945,0.5792499936771417,0.1622311742490064)).
  Previous phys volume: 'World'

  Likely geometry overlap - else navigation problem !
   *** Trying to get *unstuck* using a push - expanding step to 1e-07 (mm) ...       Potential overlap in geometry !

*** This is just a warning message. ***
-------- WWWW -------- G4Exception-END --------- WWWW -------


-------- WWWW ------- G4Exception-START -------- WWWW -------
*** G4Exception : GeomNav1002
      issued by : G4Navigator::ComputeStep()
Stuck Track: potential geometry or navigation problem.
  Track stuck, not moving for 10 steps.
  Current  phys volume: 'Crystal'
   - at position : (37.78127213240769,-4.917873123307868,27.28089770577921)
     in direction: (0.1228535255491725,0.9438150120629738,0.3067902121396762)
    (local position: (37.78127213240769,-4.917873123307868,27.28089770577921))
    (local direction: (0.1228535255491725,0.9438150120629738,0.3067902121396762)).
  Previous phys volume: 'World'

  Likely geometry overlap - else navigation problem !
   *** Trying to get *unstuck* using a push - expanding step to 1e-07 (mm) ...       Potential overlap in geometry !

*** This is just a warning message. ***
-------- WWWW -------- G4Exception-END --------- WWWW -------


-------- WWWW ------- G4Exception-START -------- WWWW -------
*** G4Exception : GeomNav1002
      issued by : G4Navigator::ComputeStep()
Stuck Track: potential geometry or navigation problem.
  Track stuck, not moving for 10 steps.
  Current  phys volume: 'Crystal'
   - at position : (37.72681124785171,5.319559480724836,-22.43452605765273)
     in direction: (-0.1181270883893532,0.8377683120325158,-0.533094969346779)
    (local position: (37.72681124785171,5.319559480724836,-22.43452605765273))
    (local direction: (-0.1181270883893532,0.8377683120325158,-0.533094969346779)).
  Previous phys volume: 'World'

  Likely geometry overlap - else navigation problem !
   *** Trying to get *unstuck* using a push - expanding step to 1e-07 (mm) ...       Potential overlap in geometry !

*** This is just a warning message. ***
-------- WWWW -------- G4Exception-END --------- WWWW -------


-------- WWWW ------- G4Exception-START -------- WWWW -------
*** G4Exception : GeomNav1002
      issued by : G4Navigator::ComputeStep()
Stuck Track: potential geometry or navigation problem.
  Track stuck, not moving for 10 steps.
  Current  phys volume: 'Crystal'
   - at position : (10.98090635188725,36.4832796729006,12.46777716593336)
     in direction: (-0.9293710277314722,0.2797263928346036,-0.2408788865074903)
    (local position: (10.98090635188725,36.4832796729006,12.46777716593336))
    (local direction: (-0.9293710277314722,0.2797263928346036,-0.2408788865074903)).
  Previous phys volume: 'World'

  Likely geometry overlap - else navigation problem !
   *** Trying to get *unstuck* using a push - expanding step to 1e-07 (mm) ...       Potential overlap in geometry !

*** This is just a warning message. ***
-------- WWWW -------- G4Exception-END --------- WWWW -------


-------- WWWW ------- G4Exception-START -------- WWWW -------
*** G4Exception : GeomNav1002
      issued by : G4Navigator::ComputeStep()
Stuck Track: potential geometry or navigation problem.
  Track stuck, not moving for 10 steps.
  Current  phys volume: 'Crystal'
   - at position : (19.17202073557846,-32.92481770510734,35.11487000816484)
     in direction: (-0.6888628206089853,-0.4011227153623951,0.6037951487076821)
    (local position: (19.17202073557846,-32.92481770510734,35.11487000816484))
    (local direction: (-0.6888628206089853,-0.4011227153623951,0.6037951487076821)).
  Previous phys volume: 'World'

  Likely geometry overlap - else navigation problem !
   *** Trying to get *unstuck* using a push - expanding step to 1e-07 (mm) ...       Potential overlap in geometry !

*** This is just a warning message. ***
-------- WWWW -------- G4Exception-END --------- WWWW -------


-------- WWWW ------- G4Exception-START -------- WWWW -------
*** G4Exception : GeomNav1002
      issued by : G4Navigator::ComputeStep()
Stuck Track: potential geometry or navigation problem.
  Track stuck, not moving for 10 steps.
  Current  phys volume: 'Crystal'
   - at position : (-12.94425538395854,-35.83373065360151,34.21459047650635)
     in direction: (-0.7819063838252734,0.2824488473282816,0.5557382977411304)
    (local position: (-12.94425538395854,-35.83373065360151,34.21459047650635))
    (local direction: (-0.7819063838252734,0.2824488473282816,0.5557382977411304)).
  Previous phys volume: 'World'

  Likely geometry overlap - else navigation problem !
   *** Trying to get *unstuck* using a push - expanding step to 1e-07 (mm) ...       Potential overlap in geometry !

*** This is just a warning message. ***
-------- WWWW -------- G4Exception-END --------- WWWW -------


-------- WWWW ------- G4Exception-START -------- WWWW -------
*** G4Exception : GeomNav1002
      issued by : G4Navigator::ComputeStep()
Stuck Track: potential geometry or navigation problem.
  Track stuck, not moving for 10 steps.
  Current  phys volume: 'Crystal'
   - at position : (34.00011780378261,17.19307969297255,2.396655690661866)
     in direction: (-0.4116458473834291,0.8140488821322215,-0.4097219957864837)
    (local position: (34.00011780378261,17.19307969297255,2.396655690661866))
    (local direction: (-0.4116458473834291,0.8140488821322215,-0.4097219957864837)).
  Previous phys volume: 'World'

  Likely geometry overlap - else navigation problem !
   *** Trying to get *unstuck* using a push - expanding step to 1e-07 (mm) ...       Potential overlap in geometry !

*** This is just a warning message. ***
-------- WWWW -------- G4Exception-END --------- WWWW -------


-------- WWWW ------- G4Exception-START -------- WWWW -------
*** G4Exception : GeomNav1002
      issued by : G4Navigator::ComputeStep()
Stuck Track: potential geometry or navigation problem.
  Track stuck, not moving for 10 steps.
  Current  phys volume: 'Crystal'
   - at position : (-30.03793732870332,-23.43783951299462,4.597907340529641)
     in direction: (-0.6087913306923851,0.7802270267896072,0.1435928352698859)
    (local position: (-30.03793732870332,-23.43783951299462,4.597907340529641))
    (local direction: (-0.6087913306923851,0.7802270267896072,0.1435928352698859)).
  Previous phys volume: 'World'

  Likely geometry overlap - else navigation problem !
   *** Trying to get *unstuck* using a push - expanding step to 1e-07 (mm) ...       Potential overlap in geometry !

*** This is just a warning message. ***
-------- WWWW -------- G4Exception-END --------- WWWW -------


-------- WWWW ------- G4Exception-START -------- WWWW -------
*** G4Exception : GeomNav1002
      issued by : G4Navigator::ComputeStep()
Stuck Track: potential geometry or navigation problem.
  Track stuck, not moving for 10 steps.
  Current  phys volume: 'Crystal'
   - at position : (37.54569393859206,-6.475404749478717,8.329532904134831)
     in direction: (0.1693474549356906,0.9819104686555394,-0.08469516545508021)
    (local position: (37.54569393859206,-6.475404749478717,8.329532904134831))
    (local direction: (0.1693474549356906,0.9819104686555394,-0.08469516545508021)).
  Previous phys volume: 'World'

  Likely geometry overlap - else navigation problem !
   *** Trying to get *unstuck* using a push - expanding step to 1e-07 (mm) ...       Potential overlap in geometry !

*** This is just a warning message. ***
-------- WWWW -------- G4Exception-END --------- WWWW -------


-------- WWWW ------- G4Exception-START -------- WWWW -------
*** G4Exception : GeomNav1002
      issued by : G4Navigator::ComputeStep()
Stuck Track: potential geometry or navigation problem.
  Track stuck, not moving for 10 steps.
  Current  phys volume: 'Crystal'
   - at position : (23.61809777261476,-29.89641211923615,-2.219303468907069)
     in direction: (0.7387401904618009,0.5836030750880836,-0.3371503844639582)
    (local position: (23.61809777261476,-29.89641211923615,-2.219303468907069))
    (local direction: (0.7387401904618009,0.5836030750880836,-0.3371503844639582)).
  Previous phys volume: 'World'

  Likely geometry overlap - else navigation problem !
   *** Trying to get *unstuck* using a push - expanding step to 1e-07 (mm) ...       Potential overlap in geometry !

*** This is just a warning message. ***
-------- WWWW -------- G4Exception-END --------- WWWW -------


-------- WWWW ------- G4Exception-START -------- WWWW -------
*** G4Exception : GeomNav1002
      issued by : G4Navigator::ComputeStep()
Stuck Track: potential geometry or navigation problem.
  Track stuck, not moving for 10 steps.
  Current  phys volume: 'Crystal'
   - at position : (36.51849649393114,10.86321378887202,22.22692579428359)
     in direction: (0.2588150738189864,-0.8700498351157445,-0.4195569591594666)
    (local position: (36.51849649393114,10.86321378887202,22.22692579428359))
    (local direction: (0.2588150738189864,-0.8700498351157445,-0.4195569591594666)).
  Previous phys volume: 'World'

  Likely geometry overlap - else navigation problem !
   *** Trying to get *unstuck* using a push - expanding step to 1e-07 (mm) ...       Potential overlap in geometry !

*** This is just a warning message. ***
-------- WWWW -------- G4Exception-END --------- WWWW -------


-------- WWWW ------- G4Exception-START -------- WWWW -------
*** G4Exception : GeomNav1002
      issued by : G4Navigator::ComputeStep()
Stuck Track: potential geometry or navigation problem.
  Track stuck, not moving for 10 steps.
  Current  phys volume: 'Crystal'
   - at position : (-16.84229323598049,-34.17524189458278,-27.05429443482561)
     in direction: (0.8903066920944822,-0.4387622602486372,0.1218264051562219)
    (local position: (-16.84229323598049,-34.17524189458278,-27.05429443482561))
    (local direction: (0.8903066920944822,-0.4387622602486372,0.1218264051562219)).
  Previous phys volume: 'World'

  Likely geometry overlap - else navigation problem !
   *** Trying to get *unstuck* using a push - expanding step to 1e-07 (mm) ...       Potential overlap in geometry !

*** This is just a warning message. ***
-------- WWWW -------- G4Exception-END --------- WWWW -------


-------- WWWW ------- G4Exception-START -------- WWWW -------
*** G4Exception : GeomNav1002
      issued by : G4Navigator::ComputeStep()
Stuck Track: potential geometry or navigation problem.
  Track stuck, not moving for 10 steps.
  Current  phys volume: 'Crystal'
   - at position : (-37.86700135560029,4.207161553228725,27.23847692055599)
     in direction: (-0.1047512654671397,-0.9428248146071074,-0.3163993384065563)
    (local position: (-37.86700135560029,4.207161553228725,27.23847692055599))
    (local direction: (-0.1047512654671397,-0.9428248146071074,-0.3163993384065563)).
  Previous phys volume: 'World'

  Likely geometry overlap - else navigation problem !
   *** Trying to get *unstuck* using a push - expanding step to 1e-07 (mm) ...       Potential overlap in geometry !

*** This is just a warning message. ***
-------- WWWW -------- G4Exception-END --------- WWWW -------


-------- WWWW ------- G4Exception-START -------- WWWW -------
*** G4Exception : GeomNav1002
      issued by : G4Navigator::ComputeStep()
Stuck Track: potential geometry or navigation problem.
  Track stuck, not moving for 10 steps.
  Current  phys volume: 'Crystal'
   - at position : (37.38630976351261,7.339880262421277,-24.13803444146615)
     in direction: (-0.1918142572875569,0.9770223741558763,-0.09292239288803335)
    (local position: (37.38630976351261,7.339880262421277,-24.13803444146615))
    (local direction: (-0.1918142572875569,0.9770223741558763,-0.09292239288803335)).
  Previous phys volume: 'World'

  Likely geometry overlap - else navigation problem !
   *** Trying to get *unstuck* using a push - expanding step to 1e-07 (mm) ...       Potential overlap in geometry !

*** This is just a warning message. ***
-------- WWWW -------- G4Exception-END --------- WWWW -------


-------- WWWW ------- G4Exception-START -------- WWWW -------
*** G4Exception : GeomNav1002
      issued by : G4Navigator::ComputeStep()
Stuck Track: potential geometry or navigation problem.
  Track stuck, not moving for 10 steps.
  Current  phys volume: 'Crystal'
   - at position : (36.19049256644669,-11.91042601244671,5.935747476348382)
     in direction: (0.2935432500027957,0.891947508515227,-0.3438924285750927)
    (local position: (36.19049256644669,-11.91042601244671,5.935747476348382))
    (local direction: (0.2935432500027957,0.891947508515227,-0.3438924285750927)).
  Previous phys volume: 'World'

  Likely geometry overlap - else navigation problem !
   *** Trying to get *unstuck* using a push - expanding step to 1e-07 (mm) ...       Potential overlap in geometry !

*** This is just a warning message. ***
-------- WWWW -------- G4Exception-END --------- WWWW -------


-------- WWWW ------- G4Exception-START -------- WWWW -------
*** G4Exception : GeomNav1002
      issued by : G4Navigator::ComputeStep()
Stuck Track: potential geometry or navigation problem.
  Track stuck, not moving for 10 steps.
  Current  phys volume: 'Crystal'
   - at position : (9.712726754594398,36.84118536353827,33.65609797965904)
     in direction: (0.8059605038813079,-0.2124816037255362,-0.5525207998452299)
    (local position: (9.712726754594398,36.84118536353827,33.65609797965904))
    (local direction: (0.8059605038813079,-0.2124816037255362,-0.5525207998452299)).
  Previous phys volume: 'World'

  Likely geometry overlap - else navigation problem !
   *** Trying to get *unstuck* using a push - expanding step to 1e-07 (mm) ...       Potential overlap in geometry !

*** This is just a warning message. ***
-------- WWWW -------- G4Exception-END --------- WWWW -------


-------- WWWW ------- G4Exception-START -------- WWWW -------
*** G4Exception : GeomNav1002
      issued by : G4Navigator::ComputeStep()
Stuck Track: potential geometry or navigation problem.
  Track stuck, not moving for 10 steps.
  Current  phys volume: 'Crystal'
   - at position : (38.03404700248817,2.240818737096133,-30.96304805704925)
     in direction: (-0.04691128584999898,0.7962384558057498,0.6031613820164341)
    (local position: (38.03404700248817,2.240818737096133,-30.96304805704925))
    (local direction: (-0.04691128584999898,0.7962384558057498,0.6031613820164341)).
  Previous phys volume: 'World'

  Likely geometry overlap - else navigation problem !
   *** Trying to get *unstuck* using a push - expanding step to 1e-07 (mm) ...       Potential overlap in geometry !

*** This is just a warning message. ***
-------- WWWW -------- G4Exception-END --------- WWWW -------


-------- WWWW ------- G4Exception-START -------- WWWW -------
*** G4Exception : GeomNav1002
      issued by : G4Navigator::ComputeStep()
Stuck Track: potential geometry or navigation problem.
  Track stuck, not moving for 10 steps.
  Current  phys volume: 'Crystal'
   - at position : (13.62633483952012,-35.57995220403311,-0.6943169938559561)
     in direction: (-0.8045391315123994,-0.3081206948963236,0.5077188427091129)
    (local position: (13.62633483952012,-35.57995220403311,-0.6943169938559561))
    (local direction: (-0.8045391315123994,-0.3081206948963236,0.5077188427091129)).
  Previous phys volume: 'World'

  Likely geometry overlap - else navigation problem !
   *** Trying to get *unstuck* using a push - expanding step to 1e-07 (mm) ...       Potential overlap in geometry !

*** This is just a warning message. ***
-------- WWWW -------- G4Exception-END --------- WWWW -------


-------- WWWW ------- G4Exception-START -------- WWWW -------
*** G4Exception : GeomNav1002
      issued by : G4Navigator::ComputeStep()
Stuck Track: potential geometry or navigation problem.
  Track stuck, not moving for 10 steps.
  Current  phys volume: 'Crystal'
   - at position : (29.22737428073133,24.44116594301599,-28.8564877148305)
     in direction: (-0.4594581856152312,0.5494319047066297,-0.6978701582397723)
    (local position: (29.22737428073133,24.44116594301599,-28.8564877148305))
    (local direction: (-0.4594581856152312,0.5494319047066297,-0.6978701582397723)).
  Previous phys volume: 'World'

  Likely geometry overlap - else navigation problem !
   *** Trying to get *unstuck* using a push - expanding step to 1e-07 (mm) ...       Potential overlap in geometry !

*** This is just a warning message. ***
-------- WWWW -------- G4Exception-END --------- WWWW -------


-------- WWWW ------- G4Exception-START -------- WWWW -------
*** G4Exception : GeomNav1002
      issued by : G4Navigator::ComputeStep()
Stuck Track: potential geometry or navigation problem.
  Track stuck, not moving for 10 steps.
  Current  phys volume: 'Crystal'
   - at position : (-37.26452793907011,-7.935046154765798,-3.860612377637101)
     in direction: (0.194744980498829,-0.914560498483511,0.3544763563118177)
    (local position: (-37.26452793907011,-7.935046154765798,-3.860612377637101))
    (local direction: (0.194744980498829,-0.914560498483511,0.3544763563118177)).
  Previous phys volume: 'World'

  Likely geometry overlap - else navigation problem !
   *** Trying to get *unstuck* using a push - expanding step to 1e-07 (mm) ...       Potential overlap in geometry !

*** This is just a warning message. ***
-------- WWWW -------- G4Exception-END --------- WWWW -------


-------- WWWW ------- G4Exception-START -------- WWWW -------
*** G4Exception : GeomNav1002
      issued by : G4Navigator::ComputeStep()
Stuck Track: potential geometry or navigation problem.
  Track stuck, not moving for 10 steps.
  Current  phys volume: 'Crystal'
   - at position : (12.43068925166426,36.01510745129825,-27.20609519203798)
     in direction: (-0.8542505177648853,0.2948463431288694,0.4281608189009812)
    (local position: (12.43068925166426,36.01510745129825,-27.20609519203798))
    (local direction: (-0.8542505177648853,0.2948463431288694,0.4281608189009812)).
  Previous phys volume: 'World'

  Likely geometry overlap - else navigation problem !
   *** Trying to get *unstuck* using a push - expanding step to 1e-07 (mm) ...       Potential overlap in geometry !

*** This is just a warning message. ***
-------- WWWW -------- G4Exception-END --------- WWWW -------


-------- WWWW ------- G4Exception-START -------- WWWW -------
*** G4Exception : GeomNav1002
      issued by : G4Navigator::ComputeStep()
Stuck Track: potential geometry or navigation problem.
  Track stuck, not moving for 10 steps.
  Current  phys volume: 'Crystal'
   - at position : (37.72191035936235,-5.354201979775429,-35.23409421822639)
     in direction: (-0.1391486541797654,-0.9803427437780695,0.1398776492569369)
    (local position: (37.72191035936235,-5.354201979775429,-35.23409421822639))
    (local direction: (-0.1391486541797654,-0.9803427437780695,0.1398776492569369)).
  Previous phys volume: 'World'

  Likely geometry overlap - else navigation problem !
   *** Trying to get *unstuck* using a push - expanding step to 1e-07 (mm) ...       Potential overlap in geometry !

*** This is just a warning message. ***
-------- WWWW -------- G4Exception-END --------- WWWW -------


-------- WWWW ------- G4Exception-START -------- WWWW -------
*** G4Exception : GeomNav1002
      issued by : G4Navigator::ComputeStep()
Stuck Track: potential geometry or navigation problem.
  Track stuck, not moving for 10 steps.
  Current  phys volume: 'Crystal'
   - at position : (-37.05851176717233,-8.847412367599366,-13.57747071501001)
     in direction: (-0.2318112607412223,0.970970943481929,-0.05898276279878525)
    (local position: (-37.05851176717233,-8.847412367599366,-13.57747071501001))
    (local direction: (-0.2318112607412223,0.970970943481929,-0.05898276279878525)).
  Previous phys volume: 'World'

  Likely geometry overlap - else navigation problem !
   *** Trying to get *unstuck* using a push - expanding step to 1e-07 (mm) ...       Potential overlap in geometry !

*** This is just a warning message. ***
-------- WWWW -------- G4Exception-END --------- WWWW -------


-------- WWWW ------- G4Exception-START -------- WWWW -------
*** G4Exception : GeomNav1002
      issued by : G4Navigator::ComputeStep()
Stuck Track: potential geometry or navigation problem.
  Track stuck, not moving for 10 steps.
  Current  phys volume: 'Crystal'
   - at position : (-6.11231960932011,-37.60650939655954,-34.17790242342186)
     in direction: (0.9869191617408908,-0.1604074784370837,0.01612479612627872)
    (local position: (-6.11231960932011,-37.60650939655954,-34.17790242342186))
    (local direction: (0.9869191617408908,-0.1604074784370837,0.01612479612627872)).
  Previous phys volume: 'World'

  Likely geometry overlap - else navigation problem !
   *** Trying to get *unstuck* using a push - expanding step to 1e-07 (mm) ...       Potential overlap in geometry !

*** This is just a warning message. ***
-------- WWWW -------- G4Exception-END --------- WWWW -------


-------- WWWW ------- G4Exception-START -------- WWWW -------
*** G4Exception : GeomNav1002
      issued by : G4Navigator::ComputeStep()
Stuck Track: potential geometry or navigation problem.
  Track stuck, not moving for 10 steps.
  Current  phys volume: 'Crystal'
   - at position : (-11.28093345386227,-36.39162733939678,-2.533606755551461)
     in direction: (-0.8648589042920084,0.2680950663543512,0.4244338712488468)
    (local position: (-11.28093345386227,-36.39162733939678,-2.533606755551461))
    (local direction: (-0.8648589042920084,0.2680950663543512,0.4244338712488468)).
  Previous phys volume: 'World'

  Likely geometry overlap - else navigation problem !
   *** Trying to get *unstuck* using a push - expanding step to 1e-07 (mm) ...       Potential overlap in geometry !

*** This is just a warning message. ***
-------- WWWW -------- G4Exception-END --------- WWWW -------


-------- WWWW ------- G4Exception-START -------- WWWW -------
*** G4Exception : GeomNav1002
      issued by : G4Navigator::ComputeStep()
Stuck Track: potential geometry or navigation problem.
  Track stuck, not moving for 10 steps.
  Current  phys volume: 'Crystal'
   - at position : (-32.39601309543375,-20.05263911609853,35.6797336914178)
     in direction: (-0.5224570316220958,0.8440547271726851,0.1208729400902983)
    (local position: (-32.39601309543375,-20.05263911609853,35.6797336914178))
    (local direction: (-0.5224570316220958,0.8440547271726851,0.1208729400902983)).
  Previous phys volume: 'World'

  Likely geometry overlap - else navigation problem !
   *** Trying to get *unstuck* using a push - expanding step to 1e-07 (mm) ...       Potential overlap in geometry !

*** This is just a warning message. ***
-------- WWWW -------- G4Exception-END --------- WWWW -------


-------- WWWW ------- G4Exception-START -------- WWWW -------
*** G4Exception : GeomNav1002
      issued by : G4Navigator::ComputeStep()
Stuck Track: potential geometry or navigation problem.
  Track stuck, not moving for 10 steps.
  Current  phys volume: 'Crystal'
   - at position : (-29.26964176005441,-24.39053240989378,-36.74722844217372)
     in direction: (-0.6386117120755112,0.7663603123580454,0.06976354952597934)
    (local position: (-29.26964176005441,-24.39053240989378,-36.74722844217372))
    (local direction: (-0.6386117120755112,0.7663603123580454,0.06976354952597934)).
  Previous phys volume: 'World'

  Likely geometry overlap - else navigation problem !
   *** Trying to get *unstuck* using a push - expanding step to 1e-07 (mm) ...       Potential overlap in geometry !

*** This is just a warning message. ***
-------- WWWW -------- G4Exception-END --------- WWWW -------


-------- WWWW ------- G4Exception-START -------- WWWW -------
*** G4Exception : GeomNav1002
      issued by : G4Navigator::ComputeStep()
Stuck Track: potential geometry or navigation problem.
  Track stuck, not moving for 10 steps.
  Current  phys volume: 'Crystal'
   - at position : (-24.72922278134311,28.98405666277067,-31.7468842278513)
     in direction: (-0.7365535827335615,-0.6284281682767558,-0.2501336784175136)
    (local position: (-24.72922278134311,28.98405666277067,-31.7468842278513))
    (local direction: (-0.7365535827335615,-0.6284281682767558,-0.2501336784175136)).
  Previous phys volume: 'World'

  Likely geometry overlap - else navigation problem !
   *** Trying to get *unstuck* using a push - expanding step to 1e-07 (mm) ...       Potential overlap in geometry !

*** This is just a warning message. ***
-------- WWWW -------- G4Exception-END --------- WWWW -------


-------- WWWW ------- G4Exception-START -------- WWWW -------
*** G4Exception : GeomNav1002
      issued by : G4Navigator::ComputeStep()
Stuck Track: potential geometry or navigation problem.
  Track stuck, not moving for 10 steps.
  Current  phys volume: 'Crystal'
   - at position : (37.28068510763207,7.858786032561305,-18.39104727526972)
     in direction: (-0.1821351902461157,0.8640169927582417,-0.4693627687610258)
    (local position: (37.28068510763207,7.858786032561305,-18.39104727526972))
    (local direction: (-0.1821351902461157,0.8640169927582417,-0.4693627687610258)).
  Previous phys volume: 'World'

  Likely geometry overlap - else navigation problem !
   *** Trying to get *unstuck* using a push - expanding step to 1e-07 (mm) ...       Potential overlap in geometry !

*** This is just a warning message. ***
-------- WWWW -------- G4Exception-END --------- WWWW -------


-------- WWWW ------- G4Exception-START -------- WWWW -------
*** G4Exception : GeomNav1002
      issued by : G4Navigator::ComputeStep()
Stuck Track: potential geometry or navigation problem.
  Track stuck, not moving for 10 steps.
  Current  phys volume: 'Crystal'
   - at position : (-26.90141156890817,-26.98006774639778,-18.23706715612636)
     in direction: (-0.6352473934675739,0.6333954288172232,0.4418947610530129)
    (local position: (-26.90141156890817,-26.98006774639778,-18.23706715612636))
    (local direction: (-0.6352473934675739,0.6333954288172232,0.4418947610530129)).
  Previous phys volume: 'World'

  Likely geometry overlap - else navigation problem !
   *** Trying to get *unstuck* using a push - expanding step to 1e-07 (mm) ...       Potential overlap in geometry !

*** This is just a warning message. ***
-------- WWWW -------- G4Exception-END --------- WWWW -------


-------- WWWW ------- G4Exception-START -------- WWWW -------
*** G4Exception : GeomNav1002
      issued by : G4Navigator::ComputeStep()
Stuck Track: potential geometry or navigation problem.
  Track stuck, not moving for 10 steps.
  Current  phys volume: 'Crystal'
   - at position : (-26.42660247117728,27.44530345670032,-18.95834839287143)
     in direction: (0.5886581984173702,0.5668086791431496,-0.5763761329930432)
    (local position: (-26.42660247117728,27.44530345670032,-18.95834839287143))
    (local direction: (0.5886581984173702,0.5668086791431496,-0.5763761329930432)).
  Previous phys volume: 'World'

  Likely geometry overlap - else navigation problem !
   *** Trying to get *unstuck* using a push - expanding step to 1e-07 (mm) ...       Potential overlap in geometry !

*** This is just a warning message. ***
-------- WWWW -------- G4Exception-END --------- WWWW -------


-------- WWWW ------- G4Exception-START -------- WWWW -------
*** G4Exception : GeomNav1002
      issued by : G4Navigator::ComputeStep()
Stuck Track: potential geometry or navigation problem.
  Track stuck, not moving for 10 steps.
  Current  phys volume: 'Crystal'
   - at position : (3.325205467835583,-37.95461775063314,-31.89918823573321)
     in direction: (-0.9405474269337025,-0.08240139493293838,0.3295156260353937)
    (local position: (3.325205467835583,-37.95461775063314,-31.89918823573321))
    (local direction: (-0.9405474269337025,-0.08240139493293838,0.3295156260353937)).
  Previous phys volume: 'World'

  Likely geometry overlap - else navigation problem !
   *** Trying to get *unstuck* using a push - expanding step to 1e-07 (mm) ...       Potential overlap in geometry !

*** This is just a warning message. ***
-------- WWWW -------- G4Exception-END --------- WWWW -------


-------- WWWW ------- G4Exception-START -------- WWWW -------
*** G4Exception : GeomNav1002
      issued by : G4Navigator::ComputeStep()
Stuck Track: potential geometry or navigation problem.
  Track stuck, not moving for 10 steps.
  Current  phys volume: 'Crystal'
   - at position : (8.250822419489943,-37.1958859203816,-11.92918119599227)
     in direction: (-0.8946588360296601,-0.1984539687509765,0.4002519074296091)
    (local position: (8.250822419489943,-37.1958859203816,-11.92918119599227))
    (local direction: (-0.8946588360296601,-0.1984539687509765,0.4002519074296091)).
  Previous phys volume: 'World'

  Likely geometry overlap - else navigation problem !
   *** Trying to get *unstuck* using a push - expanding step to 1e-07 (mm) ...       Potential overlap in geometry !

*** This is just a warning message. ***
-------- WWWW -------- G4Exception-END --------- WWWW -------


-------- WWWW ------- G4Exception-START -------- WWWW -------
*** G4Exception : GeomNav1002
      issued by : G4Navigator::ComputeStep()
Stuck Track: potential geometry or navigation problem.
  Track stuck, not moving for 10 steps.
  Current  phys volume: 'Crystal'
   - at position : (26.29203484053803,-27.57424348815275,35.94229202140694)
     in direction: (-0.7232476920767651,-0.6896165084852133,-0.03663123162407333)
    (local position: (26.29203484053803,-27.57424348815275,35.94229202140694))
    (local direction: (-0.7232476920767651,-0.6896165084852133,-0.03663123162407333)).
  Previous phys volume: 'World'

  Likely geometry overlap - else navigation problem !
   *** Trying to get *unstuck* using a push - expanding step to 1e-07 (mm) ...       Potential overlap in geometry !

*** This is just a warning message. ***
-------- WWWW -------- G4Exception-END --------- WWWW -------


-------- WWWW ------- G4Exception-START -------- WWWW -------
*** G4Exception : GeomNav1002
      issued by : G4Navigator::ComputeStep()
Stuck Track: potential geometry or navigation problem.
  Track stuck, not moving for 10 steps.
  Current  phys volume: 'Crystal'
   - at position : (14.80445589313844,-35.10609755737767,-4.933977466164955)
     in direction: (-0.9134026365644008,-0.3851874741586659,-0.1316291505270339)
    (local position: (14.80445589313844,-35.10609755737767,-4.933977466164955))
    (local direction: (-0.9134026365644008,-0.3851874741586659,-0.1316291505270339)).
  Previous phys volume: 'World'

  Likely geometry overlap - else navigation problem !
   *** Trying to get *unstuck* using a push - expanding step to 1e-07 (mm) ...       Potential overlap in geometry !

*** This is just a warning message. ***
-------- WWWW -------- G4Exception-END --------- WWWW -------


-------- WWWW ------- G4Exception-START -------- WWWW -------
*** G4Exception : GeomNav1002
      issued by : G4Navigator::ComputeStep()
Stuck Track: potential geometry or navigation problem.
  Track stuck, not moving for 10 steps.
  Current  phys volume: 'Crystal'
   - at position : (-36.25723751297024,11.70567075942526,23.99260040033484)
     in direction: (-0.2647216899565865,-0.8199510634503862,-0.5075457421879427)
    (local position: (-36.25723751297024,11.70567075942526,23.99260040033484))
    (local direction: (-0.2647216899565865,-0.8199510634503862,-0.5075457421879427)).
  Previous phys volume: 'World'

  Likely geometry overlap - else navigation problem !
   *** Trying to get *unstuck* using a push - expanding step to 1e-07 (mm) ...       Potential overlap in geometry !

*** This is just a warning message. ***
-------- WWWW -------- G4Exception-END --------- WWWW -------


-------- WWWW ------- G4Exception-START -------- WWWW -------
*** G4Exception : GeomNav1002
      issued by : G4Navigator::ComputeStep()
Stuck Track: potential geometry or navigation problem.
  Track stuck, not moving for 10 steps.
  Current  phys volume: 'Crystal'
   - at position : (34.37922882729198,16.42189469095135,-2.198505007885387)
     in direction: (-0.4310100998835281,0.9023194417958703,-0.007065320628268658)
    (local position: (34.37922882729198,16.42189469095135,-2.198505007885387))
    (local direction: (-0.4310100998835281,0.9023194417958703,-0.007065320628268658)).
  Previous phys volume: 'World'

  Likely geometry overlap - else navigation problem !
   *** Trying to get *unstuck* using a push - expanding step to 1e-07 (mm) ...       Potential overlap in geometry !

*** This is just a warning message. ***
-------- WWWW -------- G4Exception-END --------- WWWW -------


-------- WWWW ------- G4Exception-START -------- WWWW -------
*** G4Exception : GeomNav1002
      issued by : G4Navigator::ComputeStep()
Stuck Track: potential geometry or navigation problem.
  Track stuck, not moving for 10 steps.
  Current  phys volume: 'Crystal'
   - at position : (37.34268027699011,-7.558718788954511,-24.9795898721851)
     in direction: (-0.1968145922206986,-0.9723320309102661,0.125834963165718)
    (local position: (37.34268027699011,-7.558718788954511,-24.9795898721851))
    (local direction: (-0.1968145922206986,-0.9723320309102661,0.125834963165718)).
  Previous phys volume: 'World'

  Likely geometry overlap - else navigation problem !
   *** Trying to get *unstuck* using a push - expanding step to 1e-07 (mm) ...       Potential overlap in geometry !

*** This is just a warning message. ***
-------- WWWW -------- G4Exception-END --------- WWWW -------


-------- WWWW ------- G4Exception-START -------- WWWW -------
*** G4Exception : GeomNav1002
      issued by : G4Navigator::ComputeStep()
Stuck Track: potential geometry or navigation problem.
  Track stuck, not moving for 10 steps.
  Current  phys volume: 'Crystal'
   - at position : (-37.32865537341174,7.627679071189265,-33.93536434205302)
     in direction: (-0.1766742276496176,-0.8646157364179748,-0.4703465165415967)
    (local position: (-37.32865537341174,7.627679071189265,-33.93536434205302))
    (local direction: (-0.1766742276496176,-0.8646157364179748,-0.4703465165415967)).
  Previous phys volume: 'World'

  Likely geometry overlap - else navigation problem !
   *** Trying to get *unstuck* using a push - expanding step to 1e-07 (mm) ...       Potential overlap in geometry !

*** This is just a warning message. ***
-------- WWWW -------- G4Exception-END --------- WWWW -------


-------- WWWW ------- G4Exception-START -------- WWWW -------
*** G4Exception : GeomNav1002
      issued by : G4Navigator::ComputeStep()
Stuck Track: potential geometry or navigation problem.
  Track stuck, not moving for 10 steps.
  Current  phys volume: 'Crystal'
   - at position : (-38.08503172201483,-1.067875804166627,-11.65032905128958)
     in direction: (0.02688848800701283,-0.9589588177843105,0.2822675946799674)
    (local position: (-38.08503172201483,-1.067875804166627,-11.65032905128958))
    (local direction: (0.02688848800701283,-0.9589588177843105,0.2822675946799674)).
  Previous phys volume: 'World'

  Likely geometry overlap - else navigation problem !
   *** Trying to get *unstuck* using a push - expanding step to 1e-07 (mm) ...       Potential overlap in geometry !

*** This is just a warning message. ***
-------- WWWW -------- G4Exception-END --------- WWWW -------


-------- WWWW ------- G4Exception-START -------- WWWW -------
*** G4Exception : GeomNav1002
      issued by : G4Navigator::ComputeStep()
Stuck Track: potential geometry or navigation problem.
  Track stuck, not moving for 10 steps.
  Current  phys volume: 'Crystal'
   - at position : (37.76202200160745,5.063565379267366,-6.155897160856318)
     in direction: (-0.1301966459796323,0.9709539112793504,0.2007419625962284)
    (local position: (37.76202200160745,5.063565379267366,-6.155897160856318))
    (local direction: (-0.1301966459796323,0.9709539112793504,0.2007419625962284)).
  Previous phys volume: 'World'

  Likely geometry overlap - else navigation problem !
   *** Trying to get *unstuck* using a push - expanding step to 1e-07 (mm) ...       Potential overlap in geometry !

*** This is just a warning message. ***
-------- WWWW -------- G4Exception-END --------- WWWW -------


-------- WWWW ------- G4Exception-START -------- WWWW -------
*** G4Exception : GeomNav1002
      issued by : G4Navigator::ComputeStep()
Stuck Track: potential geometry or navigation problem.
  Track stuck, not moving for 10 steps.
  Current  phys volume: 'Crystal'
   - at position : (-15.96342936053566,-34.59449266937135,37.62404269230274)
     in direction: (0.8962560880566356,-0.413572208946116,0.1602593292412224)
    (local position: (-15.96342936053566,-34.59449266937135,37.62404269230274))
    (local direction: (0.8962560880566356,-0.413572208946116,0.1602593292412224)).
  Previous phys volume: 'World'

  Likely geometry overlap - else navigation problem !
   *** Trying to get *unstuck* using a push - expanding step to 1e-07 (mm) ...       Potential overlap in geometry !

*** This is just a warning message. ***
-------- WWWW -------- G4Exception-END --------- WWWW -------


-------- WWWW ------- G4Exception-START -------- WWWW -------
*** G4Exception : GeomNav1002
      issued by : G4Navigator::ComputeStep()
Stuck Track: potential geometry or navigation problem.
  Track stuck, not moving for 10 steps.
  Current  phys volume: 'Crystal'
   - at position : (38.09243516158305,-0.7591992232550281,34.41900911676729)
     in direction: (-0.01984858533263902,-0.9958926809632839,0.08833912872592697)
    (local position: (38.09243516158305,-0.7591992232550281,34.41900911676729))
    (local direction: (-0.01984858533263902,-0.9958926809632839,0.08833912872592697)).
  Previous phys volume: 'World'

  Likely geometry overlap - else navigation problem !
   *** Trying to get *unstuck* using a push - expanding step to 1e-07 (mm) ...       Potential overlap in geometry !

*** This is just a warning message. ***
-------- WWWW -------- G4Exception-END --------- WWWW -------


-------- WWWW ------- G4Exception-START -------- WWWW -------
*** G4Exception : GeomNav1002
      issued by : G4Navigator::ComputeStep()
Stuck Track: potential geometry or navigation problem.
  Track stuck, not moving for 10 steps.
  Current  phys volume: 'Crystal'
   - at position : (28.59536003717056,-25.17767630947282,23.63940121584403)
     in direction: (0.6520048911805513,0.7405097428426853,0.1628954960448499)
    (local position: (28.59536003717056,-25.17767630947282,23.63940121584403))
    (local direction: (0.6520048911805513,0.7405097428426853,0.1628954960448499)).
  Previous phys volume: 'World'

  Likely geometry overlap - else navigation problem !
   *** Trying to get *unstuck* using a push - expanding step to 1e-07 (mm) ...       Potential overlap in geometry !

*** This is just a warning message. ***
-------- WWWW -------- G4Exception-END --------- WWWW -------


-------- WWWW ------- G4Exception-START -------- WWWW -------
*** G4Exception : GeomNav1002
      issued by : G4Navigator::ComputeStep()
Stuck Track: potential geometry or navigation problem.
  Track stuck, not moving for 10 steps.
  Current  phys volume: 'Crystal'
   - at position : (-10.30967751230863,36.67861160938617,-30.95777546703723)
     in direction: (-0.9466118628666164,-0.2660750395738293,-0.1820166321960161)
    (local position: (-10.30967751230863,36.67861160938617,-30.95777546703723))
    (local direction: (-0.9466118628666164,-0.2660750395738293,-0.1820166321960161)).
  Previous phys volume: 'World'

  Likely geometry overlap - else navigation problem !
   *** Trying to get *unstuck* using a push - expanding step to 1e-07 (mm) ...       Potential overlap in geometry !

*** This is just a warning message. ***
-------- WWWW -------- G4Exception-END --------- WWWW -------


-------- WWWW ------- G4Exception-START -------- WWWW -------
*** G4Exception : GeomNav1002
      issued by : G4Navigator::ComputeStep()
Stuck Track: potential geometry or navigation problem.
  Track stuck, not moving for 10 steps.
  Current  phys volume: 'Crystal'
   - at position : (23.96567478836119,-29.61851501913134,26.39743417220715)
     in direction: (-0.7295136968675345,-0.5902823960448235,-0.3455089854146275)
    (local position: (23.96567478836119,-29.61851501913134,26.39743417220715))
    (local direction: (-0.7295136968675345,-0.5902823960448235,-0.3455089854146275)).
  Previous phys volume: 'World'

  Likely geometry overlap - else navigation problem !
   *** Trying to get *unstuck* using a push - expanding step to 1e-07 (mm) ...       Potential overlap in geometry !

*** This is just a warning message. ***
-------- WWWW -------- G4Exception-END --------- WWWW -------


-------- WWWW ------- G4Exception-START -------- WWWW -------
*** G4Exception : GeomNav1002
      issued by : G4Navigator::ComputeStep()
Stuck Track: potential geometry or navigation problem.
  Track stuck, not moving for 10 steps.
  Current  phys volume: 'Crystal'
   - at position : (-37.91308697690206,-3.769328306457142,16.53325440024409)
     in direction: (0.09869467773260102,-0.9927020404732032,0.06929660473354497)
    (local position: (-37.91308697690206,-3.769328306457142,16.53325440024409))
    (local direction: (0.09869467773260102,-0.9927020404732032,0.06929660473354497)).
  Previous phys volume: 'World'

  Likely geometry overlap - else navigation problem !
   *** Trying to get *unstuck* using a push - expanding step to 1e-07 (mm) ...       Potential overlap in geometry !

*** This is just a warning message. ***
-------- WWWW -------- G4Exception-END --------- WWWW -------


-------- WWWW ------- G4Exception-START -------- WWWW -------
*** G4Exception : GeomNav1002
      issued by : G4Navigator::ComputeStep()
Stuck Track: potential geometry or navigation problem.
  Track stuck, not moving for 10 steps.
  Current  phys volume: 'Crystal'
   - at position : (-26.5803554404573,27.29642292790306,1.468733887818459)
     in direction: (0.7023000852242713,0.6838766361596167,-0.1977051764850596)
    (local position: (-26.5803554404573,27.29642292790306,1.468733887818459))
    (local direction: (0.7023000852242713,0.6838766361596167,-0.1977051764850596)).
  Previous phys volume: 'World'

  Likely geometry overlap - else navigation problem !
   *** Trying to get *unstuck* using a push - expanding step to 1e-07 (mm) ...       Potential overlap in geometry !

*** This is just a warning message. ***
-------- WWWW -------- G4Exception-END --------- WWWW -------


-------- WWWW ------- G4Exception-START -------- WWWW -------
*** G4Exception : GeomNav1002
      issued by : G4Navigator::ComputeStep()
Stuck Track: potential geometry or navigation problem.
  Track stuck, not moving for 10 steps.
  Current  phys volume: 'Crystal'
   - at position : (-36.12482084156457,-12.10815093913443,13.90073333173316)
     in direction: (-0.3096396508581005,0.9238137985661017,0.2251474010406157)
    (local position: (-36.12482084156457,-12.10815093913443,13.90073333173316))
    (local direction: (-0.3096396508581005,0.9238137985661017,0.2251474010406157)).
  Previous phys volume: 'World'

  Likely geometry overlap - else navigation problem !
   *** Trying to get *unstuck* using a push - expanding step to 1e-07 (mm) ...       Potential overlap in geometry !

*** This is just a warning message. ***
-------- WWWW -------- G4Exception-END --------- WWWW -------


-------- WWWW ------- G4Exception-START -------- WWWW -------
*** G4Exception : GeomNav1002
      issued by : G4Navigator::ComputeStep()
Stuck Track: potential geometry or navigation problem.
  Track stuck, not moving for 10 steps.
  Current  phys volume: 'Crystal'
   - at position : (34.97218999274657,15.11806624906891,-6.839962840093161)
     in direction: (-0.05466971141939898,0.1264658788438363,-0.9904633280145084)
    (local position: (34.97218999274657,15.11806624906891,-6.839962840093161))
    (local direction: (-0.05466971141939898,0.1264658788438363,-0.9904633280145084)).
  Previous phys volume: 'World'

  Likely geometry overlap - else navigation problem !
   *** Trying to get *unstuck* using a push - expanding step to 1e-07 (mm) ...       Potential overlap in geometry !

*** This is just a warning message. ***
-------- WWWW -------- G4Exception-END --------- WWWW -------


-------- WWWW ------- G4Exception-START -------- WWWW -------
*** G4Exception : GeomNav1002
      issued by : G4Navigator::ComputeStep()
Stuck Track: potential geometry or navigation problem.
  Track stuck, not moving for 10 steps.
  Current  phys volume: 'Crystal'
   - at position : (-37.37042726804653,-7.420321138848685,-21.9941967592549)
     in direction: (0.1723971979788688,-0.8682315532888026,-0.4652452858468833)
    (local position: (-37.37042726804653,-7.420321138848685,-21.9941967592549))
    (local direction: (0.1723971979788688,-0.8682315532888026,-0.4652452858468833)).
  Previous phys volume: 'World'

  Likely geometry overlap - else navigation problem !
   *** Trying to get *unstuck* using a push - expanding step to 1e-07 (mm) ...       Potential overlap in geometry !

*** This is just a warning message. ***
-------- WWWW -------- G4Exception-END --------- WWWW -------


-------- WWWW ------- G4Exception-START -------- WWWW -------
*** G4Exception : GeomNav1002
      issued by : G4Navigator::ComputeStep()
Stuck Track: potential geometry or navigation problem.
  Track stuck, not moving for 10 steps.
  Current  phys volume: 'Crystal'
   - at position : (8.394702735967741,37.16367804691478,-28.27417823558984)
     in direction: (0.7021287124399654,-0.1586000668685323,0.6941622936725198)
    (local position: (8.394702735967741,37.16367804691478,-28.27417823558984))
    (local direction: (0.7021287124399654,-0.1586000668685323,0.6941622936725198)).
  Previous phys volume: 'World'

  Likely geometry overlap - else navigation problem !
   *** Trying to get *unstuck* using a push - expanding step to 1e-07 (mm) ...       Potential overlap in geometry !

*** This is just a warning message. ***
-------- WWWW -------- G4Exception-END --------- WWWW -------


-------- WWWW ------- G4Exception-START -------- WWWW -------
*** G4Exception : GeomNav1002
      issued by : G4Navigator::ComputeStep()
Stuck Track: potential geometry or navigation problem.
  Track stuck, not moving for 10 steps.
  Current  phys volume: 'Crystal'
   - at position : (-3.804593727441632,37.9095643152109,15.2631361537791)
     in direction: (-0.7308717211627856,-0.0733500903038522,0.678561928976983)
    (local position: (-3.804593727441632,37.9095643152109,15.2631361537791))
    (local direction: (-0.7308717211627856,-0.0733500903038522,0.678561928976983)).
  Previous phys volume: 'World'

  Likely geometry overlap - else navigation problem !
   *** Trying to get *unstuck* using a push - expanding step to 1e-07 (mm) ...       Potential overlap in geometry !

*** This is just a warning message. ***
-------- WWWW -------- G4Exception-END --------- WWWW -------


-------- WWWW ------- G4Exception-START -------- WWWW -------
*** G4Exception : GeomNav1002
      issued by : G4Navigator::ComputeStep()
Stuck Track: potential geometry or navigation problem.
  Track stuck, not moving for 10 steps.
  Current  phys volume: 'Crystal'
   - at position : (-31.23785779915995,21.81298329251325,-7.05347359261463)
     in direction: (0.4683470194658301,0.6707086966758657,0.575152947971959)
    (local position: (-31.23785779915995,21.81298329251325,-7.05347359261463))
    (local direction: (0.4683470194658301,0.6707086966758657,0.575152947971959)).
  Previous phys volume: 'World'

  Likely geometry overlap - else navigation problem !
   *** Trying to get *unstuck* using a push - expanding step to 1e-07 (mm) ...       Potential overlap in geometry !

*** This is just a warning message. ***
-------- WWWW -------- G4Exception-END --------- WWWW -------


-------- WWWW ------- G4Exception-START -------- WWWW -------
*** G4Exception : GeomNav1002
      issued by : G4Navigator::ComputeStep()
Stuck Track: potential geometry or navigation problem.
  Track stuck, not moving for 10 steps.
  Current  phys volume: 'Crystal'
   - at position : (1.543172575224229,-38.0687354452847,6.425900695764746)
     in direction: (-0.9989792750584864,-0.0404951045117674,-0.02001385805391334)
    (local position: (1.543172575224229,-38.0687354452847,6.425900695764746))
    (local direction: (-0.9989792750584864,-0.0404951045117674,-0.02001385805391334)).
  Previous phys volume: 'World'

  Likely geometry overlap - else navigation problem !
   *** Trying to get *unstuck* using a push - expanding step to 1e-07 (mm) ...       Potential overlap in geometry !

*** This is just a warning message. ***
-------- WWWW -------- G4Exception-END --------- WWWW -------


-------- WWWW ------- G4Exception-START -------- WWWW -------
*** G4Exception : GeomNav1002
      issued by : G4Navigator::ComputeStep()
Stuck Track: potential geometry or navigation problem.
  Track stuck, not moving for 10 steps.
  Current  phys volume: 'Crystal'
   - at position : (11.55096082708739,36.30682172775651,18.11676565003625)
     in direction: (0.8722510681908643,-0.2775053678784344,-0.4027019305125704)
    (local position: (11.55096082708739,36.30682172775651,18.11676565003625))
    (local direction: (0.8722510681908643,-0.2775053678784344,-0.4027019305125704)).
  Previous phys volume: 'World'

  Likely geometry overlap - else navigation problem !
   *** Trying to get *unstuck* using a push - expanding step to 1e-07 (mm) ...       Potential overlap in geometry !

*** This is just a warning message. ***
-------- WWWW -------- G4Exception-END --------- WWWW -------


-------- WWWW ------- G4Exception-START -------- WWWW -------
*** G4Exception : GeomNav1002
      issued by : G4Navigator::ComputeStep()
Stuck Track: potential geometry or navigation problem.
  Track stuck, not moving for 10 steps.
  Current  phys volume: 'Crystal'
   - at position : (-38.05528118975728,1.845419618543622,24.87649411637278)
     in direction: (-0.04088115830592179,-0.8430299315461975,0.5363107918108491)
    (local position: (-38.05528118975728,1.845419618543622,24.87649411637278))
    (local direction: (-0.04088115830592179,-0.8430299315461975,0.5363107918108491)).
  Previous phys volume: 'World'

  Likely geometry overlap - else navigation problem !
   *** Trying to get *unstuck* using a push - expanding step to 1e-07 (mm) ...       Potential overlap in geometry !

*** This is just a warning message. ***
-------- WWWW -------- G4Exception-END --------- WWWW -------


-------- WWWW ------- G4Exception-START -------- WWWW -------
*** G4Exception : GeomNav1002
      issued by : G4Navigator::ComputeStep()
Stuck Track: potential geometry or navigation problem.
  Track stuck, not moving for 10 steps.
  Current  phys volume: 'Crystal'
   - at position : (-24.62905822646016,29.06921895885122,-12.10120342018428)
     in direction: (0.7600784804304346,0.6439807405111075,0.0870029277514684)
    (local position: (-24.62905822646016,29.06921895885122,-12.10120342018428))
    (local direction: (0.7600784804304346,0.6439807405111075,0.0870029277514684)).
  Previous phys volume: 'World'

  Likely geometry overlap - else navigation problem !
   *** Trying to get *unstuck* using a push - expanding step to 1e-07 (mm) ...       Potential overlap in geometry !

*** This is just a warning message. ***
-------- WWWW -------- G4Exception-END --------- WWWW -------


-------- WWWW ------- G4Exception-START -------- WWWW -------
*** G4Exception : GeomNav1002
      issued by : G4Navigator::ComputeStep()
Stuck Track: potential geometry or navigation problem.
  Track stuck, not moving for 10 steps.
  Current  phys volume: 'Crystal'
   - at position : (-32.55625359430525,19.79142116936746,-24.41267136117067)
     in direction: (-0.4879826450838006,-0.8027158134332111,-0.3428122823955933)
    (local position: (-32.55625359430525,19.79142116936746,-24.41267136117067))
    (local direction: (-0.4879826450838006,-0.8027158134332111,-0.3428122823955933)).
  Previous phys volume: 'World'

  Likely geometry overlap - else navigation problem !
   *** Trying to get *unstuck* using a push - expanding step to 1e-07 (mm) ...       Potential overlap in geometry !

*** This is just a warning message. ***
-------- WWWW -------- G4Exception-END --------- WWWW -------


-------- WWWW ------- G4Exception-START -------- WWWW -------
*** G4Exception : GeomNav1002
      issued by : G4Navigator::ComputeStep()
Stuck Track: potential geometry or navigation problem.
  Track stuck, not moving for 10 steps.
  Current  phys volume: 'Crystal'
   - at position : (-6.976126728637629,37.45588946835981,23.61458716053578)
     in direction: (0.9159391235650259,0.1705928624950818,-0.3632541771111056)
    (local position: (-6.976126728637629,37.45588946835981,23.61458716053578))
    (local direction: (0.9159391235650259,0.1705928624950818,-0.3632541771111056)).
  Previous phys volume: 'World'

  Likely geometry overlap - else navigation problem !
   *** Trying to get *unstuck* using a push - expanding step to 1e-07 (mm) ...       Potential overlap in geometry !

*** This is just a warning message. ***
-------- WWWW -------- G4Exception-END --------- WWWW -------


-------- WWWW ------- G4Exception-START -------- WWWW -------
*** G4Exception : GeomNav1002
      issued by : G4Navigator::ComputeStep()
Stuck Track: potential geometry or navigation problem.
  Track stuck, not moving for 10 steps.
  Current  phys volume: 'Crystal'
   - at position : (23.85284228065332,29.70945834468002,-15.59988230699282)
     in direction: (0.7797754948890671,-0.6260585998612769,0.0008983931478996119)
    (local position: (23.85284228065332,29.70945834468002,-15.59988230699282))
    (local direction: (0.7797754948890671,-0.6260585998612769,0.0008983931478996119)).
  Previous phys volume: 'World'

  Likely geometry overlap - else navigation problem !
   *** Trying to get *unstuck* using a push - expanding step to 1e-07 (mm) ...       Potential overlap in geometry !

*** This is just a warning message. ***
-------- WWWW -------- G4Exception-END --------- WWWW -------


-------- WWWW ------- G4Exception-START -------- WWWW -------
*** G4Exception : GeomNav1002
      issued by : G4Navigator::ComputeStep()
Stuck Track: potential geometry or navigation problem.
  Track stuck, not moving for 10 steps.
  Current  phys volume: 'Crystal'
   - at position : (32.97994379518816,19.07703612373343,11.14068918598843)
     in direction: (-0.4973895109333101,0.8598756121496718,0.1149678478695237)
    (local position: (32.97994379518816,19.07703612373343,11.14068918598843))
    (local direction: (-0.4973895109333101,0.8598756121496718,0.1149678478695237)).
  Previous phys volume: 'World'

  Likely geometry overlap - else navigation problem !
   *** Trying to get *unstuck* using a push - expanding step to 1e-07 (mm) ...       Potential overlap in geometry !

*** This is just a warning message. ***
-------- WWWW -------- G4Exception-END --------- WWWW -------


-------- WWWW ------- G4Exception-START -------- WWWW -------
*** G4Exception : GeomNav1002
      issued by : G4Navigator::ComputeStep()
Stuck Track: potential geometry or navigation problem.
  Track stuck, not moving for 10 steps.
  Current  phys volume: 'Crystal'
   - at position : (-11.97555961093851,-36.16899185773441,-1.375350697890589)
     in direction: (-0.823670915505244,0.2727175860258335,0.4971834080326855)
    (local position: (-11.97555961093851,-36.16899185773441,-1.375350697890589))
    (local direction: (-0.823670915505244,0.2727175860258335,0.4971834080326855)).
  Previous phys volume: 'World'

  Likely geometry overlap - else navigation problem !
   *** Trying to get *unstuck* using a push - expanding step to 1e-07 (mm) ...       Potential overlap in geometry !

*** This is just a warning message. ***
-------- WWWW -------- G4Exception-END --------- WWWW -------


-------- WWWW ------- G4Exception-START -------- WWWW -------
*** G4Exception : GeomNav1002
      issued by : G4Navigator::ComputeStep()
Stuck Track: potential geometry or navigation problem.
  Track stuck, not moving for 10 steps.
  Current  phys volume: 'Crystal'
   - at position : (-14.43694402347679,-35.25882367951316,5.877228496961205)
     in direction: (-0.8435359414748715,0.3453910226715673,-0.4112811166319104)
    (local position: (-14.43694402347679,-35.25882367951316,5.877228496961205))
    (local direction: (-0.8435359414748715,0.3453910226715673,-0.4112811166319104)).
  Previous phys volume: 'World'

  Likely geometry overlap - else navigation problem !
   *** Trying to get *unstuck* using a push - expanding step to 1e-07 (mm) ...       Potential overlap in geometry !

*** This is just a warning message. ***
-------- WWWW -------- G4Exception-END --------- WWWW -------


-------- WWWW ------- G4Exception-START -------- WWWW -------
*** G4Exception : GeomNav1002
      issued by : G4Navigator::ComputeStep()
Stuck Track: potential geometry or navigation problem.
  Track stuck, not moving for 10 steps.
  Current  phys volume: 'Crystal'
   - at position : (-0.5426693130397247,-38.09613510602729,-32.50245602786138)
     in direction: (-0.9609696439539028,0.01368875701131148,0.2763149676195528)
    (local position: (-0.5426693130397247,-38.09613510602729,-32.50245602786138))
    (local direction: (-0.9609696439539028,0.01368875701131148,0.2763149676195528)).
  Previous phys volume: 'World'

  Likely geometry overlap - else navigation problem !
   *** Trying to get *unstuck* using a push - expanding step to 1e-07 (mm) ...       Potential overlap in geometry !

*** This is just a warning message. ***
-------- WWWW -------- G4Exception-END --------- WWWW -------


-------- WWWW ------- G4Exception-START -------- WWWW -------
*** G4Exception : GeomNav1002
      issued by : G4Navigator::ComputeStep()
Stuck Track: potential geometry or navigation problem.
  Track stuck, not moving for 10 steps.
  Current  phys volume: 'Crystal'
   - at position : (-16.49853770620391,-34.34251379204743,29.14227433054)
     in direction: (-0.8381322932911273,0.4026483712689929,0.3679790049133008)
    (local position: (-16.49853770620391,-34.34251379204743,29.14227433054))
    (local direction: (-0.8381322932911273,0.4026483712689929,0.3679790049133008)).
  Previous phys volume: 'World'

  Likely geometry overlap - else navigation problem !
   *** Trying to get *unstuck* using a push - expanding step to 1e-07 (mm) ...       Potential overlap in geometry !

*** This is just a warning message. ***
-------- WWWW -------- G4Exception-END --------- WWWW -------


-------- WWWW ------- G4Exception-START -------- WWWW -------
*** G4Exception : GeomNav1002
      issued by : G4Navigator::ComputeStep()
Stuck Track: potential geometry or navigation problem.
  Track stuck, not moving for 10 steps.
  Current  phys volume: 'Crystal'
   - at position : (-16.51725672030974,-34.33351468223699,1.264499221086628)
     in direction: (0.8656736759952878,-0.4164605480902303,0.2777943458265313)
    (local position: (-16.51725672030974,-34.33351468223699,1.264499221086628))
    (local direction: (0.8656736759952878,-0.4164605480902303,0.2777943458265313)).
  Previous phys volume: 'World'

  Likely geometry overlap - else navigation problem !
   *** Trying to get *unstuck* using a push - expanding step to 1e-07 (mm) ...       Potential overlap in geometry !

*** This is just a warning message. ***
-------- WWWW -------- G4Exception-END --------- WWWW -------


=== run summary ===
events: 150
geometry: crystal=cylinder d=76.2mm L=76.2mm surface=polished/teflon/air reflectivity=0.99 (polishedteflonair, model=lut) coupling=grease n=1.465 readout=76.2mm
output: /work/runs_scratch/diag/plain.csv
===================
